
Working on n=01, k=01, i=00
Lower and upper bounds are equal
Minimum sum: 1
Continuous lower bound achieved.
This is a flower.
Elapsed time: 0.015708208084106445 seconds.

Working on n=01, k=01, i=01
Loading data from clique_data.json
Lower and upper bounds are equal
Minimum sum: 1
Continuous lower bound achieved.
This is a flower.
Elapsed time: 0.012865543365478516 seconds.

Working on n=01, k=02, i=00
Loading data from clique_data.json
Lower and upper bounds are equal
Minimum sum: 2
Continuous lower bound achieved.
This is a flower.
The is the sum of cliques
Elapsed time: 0.012750864028930664 seconds.

Working on n=01, k=02, i=01
Loading data from clique_data.json
Lower and upper bounds are equal
Minimum sum: 2
Continuous lower bound achieved.
This is a flower.
The is the sum of cliques
Elapsed time: 0.006754159927368164 seconds.

Working on n=01, k=02, i=02
Loading data from clique_data.json
Lower and upper bounds are equal
Minimum sum: 2
Continuous lower bound achieved.
This is a flower.
The is the sum of cliques
Elapsed time: 0.7729971408843994 seconds.

Working on n=01, k=03, i=00
Loading data from clique_data.json
Lower and upper bounds are equal
Minimum sum: 3
Continuous lower bound achieved.
This is a flower.
The is the sum of cliques
Elapsed time: 0.031391143798828125 seconds.

Working on n=01, k=03, i=01
Loading data from clique_data.json
Lower and upper bounds are equal
Minimum sum: 3
Continuous lower bound achieved.
This is a flower.
The is the sum of cliques
Elapsed time: 0.012599945068359375 seconds.

Working on n=01, k=03, i=02
Loading data from clique_data.json
Lower and upper bounds are equal
Minimum sum: 3
Continuous lower bound achieved.
This is a flower.
The is the sum of cliques
Elapsed time: 0.01674175262451172 seconds.

Working on n=01, k=03, i=03
Loading data from clique_data.json
Lower and upper bounds are equal
Minimum sum: 3
Continuous lower bound achieved.
This is a flower.
The is the sum of cliques
Elapsed time: 0.013423681259155273 seconds.

Working on n=01, k=04, i=00
Loading data from clique_data.json
Lower and upper bounds are equal
Minimum sum: 4
Continuous lower bound achieved.
This is a flower.
The is the sum of cliques
Elapsed time: 0.01169729232788086 seconds.

Working on n=01, k=04, i=01
Loading data from clique_data.json
Lower and upper bounds are equal
Minimum sum: 4
Continuous lower bound achieved.
This is a flower.
The is the sum of cliques
Elapsed time: 0.013626813888549805 seconds.

Working on n=01, k=04, i=02
Loading data from clique_data.json
Lower and upper bounds are equal
Minimum sum: 4
Continuous lower bound achieved.
This is a flower.
The is the sum of cliques
Elapsed time: 0.014997005462646484 seconds.

Working on n=01, k=04, i=03
Loading data from clique_data.json
Lower and upper bounds are equal
Minimum sum: 4
Continuous lower bound achieved.
This is a flower.
The is the sum of cliques
Elapsed time: 0.007724761962890625 seconds.

Working on n=01, k=04, i=04
Loading data from clique_data.json
Lower and upper bounds are equal
Minimum sum: 4
Continuous lower bound achieved.
This is a flower.
The is the sum of cliques
Elapsed time: 0.01163792610168457 seconds.

Working on n=01, k=05, i=00
Loading data from clique_data.json
Lower and upper bounds are equal
Minimum sum: 5
Continuous lower bound achieved.
This is a flower.
The is the sum of cliques
Elapsed time: 0.010823726654052734 seconds.

Working on n=01, k=05, i=01
Loading data from clique_data.json
Lower and upper bounds are equal
Minimum sum: 5
Continuous lower bound achieved.
This is a flower.
The is the sum of cliques
Elapsed time: 0.008472204208374023 seconds.

Working on n=01, k=05, i=02
Loading data from clique_data.json
Lower and upper bounds are equal
Minimum sum: 5
Continuous lower bound achieved.
This is a flower.
The is the sum of cliques
Elapsed time: 0.007123708724975586 seconds.

Working on n=01, k=05, i=03
Loading data from clique_data.json
Lower and upper bounds are equal
Minimum sum: 5
Continuous lower bound achieved.
This is a flower.
The is the sum of cliques
Elapsed time: 0.007682323455810547 seconds.

Working on n=01, k=05, i=04
Loading data from clique_data.json
Lower and upper bounds are equal
Minimum sum: 5
Continuous lower bound achieved.
This is a flower.
The is the sum of cliques
Elapsed time: 0.022226333618164062 seconds.

Working on n=01, k=05, i=05
Loading data from clique_data.json
Lower and upper bounds are equal
Minimum sum: 5
Continuous lower bound achieved.
This is a flower.
The is the sum of cliques
Elapsed time: 0.009169340133666992 seconds.

Working on n=01, k=06, i=00
Loading data from clique_data.json
Lower and upper bounds are equal
Minimum sum: 6
Continuous lower bound achieved.
This is a flower.
The is the sum of cliques
Elapsed time: 0.008938074111938477 seconds.

Working on n=01, k=06, i=01
Loading data from clique_data.json
Lower and upper bounds are equal
Minimum sum: 6
Continuous lower bound achieved.
This is a flower.
The is the sum of cliques
Elapsed time: 0.00962209701538086 seconds.

Working on n=01, k=06, i=02
Loading data from clique_data.json
Lower and upper bounds are equal
Minimum sum: 6
Continuous lower bound achieved.
This is a flower.
The is the sum of cliques
Elapsed time: 0.012612342834472656 seconds.

Working on n=01, k=06, i=03
Loading data from clique_data.json
Lower and upper bounds are equal
Minimum sum: 6
Continuous lower bound achieved.
This is a flower.
The is the sum of cliques
Elapsed time: 0.008974313735961914 seconds.

Working on n=01, k=06, i=04
Loading data from clique_data.json
Lower and upper bounds are equal
Minimum sum: 6
Continuous lower bound achieved.
This is a flower.
The is the sum of cliques
Elapsed time: 0.00809478759765625 seconds.

Working on n=01, k=06, i=05
Loading data from clique_data.json
Lower and upper bounds are equal
Minimum sum: 6
Continuous lower bound achieved.
This is a flower.
The is the sum of cliques
Elapsed time: 0.008981943130493164 seconds.

Working on n=01, k=06, i=06
Loading data from clique_data.json
Lower and upper bounds are equal
Minimum sum: 6
Continuous lower bound achieved.
This is a flower.
The is the sum of cliques
Elapsed time: 0.01120448112487793 seconds.

Working on n=01, k=07, i=00
Loading data from clique_data.json
Lower and upper bounds are equal
Minimum sum: 7
Continuous lower bound achieved.
This is a flower.
The is the sum of cliques
Elapsed time: 0.010640621185302734 seconds.

Working on n=01, k=07, i=01
Loading data from clique_data.json
Lower and upper bounds are equal
Minimum sum: 7
Continuous lower bound achieved.
This is a flower.
The is the sum of cliques
Elapsed time: 0.017607688903808594 seconds.

Working on n=01, k=07, i=02
Loading data from clique_data.json
Lower and upper bounds are equal
Minimum sum: 7
Continuous lower bound achieved.
This is a flower.
The is the sum of cliques
Elapsed time: 0.011192798614501953 seconds.

Working on n=01, k=07, i=03
Loading data from clique_data.json
Lower and upper bounds are equal
Minimum sum: 7
Continuous lower bound achieved.
This is a flower.
The is the sum of cliques
Elapsed time: 0.02502155303955078 seconds.

Working on n=01, k=07, i=04
Loading data from clique_data.json
Lower and upper bounds are equal
Minimum sum: 7
Continuous lower bound achieved.
This is a flower.
The is the sum of cliques
Elapsed time: 0.013546228408813477 seconds.

Working on n=01, k=07, i=05
Loading data from clique_data.json
Lower and upper bounds are equal
Minimum sum: 7
Continuous lower bound achieved.
This is a flower.
The is the sum of cliques
Elapsed time: 0.014212846755981445 seconds.

Working on n=01, k=07, i=06
Loading data from clique_data.json
Lower and upper bounds are equal
Minimum sum: 7
Continuous lower bound achieved.
This is a flower.
The is the sum of cliques
Elapsed time: 0.02365899085998535 seconds.

Working on n=01, k=07, i=07
Loading data from clique_data.json
Lower and upper bounds are equal
Minimum sum: 7
Continuous lower bound achieved.
This is a flower.
The is the sum of cliques
Elapsed time: 0.014706850051879883 seconds.

Working on n=01, k=08, i=00
Loading data from clique_data.json
Lower and upper bounds are equal
Minimum sum: 8
Continuous lower bound achieved.
This is a flower.
The is the sum of cliques
Elapsed time: 0.023052215576171875 seconds.

Working on n=01, k=08, i=01
Loading data from clique_data.json
Lower and upper bounds are equal
Minimum sum: 8
Continuous lower bound achieved.
This is a flower.
The is the sum of cliques
Elapsed time: 0.01953601837158203 seconds.

Working on n=01, k=08, i=02
Loading data from clique_data.json
Lower and upper bounds are equal
Minimum sum: 8
Continuous lower bound achieved.
This is a flower.
The is the sum of cliques
Elapsed time: 0.012123346328735352 seconds.

Working on n=01, k=08, i=03
Loading data from clique_data.json
Lower and upper bounds are equal
Minimum sum: 8
Continuous lower bound achieved.
This is a flower.
The is the sum of cliques
Elapsed time: 0.01322174072265625 seconds.

Working on n=01, k=08, i=04
Loading data from clique_data.json
Lower and upper bounds are equal
Minimum sum: 8
Continuous lower bound achieved.
This is a flower.
The is the sum of cliques
Elapsed time: 0.012414932250976562 seconds.

Working on n=01, k=08, i=05
Loading data from clique_data.json
Lower and upper bounds are equal
Minimum sum: 8
Continuous lower bound achieved.
This is a flower.
The is the sum of cliques
Elapsed time: 0.01171731948852539 seconds.

Working on n=01, k=08, i=06
Loading data from clique_data.json
Lower and upper bounds are equal
Minimum sum: 8
Continuous lower bound achieved.
This is a flower.
The is the sum of cliques
Elapsed time: 0.012972354888916016 seconds.

Working on n=01, k=08, i=07
Loading data from clique_data.json
Lower and upper bounds are equal
Minimum sum: 8
Continuous lower bound achieved.
This is a flower.
The is the sum of cliques
Elapsed time: 0.017362594604492188 seconds.

Working on n=01, k=08, i=08
Loading data from clique_data.json
Lower and upper bounds are equal
Minimum sum: 8
Continuous lower bound achieved.
This is a flower.
The is the sum of cliques
Elapsed time: 0.011580228805541992 seconds.

Working on n=01, k=09, i=00
Loading data from clique_data.json
Lower and upper bounds are equal
Minimum sum: 9
Continuous lower bound achieved.
This is a flower.
The is the sum of cliques
Elapsed time: 0.019504070281982422 seconds.

Working on n=01, k=09, i=01
Loading data from clique_data.json
Lower and upper bounds are equal
Minimum sum: 9
Continuous lower bound achieved.
This is a flower.
The is the sum of cliques
Elapsed time: 0.02125692367553711 seconds.

Working on n=01, k=09, i=02
Loading data from clique_data.json
Lower and upper bounds are equal
Minimum sum: 9
Continuous lower bound achieved.
This is a flower.
The is the sum of cliques
Elapsed time: 0.015036344528198242 seconds.

Working on n=01, k=09, i=03
Loading data from clique_data.json
Lower and upper bounds are equal
Minimum sum: 9
Continuous lower bound achieved.
This is a flower.
The is the sum of cliques
Elapsed time: 0.012540102005004883 seconds.

Working on n=01, k=09, i=04
Loading data from clique_data.json
Lower and upper bounds are equal
Minimum sum: 9
Continuous lower bound achieved.
This is a flower.
The is the sum of cliques
Elapsed time: 0.015875577926635742 seconds.

Working on n=01, k=09, i=05
Loading data from clique_data.json
Lower and upper bounds are equal
Minimum sum: 9
Continuous lower bound achieved.
This is a flower.
The is the sum of cliques
Elapsed time: 0.014510631561279297 seconds.

Working on n=01, k=09, i=06
Loading data from clique_data.json
Lower and upper bounds are equal
Minimum sum: 9
Continuous lower bound achieved.
This is a flower.
The is the sum of cliques
Elapsed time: 0.015680789947509766 seconds.

Working on n=01, k=09, i=07
Loading data from clique_data.json
Lower and upper bounds are equal
Minimum sum: 9
Continuous lower bound achieved.
This is a flower.
The is the sum of cliques
Elapsed time: 0.016802310943603516 seconds.

Working on n=01, k=09, i=08
Loading data from clique_data.json
Lower and upper bounds are equal
Minimum sum: 9
Continuous lower bound achieved.
This is a flower.
The is the sum of cliques
Elapsed time: 0.01823902130126953 seconds.

Working on n=01, k=09, i=09
Loading data from clique_data.json
Lower and upper bounds are equal
Minimum sum: 9
Continuous lower bound achieved.
This is a flower.
The is the sum of cliques
Elapsed time: 0.01460886001586914 seconds.

Working on n=01, k=10, i=00
Loading data from clique_data.json
Lower and upper bounds are equal
Minimum sum: 10
Continuous lower bound achieved.
This is a flower.
The is the sum of cliques
Elapsed time: 0.014646530151367188 seconds.

Working on n=01, k=10, i=01
Loading data from clique_data.json
Lower and upper bounds are equal
Minimum sum: 10
Continuous lower bound achieved.
This is a flower.
The is the sum of cliques
Elapsed time: 0.01756763458251953 seconds.

Working on n=01, k=10, i=02
Loading data from clique_data.json
Lower and upper bounds are equal
Minimum sum: 10
Continuous lower bound achieved.
This is a flower.
The is the sum of cliques
Elapsed time: 0.02225518226623535 seconds.

Working on n=01, k=10, i=03
Loading data from clique_data.json
Lower and upper bounds are equal
Minimum sum: 10
Continuous lower bound achieved.
This is a flower.
The is the sum of cliques
Elapsed time: 0.015269279479980469 seconds.

Working on n=01, k=10, i=04
Loading data from clique_data.json
Lower and upper bounds are equal
Minimum sum: 10
Continuous lower bound achieved.
This is a flower.
The is the sum of cliques
Elapsed time: 0.01487278938293457 seconds.

Working on n=01, k=10, i=05
Loading data from clique_data.json
Lower and upper bounds are equal
Minimum sum: 10
Continuous lower bound achieved.
This is a flower.
The is the sum of cliques
Elapsed time: 0.014575719833374023 seconds.

Working on n=01, k=10, i=06
Loading data from clique_data.json
Lower and upper bounds are equal
Minimum sum: 10
Continuous lower bound achieved.
This is a flower.
The is the sum of cliques
Elapsed time: 0.019331932067871094 seconds.

Working on n=01, k=10, i=07
Loading data from clique_data.json
Lower and upper bounds are equal
Minimum sum: 10
Continuous lower bound achieved.
This is a flower.
The is the sum of cliques
Elapsed time: 0.016512155532836914 seconds.

Working on n=01, k=10, i=08
Loading data from clique_data.json
Lower and upper bounds are equal
Minimum sum: 10
Continuous lower bound achieved.
This is a flower.
The is the sum of cliques
Elapsed time: 0.02049088478088379 seconds.

Working on n=01, k=10, i=09
Loading data from clique_data.json
Lower and upper bounds are equal
Minimum sum: 10
Continuous lower bound achieved.
This is a flower.
The is the sum of cliques
Elapsed time: 0.027444124221801758 seconds.

Working on n=01, k=10, i=10
Loading data from clique_data.json
Lower and upper bounds are equal
Minimum sum: 10
Continuous lower bound achieved.
This is a flower.
The is the sum of cliques
Elapsed time: 0.022350788116455078 seconds.

Working on n=01, k=11, i=00
Loading data from clique_data.json
Lower and upper bounds are equal
Minimum sum: 11
Continuous lower bound achieved.
This is a flower.
The is the sum of cliques
Elapsed time: 0.023319482803344727 seconds.

Working on n=01, k=11, i=01
Loading data from clique_data.json
Lower and upper bounds are equal
Minimum sum: 11
Continuous lower bound achieved.
This is a flower.
The is the sum of cliques
Elapsed time: 0.021048307418823242 seconds.

Working on n=01, k=11, i=02
Loading data from clique_data.json
Lower and upper bounds are equal
Minimum sum: 11
Continuous lower bound achieved.
This is a flower.
The is the sum of cliques
Elapsed time: 0.020493745803833008 seconds.

Working on n=01, k=11, i=03
Loading data from clique_data.json
Lower and upper bounds are equal
Minimum sum: 11
Continuous lower bound achieved.
This is a flower.
The is the sum of cliques
Elapsed time: 0.02690577507019043 seconds.

Working on n=01, k=11, i=04
Loading data from clique_data.json
Lower and upper bounds are equal
Minimum sum: 11
Continuous lower bound achieved.
This is a flower.
The is the sum of cliques
Elapsed time: 0.01879119873046875 seconds.

Working on n=01, k=11, i=05
Loading data from clique_data.json
Lower and upper bounds are equal
Minimum sum: 11
Continuous lower bound achieved.
This is a flower.
The is the sum of cliques
Elapsed time: 0.023810386657714844 seconds.

Working on n=01, k=11, i=06
Loading data from clique_data.json
Lower and upper bounds are equal
Minimum sum: 11
Continuous lower bound achieved.
This is a flower.
The is the sum of cliques
Elapsed time: 0.01987600326538086 seconds.

Working on n=01, k=11, i=07
Loading data from clique_data.json
Lower and upper bounds are equal
Minimum sum: 11
Continuous lower bound achieved.
This is a flower.
The is the sum of cliques
Elapsed time: 0.018324613571166992 seconds.

Working on n=01, k=11, i=08
Loading data from clique_data.json
Lower and upper bounds are equal
Minimum sum: 11
Continuous lower bound achieved.
This is a flower.
The is the sum of cliques
Elapsed time: 0.030290603637695312 seconds.

Working on n=01, k=11, i=09
Loading data from clique_data.json
Lower and upper bounds are equal
Minimum sum: 11
Continuous lower bound achieved.
This is a flower.
The is the sum of cliques
Elapsed time: 0.021451711654663086 seconds.

Working on n=01, k=11, i=10
Loading data from clique_data.json
Lower and upper bounds are equal
Minimum sum: 11
Continuous lower bound achieved.
This is a flower.
The is the sum of cliques
Elapsed time: 0.025042057037353516 seconds.

Working on n=01, k=11, i=11
Loading data from clique_data.json
Lower and upper bounds are equal
Minimum sum: 11
Continuous lower bound achieved.
This is a flower.
The is the sum of cliques
Elapsed time: 0.022343873977661133 seconds.

Working on n=01, k=12, i=00
Loading data from clique_data.json
Lower and upper bounds are equal
Minimum sum: 12
Continuous lower bound achieved.
This is a flower.
The is the sum of cliques
Elapsed time: 0.021469593048095703 seconds.

Working on n=01, k=12, i=01
Loading data from clique_data.json
Lower and upper bounds are equal
Minimum sum: 12
Continuous lower bound achieved.
This is a flower.
The is the sum of cliques
Elapsed time: 0.022387266159057617 seconds.

Working on n=01, k=12, i=02
Loading data from clique_data.json
Lower and upper bounds are equal
Minimum sum: 12
Continuous lower bound achieved.
This is a flower.
The is the sum of cliques
Elapsed time: 0.02647542953491211 seconds.

Working on n=01, k=12, i=03
Loading data from clique_data.json
Lower and upper bounds are equal
Minimum sum: 12
Continuous lower bound achieved.
This is a flower.
The is the sum of cliques
Elapsed time: 0.020524263381958008 seconds.

Working on n=01, k=12, i=04
Loading data from clique_data.json
Lower and upper bounds are equal
Minimum sum: 12
Continuous lower bound achieved.
This is a flower.
The is the sum of cliques
Elapsed time: 0.03913092613220215 seconds.

Working on n=01, k=12, i=05
Loading data from clique_data.json
Lower and upper bounds are equal
Minimum sum: 12
Continuous lower bound achieved.
This is a flower.
The is the sum of cliques
Elapsed time: 0.021925926208496094 seconds.

Working on n=01, k=12, i=06
Loading data from clique_data.json
Lower and upper bounds are equal
Minimum sum: 12
Continuous lower bound achieved.
This is a flower.
The is the sum of cliques
Elapsed time: 0.024203777313232422 seconds.

Working on n=01, k=12, i=07
Loading data from clique_data.json
Lower and upper bounds are equal
Minimum sum: 12
Continuous lower bound achieved.
This is a flower.
The is the sum of cliques
Elapsed time: 0.029466867446899414 seconds.

Working on n=01, k=12, i=08
Loading data from clique_data.json
Lower and upper bounds are equal
Minimum sum: 12
Continuous lower bound achieved.
This is a flower.
The is the sum of cliques
Elapsed time: 0.024505138397216797 seconds.

Working on n=01, k=12, i=09
Loading data from clique_data.json
Lower and upper bounds are equal
Minimum sum: 12
Continuous lower bound achieved.
This is a flower.
The is the sum of cliques
Elapsed time: 0.02249312400817871 seconds.

Working on n=01, k=12, i=10
Loading data from clique_data.json
Lower and upper bounds are equal
Minimum sum: 12
Continuous lower bound achieved.
This is a flower.
The is the sum of cliques
Elapsed time: 0.028208494186401367 seconds.

Working on n=01, k=12, i=11
Loading data from clique_data.json
Lower and upper bounds are equal
Minimum sum: 12
Continuous lower bound achieved.
This is a flower.
The is the sum of cliques
Elapsed time: 0.02268052101135254 seconds.

Working on n=01, k=12, i=12
Loading data from clique_data.json
Lower and upper bounds are equal
Minimum sum: 12
Continuous lower bound achieved.
This is a flower.
The is the sum of cliques
Elapsed time: 0.029237985610961914 seconds.

Working on n=01, k=13, i=00
Loading data from clique_data.json
Lower and upper bounds are equal
Minimum sum: 13
Continuous lower bound achieved.
This is a flower.
The is the sum of cliques
Elapsed time: 0.026236534118652344 seconds.

Working on n=01, k=13, i=01
Loading data from clique_data.json
Lower and upper bounds are equal
Minimum sum: 13
Continuous lower bound achieved.
This is a flower.
The is the sum of cliques
Elapsed time: 0.026898622512817383 seconds.

Working on n=01, k=13, i=02
Loading data from clique_data.json
Lower and upper bounds are equal
Minimum sum: 13
Continuous lower bound achieved.
This is a flower.
The is the sum of cliques
Elapsed time: 0.026547908782958984 seconds.

Working on n=01, k=13, i=03
Loading data from clique_data.json
Lower and upper bounds are equal
Minimum sum: 13
Continuous lower bound achieved.
This is a flower.
The is the sum of cliques
Elapsed time: 0.037647247314453125 seconds.

Working on n=01, k=13, i=04
Loading data from clique_data.json
Lower and upper bounds are equal
Minimum sum: 13
Continuous lower bound achieved.
This is a flower.
The is the sum of cliques
Elapsed time: 0.029287338256835938 seconds.

Working on n=01, k=13, i=05
Loading data from clique_data.json
Lower and upper bounds are equal
Minimum sum: 13
Continuous lower bound achieved.
This is a flower.
The is the sum of cliques
Elapsed time: 0.03551173210144043 seconds.

Working on n=01, k=13, i=06
Loading data from clique_data.json
Lower and upper bounds are equal
Minimum sum: 13
Continuous lower bound achieved.
This is a flower.
The is the sum of cliques
Elapsed time: 0.0264127254486084 seconds.

Working on n=01, k=13, i=07
Loading data from clique_data.json
Lower and upper bounds are equal
Minimum sum: 13
Continuous lower bound achieved.
This is a flower.
The is the sum of cliques
Elapsed time: 0.027350187301635742 seconds.

Working on n=01, k=13, i=08
Loading data from clique_data.json
Lower and upper bounds are equal
Minimum sum: 13
Continuous lower bound achieved.
This is a flower.
The is the sum of cliques
Elapsed time: 0.03674006462097168 seconds.

Working on n=01, k=13, i=09
Loading data from clique_data.json
Lower and upper bounds are equal
Minimum sum: 13
Continuous lower bound achieved.
This is a flower.
The is the sum of cliques
Elapsed time: 0.029126644134521484 seconds.

Working on n=01, k=13, i=10
Loading data from clique_data.json
Lower and upper bounds are equal
Minimum sum: 13
Continuous lower bound achieved.
This is a flower.
The is the sum of cliques
Elapsed time: 0.03333616256713867 seconds.

Working on n=01, k=13, i=11
Loading data from clique_data.json
Lower and upper bounds are equal
Minimum sum: 13
Continuous lower bound achieved.
This is a flower.
The is the sum of cliques
Elapsed time: 0.03819918632507324 seconds.

Working on n=01, k=13, i=12
Loading data from clique_data.json
Lower and upper bounds are equal
Minimum sum: 13
Continuous lower bound achieved.
This is a flower.
The is the sum of cliques
Elapsed time: 0.037436485290527344 seconds.

Working on n=01, k=13, i=13
Loading data from clique_data.json
Lower and upper bounds are equal
Minimum sum: 13
Continuous lower bound achieved.
This is a flower.
The is the sum of cliques
Elapsed time: 0.0290524959564209 seconds.

Working on n=01, k=14, i=00
Loading data from clique_data.json
Lower and upper bounds are equal
Minimum sum: 14
Continuous lower bound achieved.
This is a flower.
The is the sum of cliques
Elapsed time: 0.03875231742858887 seconds.

Working on n=01, k=14, i=01
Loading data from clique_data.json
Lower and upper bounds are equal
Minimum sum: 14
Continuous lower bound achieved.
This is a flower.
The is the sum of cliques
Elapsed time: 0.03899407386779785 seconds.

Working on n=01, k=14, i=02
Loading data from clique_data.json
Lower and upper bounds are equal
Minimum sum: 14
Continuous lower bound achieved.
This is a flower.
The is the sum of cliques
Elapsed time: 0.03916668891906738 seconds.

Working on n=01, k=14, i=03
Loading data from clique_data.json
Lower and upper bounds are equal
Minimum sum: 14
Continuous lower bound achieved.
This is a flower.
The is the sum of cliques
Elapsed time: 0.0425419807434082 seconds.

Working on n=01, k=14, i=04
Loading data from clique_data.json
Lower and upper bounds are equal
Minimum sum: 14
Continuous lower bound achieved.
This is a flower.
The is the sum of cliques
Elapsed time: 0.030876874923706055 seconds.

Working on n=01, k=14, i=05
Loading data from clique_data.json
Lower and upper bounds are equal
Minimum sum: 14
Continuous lower bound achieved.
This is a flower.
The is the sum of cliques
Elapsed time: 0.04541587829589844 seconds.

Working on n=01, k=14, i=06
Loading data from clique_data.json
Lower and upper bounds are equal
Minimum sum: 14
Continuous lower bound achieved.
This is a flower.
The is the sum of cliques
Elapsed time: 0.03038311004638672 seconds.

Working on n=01, k=14, i=07
Loading data from clique_data.json
Lower and upper bounds are equal
Minimum sum: 14
Continuous lower bound achieved.
This is a flower.
The is the sum of cliques
Elapsed time: 0.03265500068664551 seconds.

Working on n=01, k=14, i=08
Loading data from clique_data.json
Lower and upper bounds are equal
Minimum sum: 14
Continuous lower bound achieved.
This is a flower.
The is the sum of cliques
Elapsed time: 0.03368043899536133 seconds.

Working on n=01, k=14, i=09
Loading data from clique_data.json
Lower and upper bounds are equal
Minimum sum: 14
Continuous lower bound achieved.
This is a flower.
The is the sum of cliques
Elapsed time: 0.03927135467529297 seconds.

Working on n=01, k=14, i=10
Loading data from clique_data.json
Lower and upper bounds are equal
Minimum sum: 14
Continuous lower bound achieved.
This is a flower.
The is the sum of cliques
Elapsed time: 0.035809993743896484 seconds.

Working on n=01, k=14, i=11
Loading data from clique_data.json
Lower and upper bounds are equal
Minimum sum: 14
Continuous lower bound achieved.
This is a flower.
The is the sum of cliques
Elapsed time: 0.038903236389160156 seconds.

Working on n=01, k=14, i=12
Loading data from clique_data.json
Lower and upper bounds are equal
Minimum sum: 14
Continuous lower bound achieved.
This is a flower.
The is the sum of cliques
Elapsed time: 0.032094717025756836 seconds.

Working on n=01, k=14, i=13
Loading data from clique_data.json
Lower and upper bounds are equal
Minimum sum: 14
Continuous lower bound achieved.
This is a flower.
The is the sum of cliques
Elapsed time: 0.04636502265930176 seconds.

Working on n=01, k=14, i=14
Loading data from clique_data.json
Lower and upper bounds are equal
Minimum sum: 14
Continuous lower bound achieved.
This is a flower.
The is the sum of cliques
Elapsed time: 0.03341960906982422 seconds.

Working on n=01, k=15, i=00
Loading data from clique_data.json
Lower and upper bounds are equal
Minimum sum: 15
Continuous lower bound achieved.
This is a flower.
The is the sum of cliques
Elapsed time: 0.03297924995422363 seconds.

Working on n=01, k=15, i=01
Loading data from clique_data.json
Lower and upper bounds are equal
Minimum sum: 15
Continuous lower bound achieved.
This is a flower.
The is the sum of cliques
Elapsed time: 0.037674665451049805 seconds.

Working on n=01, k=15, i=02
Loading data from clique_data.json
Lower and upper bounds are equal
Minimum sum: 15
Continuous lower bound achieved.
This is a flower.
The is the sum of cliques
Elapsed time: 0.03652215003967285 seconds.

Working on n=01, k=15, i=03
Loading data from clique_data.json
Lower and upper bounds are equal
Minimum sum: 15
Continuous lower bound achieved.
This is a flower.
The is the sum of cliques
Elapsed time: 0.03486013412475586 seconds.

Working on n=01, k=15, i=04
Loading data from clique_data.json
Lower and upper bounds are equal
Minimum sum: 15
Continuous lower bound achieved.
This is a flower.
The is the sum of cliques
Elapsed time: 0.041440486907958984 seconds.

Working on n=01, k=15, i=05
Loading data from clique_data.json
Lower and upper bounds are equal
Minimum sum: 15
Continuous lower bound achieved.
This is a flower.
The is the sum of cliques
Elapsed time: 0.03708958625793457 seconds.

Working on n=01, k=15, i=06
Loading data from clique_data.json
Lower and upper bounds are equal
Minimum sum: 15
Continuous lower bound achieved.
This is a flower.
The is the sum of cliques
Elapsed time: 0.03525710105895996 seconds.

Working on n=01, k=15, i=07
Loading data from clique_data.json
Lower and upper bounds are equal
Minimum sum: 15
Continuous lower bound achieved.
This is a flower.
The is the sum of cliques
Elapsed time: 0.046037912368774414 seconds.

Working on n=01, k=15, i=08
Loading data from clique_data.json
Lower and upper bounds are equal
Minimum sum: 15
Continuous lower bound achieved.
This is a flower.
The is the sum of cliques
Elapsed time: 0.039598941802978516 seconds.

Working on n=01, k=15, i=09
Loading data from clique_data.json
Lower and upper bounds are equal
Minimum sum: 15
Continuous lower bound achieved.
This is a flower.
The is the sum of cliques
Elapsed time: 0.05319690704345703 seconds.

Working on n=01, k=15, i=10
Loading data from clique_data.json
Lower and upper bounds are equal
Minimum sum: 15
Continuous lower bound achieved.
This is a flower.
The is the sum of cliques
Elapsed time: 0.03766918182373047 seconds.

Working on n=01, k=15, i=11
Loading data from clique_data.json
Lower and upper bounds are equal
Minimum sum: 15
Continuous lower bound achieved.
This is a flower.
The is the sum of cliques
Elapsed time: 0.04433751106262207 seconds.

Working on n=01, k=15, i=12
Loading data from clique_data.json
Lower and upper bounds are equal
Minimum sum: 15
Continuous lower bound achieved.
This is a flower.
The is the sum of cliques
Elapsed time: 0.051863670349121094 seconds.

Working on n=01, k=15, i=13
Loading data from clique_data.json
Lower and upper bounds are equal
Minimum sum: 15
Continuous lower bound achieved.
This is a flower.
The is the sum of cliques
Elapsed time: 0.04250597953796387 seconds.

Working on n=01, k=15, i=14
Loading data from clique_data.json
Lower and upper bounds are equal
Minimum sum: 15
Continuous lower bound achieved.
This is a flower.
The is the sum of cliques
Elapsed time: 0.05459856986999512 seconds.

Working on n=01, k=15, i=15
Loading data from clique_data.json
Lower and upper bounds are equal
Minimum sum: 15
Continuous lower bound achieved.
This is a flower.
The is the sum of cliques
Elapsed time: 0.04278993606567383 seconds.

Working on n=01, k=16, i=00
Loading data from clique_data.json
Lower and upper bounds are equal
Minimum sum: 16
Continuous lower bound achieved.
This is a flower.
The is the sum of cliques
Elapsed time: 0.03939366340637207 seconds.

Working on n=01, k=16, i=01
Loading data from clique_data.json
Lower and upper bounds are equal
Minimum sum: 16
Continuous lower bound achieved.
This is a flower.
The is the sum of cliques
Elapsed time: 0.03884577751159668 seconds.

Working on n=01, k=16, i=02
Loading data from clique_data.json
Lower and upper bounds are equal
Minimum sum: 16
Continuous lower bound achieved.
This is a flower.
The is the sum of cliques
Elapsed time: 0.044251441955566406 seconds.

Working on n=01, k=16, i=03
Loading data from clique_data.json
Lower and upper bounds are equal
Minimum sum: 16
Continuous lower bound achieved.
This is a flower.
The is the sum of cliques
Elapsed time: 0.044029951095581055 seconds.

Working on n=01, k=16, i=04
Loading data from clique_data.json
Lower and upper bounds are equal
Minimum sum: 16
Continuous lower bound achieved.
This is a flower.
The is the sum of cliques
Elapsed time: 0.04403233528137207 seconds.

Working on n=01, k=16, i=05
Loading data from clique_data.json
Lower and upper bounds are equal
Minimum sum: 16
Continuous lower bound achieved.
This is a flower.
The is the sum of cliques
Elapsed time: 0.04668450355529785 seconds.

Working on n=01, k=16, i=06
Loading data from clique_data.json
Lower and upper bounds are equal
Minimum sum: 16
Continuous lower bound achieved.
This is a flower.
The is the sum of cliques
Elapsed time: 0.04419231414794922 seconds.

Working on n=01, k=16, i=07
Loading data from clique_data.json
Lower and upper bounds are equal
Minimum sum: 16
Continuous lower bound achieved.
This is a flower.
The is the sum of cliques
Elapsed time: 0.042885541915893555 seconds.

Working on n=01, k=16, i=08
Loading data from clique_data.json
Lower and upper bounds are equal
Minimum sum: 16
Continuous lower bound achieved.
This is a flower.
The is the sum of cliques
Elapsed time: 0.04856276512145996 seconds.

Working on n=01, k=16, i=09
Loading data from clique_data.json
Lower and upper bounds are equal
Minimum sum: 16
Continuous lower bound achieved.
This is a flower.
The is the sum of cliques
Elapsed time: 0.04628920555114746 seconds.

Working on n=01, k=16, i=10
Loading data from clique_data.json
Lower and upper bounds are equal
Minimum sum: 16
Continuous lower bound achieved.
This is a flower.
The is the sum of cliques
Elapsed time: 0.05182528495788574 seconds.

Working on n=01, k=16, i=11
Loading data from clique_data.json
Lower and upper bounds are equal
Minimum sum: 16
Continuous lower bound achieved.
This is a flower.
The is the sum of cliques
Elapsed time: 0.05129861831665039 seconds.

Working on n=01, k=16, i=12
Loading data from clique_data.json
Lower and upper bounds are equal
Minimum sum: 16
Continuous lower bound achieved.
This is a flower.
The is the sum of cliques
Elapsed time: 0.055463552474975586 seconds.

Working on n=01, k=16, i=13
Loading data from clique_data.json
Lower and upper bounds are equal
Minimum sum: 16
Continuous lower bound achieved.
This is a flower.
The is the sum of cliques
Elapsed time: 0.05142045021057129 seconds.

Working on n=01, k=16, i=14
Loading data from clique_data.json
Lower and upper bounds are equal
Minimum sum: 16
Continuous lower bound achieved.
This is a flower.
The is the sum of cliques
Elapsed time: 0.05315518379211426 seconds.

Working on n=01, k=16, i=15
Loading data from clique_data.json
Lower and upper bounds are equal
Minimum sum: 16
Continuous lower bound achieved.
This is a flower.
The is the sum of cliques
Elapsed time: 0.05115675926208496 seconds.

Working on n=01, k=16, i=16
Loading data from clique_data.json
Lower and upper bounds are equal
Minimum sum: 16
Continuous lower bound achieved.
This is a flower.
The is the sum of cliques
Elapsed time: 0.05383133888244629 seconds.

Working on n=01, k=17, i=00
Loading data from clique_data.json
Lower and upper bounds are equal
Minimum sum: 17
Continuous lower bound achieved.
This is a flower.
The is the sum of cliques
Elapsed time: 0.05044960975646973 seconds.

Working on n=01, k=17, i=01
Loading data from clique_data.json
Lower and upper bounds are equal
Minimum sum: 17
Continuous lower bound achieved.
This is a flower.
The is the sum of cliques
Elapsed time: 0.0545964241027832 seconds.

Working on n=01, k=17, i=02
Loading data from clique_data.json
Lower and upper bounds are equal
Minimum sum: 17
Continuous lower bound achieved.
This is a flower.
The is the sum of cliques
Elapsed time: 0.050638675689697266 seconds.

Working on n=01, k=17, i=03
Loading data from clique_data.json
Lower and upper bounds are equal
Minimum sum: 17
Continuous lower bound achieved.
This is a flower.
The is the sum of cliques
Elapsed time: 0.05263662338256836 seconds.

Working on n=01, k=17, i=04
Loading data from clique_data.json
Lower and upper bounds are equal
Minimum sum: 17
Continuous lower bound achieved.
This is a flower.
The is the sum of cliques
Elapsed time: 0.05206632614135742 seconds.

Working on n=01, k=17, i=05
Loading data from clique_data.json
Lower and upper bounds are equal
Minimum sum: 17
Continuous lower bound achieved.
This is a flower.
The is the sum of cliques
Elapsed time: 0.048425912857055664 seconds.

Working on n=01, k=17, i=06
Loading data from clique_data.json
Lower and upper bounds are equal
Minimum sum: 17
Continuous lower bound achieved.
This is a flower.
The is the sum of cliques
Elapsed time: 0.05316925048828125 seconds.

Working on n=01, k=17, i=07
Loading data from clique_data.json
Lower and upper bounds are equal
Minimum sum: 17
Continuous lower bound achieved.
This is a flower.
The is the sum of cliques
Elapsed time: 0.048644065856933594 seconds.

Working on n=01, k=17, i=08
Loading data from clique_data.json
Lower and upper bounds are equal
Minimum sum: 17
Continuous lower bound achieved.
This is a flower.
The is the sum of cliques
Elapsed time: 0.05652570724487305 seconds.

Working on n=01, k=17, i=09
Loading data from clique_data.json
Lower and upper bounds are equal
Minimum sum: 17
Continuous lower bound achieved.
This is a flower.
The is the sum of cliques
Elapsed time: 0.05893850326538086 seconds.

Working on n=01, k=17, i=10
Loading data from clique_data.json
Lower and upper bounds are equal
Minimum sum: 17
Continuous lower bound achieved.
This is a flower.
The is the sum of cliques
Elapsed time: 0.06203866004943848 seconds.

Working on n=01, k=17, i=11
Loading data from clique_data.json
Lower and upper bounds are equal
Minimum sum: 17
Continuous lower bound achieved.
This is a flower.
The is the sum of cliques
Elapsed time: 0.050882577896118164 seconds.

Working on n=01, k=17, i=12
Loading data from clique_data.json
Lower and upper bounds are equal
Minimum sum: 17
Continuous lower bound achieved.
This is a flower.
The is the sum of cliques
Elapsed time: 0.05617928504943848 seconds.

Working on n=01, k=17, i=13
Loading data from clique_data.json
Lower and upper bounds are equal
Minimum sum: 17
Continuous lower bound achieved.
This is a flower.
The is the sum of cliques
Elapsed time: 0.052870750427246094 seconds.

Working on n=01, k=17, i=14
Loading data from clique_data.json
Lower and upper bounds are equal
Minimum sum: 17
Continuous lower bound achieved.
This is a flower.
The is the sum of cliques
Elapsed time: 0.0557255744934082 seconds.

Working on n=01, k=17, i=15
Loading data from clique_data.json
Lower and upper bounds are equal
Minimum sum: 17
Continuous lower bound achieved.
This is a flower.
The is the sum of cliques
Elapsed time: 0.05881357192993164 seconds.

Working on n=01, k=17, i=16
Loading data from clique_data.json
Lower and upper bounds are equal
Minimum sum: 17
Continuous lower bound achieved.
This is a flower.
The is the sum of cliques
Elapsed time: 0.07029867172241211 seconds.

Working on n=01, k=17, i=17
Loading data from clique_data.json
Lower and upper bounds are equal
Minimum sum: 17
Continuous lower bound achieved.
This is a flower.
The is the sum of cliques
Elapsed time: 0.06286025047302246 seconds.

Working on n=01, k=18, i=00
Loading data from clique_data.json
Lower and upper bounds are equal
Minimum sum: 18
Continuous lower bound achieved.
This is a flower.
The is the sum of cliques
Elapsed time: 0.07395505905151367 seconds.

Working on n=01, k=18, i=01
Loading data from clique_data.json
Lower and upper bounds are equal
Minimum sum: 18
Continuous lower bound achieved.
This is a flower.
The is the sum of cliques
Elapsed time: 0.06290388107299805 seconds.

Working on n=01, k=18, i=02
Loading data from clique_data.json
Lower and upper bounds are equal
Minimum sum: 18
Continuous lower bound achieved.
This is a flower.
The is the sum of cliques
Elapsed time: 0.05943703651428223 seconds.

Working on n=01, k=18, i=03
Loading data from clique_data.json
Lower and upper bounds are equal
Minimum sum: 18
Continuous lower bound achieved.
This is a flower.
The is the sum of cliques
Elapsed time: 0.06257748603820801 seconds.

Working on n=01, k=18, i=04
Loading data from clique_data.json
Lower and upper bounds are equal
Minimum sum: 18
Continuous lower bound achieved.
This is a flower.
The is the sum of cliques
Elapsed time: 0.06258010864257812 seconds.

Working on n=01, k=18, i=05
Loading data from clique_data.json
Lower and upper bounds are equal
Minimum sum: 18
Continuous lower bound achieved.
This is a flower.
The is the sum of cliques
Elapsed time: 0.06154751777648926 seconds.

Working on n=01, k=18, i=06
Loading data from clique_data.json
Lower and upper bounds are equal
Minimum sum: 18
Continuous lower bound achieved.
This is a flower.
The is the sum of cliques
Elapsed time: 0.07048249244689941 seconds.

Working on n=01, k=18, i=07
Loading data from clique_data.json
Lower and upper bounds are equal
Minimum sum: 18
Continuous lower bound achieved.
This is a flower.
The is the sum of cliques
Elapsed time: 0.06547021865844727 seconds.

Working on n=01, k=18, i=08
Loading data from clique_data.json
Lower and upper bounds are equal
Minimum sum: 18
Continuous lower bound achieved.
This is a flower.
The is the sum of cliques
Elapsed time: 0.0640401840209961 seconds.

Working on n=01, k=18, i=09
Loading data from clique_data.json
Lower and upper bounds are equal
Minimum sum: 18
Continuous lower bound achieved.
This is a flower.
The is the sum of cliques
Elapsed time: 0.060956716537475586 seconds.

Working on n=01, k=18, i=10
Loading data from clique_data.json
Lower and upper bounds are equal
Minimum sum: 18
Continuous lower bound achieved.
This is a flower.
The is the sum of cliques
Elapsed time: 0.06487321853637695 seconds.

Working on n=01, k=18, i=11
Loading data from clique_data.json
Lower and upper bounds are equal
Minimum sum: 18
Continuous lower bound achieved.
This is a flower.
The is the sum of cliques
Elapsed time: 0.0688927173614502 seconds.

Working on n=01, k=18, i=12
Loading data from clique_data.json
Lower and upper bounds are equal
Minimum sum: 18
Continuous lower bound achieved.
This is a flower.
The is the sum of cliques
Elapsed time: 0.07221341133117676 seconds.

Working on n=01, k=18, i=13
Loading data from clique_data.json
Lower and upper bounds are equal
Minimum sum: 18
Continuous lower bound achieved.
This is a flower.
The is the sum of cliques
Elapsed time: 0.06256103515625 seconds.

Working on n=01, k=18, i=14
Loading data from clique_data.json
Lower and upper bounds are equal
Minimum sum: 18
Continuous lower bound achieved.
This is a flower.
The is the sum of cliques
Elapsed time: 0.06628036499023438 seconds.

Working on n=01, k=18, i=15
Loading data from clique_data.json
Lower and upper bounds are equal
Minimum sum: 18
Continuous lower bound achieved.
This is a flower.
The is the sum of cliques
Elapsed time: 0.0720524787902832 seconds.

Working on n=01, k=18, i=16
Loading data from clique_data.json
Lower and upper bounds are equal
Minimum sum: 18
Continuous lower bound achieved.
This is a flower.
The is the sum of cliques
Elapsed time: 0.0685722827911377 seconds.

Working on n=01, k=18, i=17
Loading data from clique_data.json
Lower and upper bounds are equal
Minimum sum: 18
Continuous lower bound achieved.
This is a flower.
The is the sum of cliques
Elapsed time: 0.07103395462036133 seconds.

Working on n=01, k=18, i=18
Loading data from clique_data.json
Lower and upper bounds are equal
Minimum sum: 18
Continuous lower bound achieved.
This is a flower.
The is the sum of cliques
Elapsed time: 0.07086586952209473 seconds.

Working on n=01, k=19, i=00
Loading data from clique_data.json
Lower and upper bounds are equal
Minimum sum: 19
Continuous lower bound achieved.
This is a flower.
The is the sum of cliques
Elapsed time: 0.06495881080627441 seconds.

Working on n=01, k=19, i=01
Loading data from clique_data.json
Lower and upper bounds are equal
Minimum sum: 19
Continuous lower bound achieved.
This is a flower.
The is the sum of cliques
Elapsed time: 0.0700836181640625 seconds.

Working on n=01, k=19, i=02
Loading data from clique_data.json
Lower and upper bounds are equal
Minimum sum: 19
Continuous lower bound achieved.
This is a flower.
The is the sum of cliques
Elapsed time: 0.07083821296691895 seconds.

Working on n=01, k=19, i=03
Loading data from clique_data.json
Lower and upper bounds are equal
Minimum sum: 19
Continuous lower bound achieved.
This is a flower.
The is the sum of cliques
Elapsed time: 0.0691676139831543 seconds.

Working on n=01, k=19, i=04
Loading data from clique_data.json
Lower and upper bounds are equal
Minimum sum: 19
Continuous lower bound achieved.
This is a flower.
The is the sum of cliques
Elapsed time: 0.08569693565368652 seconds.

Working on n=01, k=19, i=05
Loading data from clique_data.json
Lower and upper bounds are equal
Minimum sum: 19
Continuous lower bound achieved.
This is a flower.
The is the sum of cliques
Elapsed time: 0.07901763916015625 seconds.

Working on n=01, k=19, i=06
Loading data from clique_data.json
Lower and upper bounds are equal
Minimum sum: 19
Continuous lower bound achieved.
This is a flower.
The is the sum of cliques
Elapsed time: 0.06779217720031738 seconds.

Working on n=01, k=19, i=07
Loading data from clique_data.json
Lower and upper bounds are equal
Minimum sum: 19
Continuous lower bound achieved.
This is a flower.
The is the sum of cliques
Elapsed time: 0.08235955238342285 seconds.

Working on n=01, k=19, i=08
Loading data from clique_data.json
Lower and upper bounds are equal
Minimum sum: 19
Continuous lower bound achieved.
This is a flower.
The is the sum of cliques
Elapsed time: 0.06920194625854492 seconds.

Working on n=01, k=19, i=09
Loading data from clique_data.json
Lower and upper bounds are equal
Minimum sum: 19
Continuous lower bound achieved.
This is a flower.
The is the sum of cliques
Elapsed time: 0.07399988174438477 seconds.

Working on n=01, k=19, i=10
Loading data from clique_data.json
Lower and upper bounds are equal
Minimum sum: 19
Continuous lower bound achieved.
This is a flower.
The is the sum of cliques
Elapsed time: 0.07989072799682617 seconds.

Working on n=01, k=19, i=11
Loading data from clique_data.json
Lower and upper bounds are equal
Minimum sum: 19
Continuous lower bound achieved.
This is a flower.
The is the sum of cliques
Elapsed time: 0.0674734115600586 seconds.

Working on n=01, k=19, i=12
Loading data from clique_data.json
Lower and upper bounds are equal
Minimum sum: 19
Continuous lower bound achieved.
This is a flower.
The is the sum of cliques
Elapsed time: 0.07342243194580078 seconds.

Working on n=01, k=19, i=13
Loading data from clique_data.json
Lower and upper bounds are equal
Minimum sum: 19
Continuous lower bound achieved.
This is a flower.
The is the sum of cliques
Elapsed time: 0.07970380783081055 seconds.

Working on n=01, k=19, i=14
Loading data from clique_data.json
Lower and upper bounds are equal
Minimum sum: 19
Continuous lower bound achieved.
This is a flower.
The is the sum of cliques
Elapsed time: 0.06865334510803223 seconds.

Working on n=01, k=19, i=15
Loading data from clique_data.json
Lower and upper bounds are equal
Minimum sum: 19
Continuous lower bound achieved.
This is a flower.
The is the sum of cliques
Elapsed time: 0.0770723819732666 seconds.

Working on n=01, k=19, i=16
Loading data from clique_data.json
Lower and upper bounds are equal
Minimum sum: 19
Continuous lower bound achieved.
This is a flower.
The is the sum of cliques
Elapsed time: 0.07733464241027832 seconds.

Working on n=01, k=19, i=17
Loading data from clique_data.json
Lower and upper bounds are equal
Minimum sum: 19
Continuous lower bound achieved.
This is a flower.
The is the sum of cliques
Elapsed time: 0.07619881629943848 seconds.

Working on n=01, k=19, i=18
Loading data from clique_data.json
Lower and upper bounds are equal
Minimum sum: 19
Continuous lower bound achieved.
This is a flower.
The is the sum of cliques
Elapsed time: 0.0807497501373291 seconds.

Working on n=01, k=19, i=19
Loading data from clique_data.json
Lower and upper bounds are equal
Minimum sum: 19
Continuous lower bound achieved.
This is a flower.
The is the sum of cliques
Elapsed time: 0.07902097702026367 seconds.

Working on n=01, k=20, i=00
Loading data from clique_data.json
Lower and upper bounds are equal
Minimum sum: 20
Continuous lower bound achieved.
This is a flower.
The is the sum of cliques
Elapsed time: 0.0815744400024414 seconds.

Working on n=01, k=20, i=01
Loading data from clique_data.json
Lower and upper bounds are equal
Minimum sum: 20
Continuous lower bound achieved.
This is a flower.
The is the sum of cliques
Elapsed time: 0.07648682594299316 seconds.

Working on n=01, k=20, i=02
Loading data from clique_data.json
Lower and upper bounds are equal
Minimum sum: 20
Continuous lower bound achieved.
This is a flower.
The is the sum of cliques
Elapsed time: 0.07740354537963867 seconds.

Working on n=01, k=20, i=03
Loading data from clique_data.json
Lower and upper bounds are equal
Minimum sum: 20
Continuous lower bound achieved.
This is a flower.
The is the sum of cliques
Elapsed time: 0.08586978912353516 seconds.

Working on n=01, k=20, i=04
Loading data from clique_data.json
Lower and upper bounds are equal
Minimum sum: 20
Continuous lower bound achieved.
This is a flower.
The is the sum of cliques
Elapsed time: 0.0851595401763916 seconds.

Working on n=01, k=20, i=05
Loading data from clique_data.json
Lower and upper bounds are equal
Minimum sum: 20
Continuous lower bound achieved.
This is a flower.
The is the sum of cliques
Elapsed time: 0.08605647087097168 seconds.

Working on n=01, k=20, i=06
Loading data from clique_data.json
Lower and upper bounds are equal
Minimum sum: 20
Continuous lower bound achieved.
This is a flower.
The is the sum of cliques
Elapsed time: 0.08748674392700195 seconds.

Working on n=01, k=20, i=07
Loading data from clique_data.json
Lower and upper bounds are equal
Minimum sum: 20
Continuous lower bound achieved.
This is a flower.
The is the sum of cliques
Elapsed time: 0.08152961730957031 seconds.

Working on n=01, k=20, i=08
Loading data from clique_data.json
Lower and upper bounds are equal
Minimum sum: 20
Continuous lower bound achieved.
This is a flower.
The is the sum of cliques
Elapsed time: 0.0812215805053711 seconds.

Working on n=01, k=20, i=09
Loading data from clique_data.json
Lower and upper bounds are equal
Minimum sum: 20
Continuous lower bound achieved.
This is a flower.
The is the sum of cliques
Elapsed time: 0.08002543449401855 seconds.

Working on n=01, k=20, i=10
Loading data from clique_data.json
Lower and upper bounds are equal
Minimum sum: 20
Continuous lower bound achieved.
This is a flower.
The is the sum of cliques
Elapsed time: 0.08236861228942871 seconds.

Working on n=01, k=20, i=11
Loading data from clique_data.json
Lower and upper bounds are equal
Minimum sum: 20
Continuous lower bound achieved.
This is a flower.
The is the sum of cliques
Elapsed time: 0.10085821151733398 seconds.

Working on n=01, k=20, i=12
Loading data from clique_data.json
Lower and upper bounds are equal
Minimum sum: 20
Continuous lower bound achieved.
This is a flower.
The is the sum of cliques
Elapsed time: 0.09368300437927246 seconds.

Working on n=01, k=20, i=13
Loading data from clique_data.json
Lower and upper bounds are equal
Minimum sum: 20
Continuous lower bound achieved.
This is a flower.
The is the sum of cliques
Elapsed time: 0.08350682258605957 seconds.

Working on n=01, k=20, i=14
Loading data from clique_data.json
Lower and upper bounds are equal
Minimum sum: 20
Continuous lower bound achieved.
This is a flower.
The is the sum of cliques
Elapsed time: 0.0823049545288086 seconds.

Working on n=01, k=20, i=15
Loading data from clique_data.json
Lower and upper bounds are equal
Minimum sum: 20
Continuous lower bound achieved.
This is a flower.
The is the sum of cliques
Elapsed time: 0.0859367847442627 seconds.

Working on n=01, k=20, i=16
Loading data from clique_data.json
Lower and upper bounds are equal
Minimum sum: 20
Continuous lower bound achieved.
This is a flower.
The is the sum of cliques
Elapsed time: 0.08626222610473633 seconds.

Working on n=01, k=20, i=17
Loading data from clique_data.json
Lower and upper bounds are equal
Minimum sum: 20
Continuous lower bound achieved.
This is a flower.
The is the sum of cliques
Elapsed time: 0.08873343467712402 seconds.

Working on n=01, k=20, i=18
Loading data from clique_data.json
Lower and upper bounds are equal
Minimum sum: 20
Continuous lower bound achieved.
This is a flower.
The is the sum of cliques
Elapsed time: 0.08620333671569824 seconds.

Working on n=01, k=20, i=19
Loading data from clique_data.json
Lower and upper bounds are equal
Minimum sum: 20
Continuous lower bound achieved.
This is a flower.
The is the sum of cliques
Elapsed time: 0.09264063835144043 seconds.

Working on n=01, k=20, i=20
Loading data from clique_data.json
Lower and upper bounds are equal
Minimum sum: 20
Continuous lower bound achieved.
This is a flower.
The is the sum of cliques
Elapsed time: 0.0864095687866211 seconds.

Working on n=02, k=01, i=00
Loading data from clique_data.json
Lower and upper bounds are equal
Minimum sum: 2
Continuous lower bound achieved.
This is a flower.
Elapsed time: 0.033483266830444336 seconds.

Working on n=02, k=01, i=01
Loading data from clique_data.json
Lower and upper bounds are equal
Minimum sum: 1
Continuous lower bound achieved.
This is a flower.
Elapsed time: 0.029828548431396484 seconds.

Working on n=02, k=02, i=00
Loading data from clique_data.json
Lower and upper bounds are equal
Minimum sum: 4
Continuous lower bound achieved.
This is a flower.
The is the sum of cliques
Elapsed time: 0.02881765365600586 seconds.

Working on n=02, k=02, i=01
Loading data from clique_data.json
Lower and upper bounds are equal
Minimum sum: 3
Continuous lower bound achieved.
This is a flower.
The is the sum of cliques
Complement upper bound achieved.
Elapsed time: 0.03527665138244629 seconds.

Working on n=02, k=02, i=02
Loading data from clique_data.json
Lower and upper bounds are equal
Minimum sum: 2
Continuous lower bound achieved.
This is a flower.
The is the sum of cliques
Elapsed time: 0.028241872787475586 seconds.

Working on n=02, k=03, i=00
Loading data from clique_data.json
Lower and upper bounds are equal
Minimum sum: 6
Continuous lower bound achieved.
This is a flower.
The is the sum of cliques
Elapsed time: 0.030083179473876953 seconds.

Working on n=02, k=03, i=01
Loading data from clique_data.json
Lower and upper bounds are equal
Minimum sum: 5
Continuous lower bound achieved.
This is a flower.
The is the sum of cliques
Complement upper bound achieved.
Elapsed time: 0.0320124626159668 seconds.

Working on n=02, k=03, i=02
Loading data from clique_data.json
Lower and upper bounds are equal
Minimum sum: 4
Continuous lower bound achieved.
This is a flower.
The is the sum of cliques
Complement upper bound achieved.
Elapsed time: 0.0279541015625 seconds.

Working on n=02, k=03, i=03
Loading data from clique_data.json
Lower and upper bounds are equal
Minimum sum: 3
Continuous lower bound achieved.
This is a flower.
The is the sum of cliques
Elapsed time: 0.03438830375671387 seconds.

Working on n=02, k=04, i=00
Loading data from clique_data.json
Lower and upper bounds are equal
Minimum sum: 8
Continuous lower bound achieved.
This is a flower.
The is the sum of cliques
Elapsed time: 0.03487205505371094 seconds.

Working on n=02, k=04, i=01
Loading data from clique_data.json
Lower and upper bounds are equal
Minimum sum: 7
Continuous lower bound achieved.
This is a flower.
The is the sum of cliques
Complement upper bound achieved.
Elapsed time: 0.034128665924072266 seconds.

Working on n=02, k=04, i=02
Loading data from clique_data.json
Lower and upper bounds are equal
Minimum sum: 6
Continuous lower bound achieved.
This is a flower.
The is the sum of cliques
Complement upper bound achieved.
Elapsed time: 0.030099868774414062 seconds.

Working on n=02, k=04, i=03
Loading data from clique_data.json
Lower and upper bounds are equal
Minimum sum: 5
Continuous lower bound achieved.
This is a flower.
The is the sum of cliques
Complement upper bound achieved.
Elapsed time: 0.03153514862060547 seconds.

Working on n=02, k=04, i=04
Loading data from clique_data.json
Lower and upper bounds are equal
Minimum sum: 4
Continuous lower bound achieved.
This is a flower.
The is the sum of cliques
Elapsed time: 0.036661624908447266 seconds.

Working on n=02, k=05, i=00
Loading data from clique_data.json
Lower and upper bounds are equal
Minimum sum: 10
Continuous lower bound achieved.
This is a flower.
The is the sum of cliques
Elapsed time: 0.028261661529541016 seconds.

Working on n=02, k=05, i=01
Loading data from clique_data.json
Lower and upper bounds are equal
Minimum sum: 9
Continuous lower bound achieved.
This is a flower.
The is the sum of cliques
Complement upper bound achieved.
Elapsed time: 0.03349781036376953 seconds.

Working on n=02, k=05, i=02
Loading data from clique_data.json
Lower and upper bounds are equal
Minimum sum: 8
Continuous lower bound achieved.
This is a flower.
The is the sum of cliques
Complement upper bound achieved.
Elapsed time: 0.0321962833404541 seconds.

Working on n=02, k=05, i=03
Loading data from clique_data.json
Lower and upper bounds are equal
Minimum sum: 7
Continuous lower bound achieved.
This is a flower.
The is the sum of cliques
Complement upper bound achieved.
Elapsed time: 0.02950429916381836 seconds.

Working on n=02, k=05, i=04
Loading data from clique_data.json
Lower and upper bounds are equal
Minimum sum: 6
Continuous lower bound achieved.
This is a flower.
The is the sum of cliques
Complement upper bound achieved.
Elapsed time: 0.028250455856323242 seconds.

Working on n=02, k=05, i=05
Loading data from clique_data.json
Lower and upper bounds are equal
Minimum sum: 5
Continuous lower bound achieved.
This is a flower.
The is the sum of cliques
Elapsed time: 0.03513526916503906 seconds.

Working on n=02, k=06, i=00
Loading data from clique_data.json
Lower and upper bounds are equal
Minimum sum: 12
Continuous lower bound achieved.
This is a flower.
The is the sum of cliques
Elapsed time: 0.04468798637390137 seconds.

Working on n=02, k=06, i=01
Loading data from clique_data.json
Lower and upper bounds are equal
Minimum sum: 11
Continuous lower bound achieved.
This is a flower.
The is the sum of cliques
Complement upper bound achieved.
Elapsed time: 0.029551029205322266 seconds.

Working on n=02, k=06, i=02
Loading data from clique_data.json
Lower and upper bounds are equal
Minimum sum: 10
Continuous lower bound achieved.
This is a flower.
The is the sum of cliques
Complement upper bound achieved.
Elapsed time: 0.028475284576416016 seconds.

Working on n=02, k=06, i=03
Loading data from clique_data.json
Lower and upper bounds are equal
Minimum sum: 9
Continuous lower bound achieved.
This is a flower.
The is the sum of cliques
Complement upper bound achieved.
Elapsed time: 0.030289173126220703 seconds.

Working on n=02, k=06, i=04
Loading data from clique_data.json
Lower and upper bounds are equal
Minimum sum: 8
Continuous lower bound achieved.
This is a flower.
The is the sum of cliques
Complement upper bound achieved.
Elapsed time: 0.031187772750854492 seconds.

Working on n=02, k=06, i=05
Loading data from clique_data.json
Lower and upper bounds are equal
Minimum sum: 7
Continuous lower bound achieved.
This is a flower.
The is the sum of cliques
Complement upper bound achieved.
Elapsed time: 0.03340601921081543 seconds.

Working on n=02, k=06, i=06
Loading data from clique_data.json
Lower and upper bounds are equal
Minimum sum: 6
Continuous lower bound achieved.
This is a flower.
The is the sum of cliques
Elapsed time: 0.029871702194213867 seconds.

Working on n=02, k=07, i=00
Loading data from clique_data.json
Lower and upper bounds are equal
Minimum sum: 14
Continuous lower bound achieved.
This is a flower.
The is the sum of cliques
Elapsed time: 0.03223681449890137 seconds.

Working on n=02, k=07, i=01
Loading data from clique_data.json
Lower and upper bounds are equal
Minimum sum: 13
Continuous lower bound achieved.
This is a flower.
The is the sum of cliques
Complement upper bound achieved.
Elapsed time: 0.035460710525512695 seconds.

Working on n=02, k=07, i=02
Loading data from clique_data.json
Lower and upper bounds are equal
Minimum sum: 12
Continuous lower bound achieved.
This is a flower.
The is the sum of cliques
Complement upper bound achieved.
Elapsed time: 0.03438091278076172 seconds.

Working on n=02, k=07, i=03
Loading data from clique_data.json
Lower and upper bounds are equal
Minimum sum: 11
Continuous lower bound achieved.
This is a flower.
The is the sum of cliques
Complement upper bound achieved.
Elapsed time: 0.030554533004760742 seconds.

Working on n=02, k=07, i=04
Loading data from clique_data.json
Lower and upper bounds are equal
Minimum sum: 10
Continuous lower bound achieved.
This is a flower.
The is the sum of cliques
Complement upper bound achieved.
Elapsed time: 0.03590106964111328 seconds.

Working on n=02, k=07, i=05
Loading data from clique_data.json
Lower and upper bounds are equal
Minimum sum: 9
Continuous lower bound achieved.
This is a flower.
The is the sum of cliques
Complement upper bound achieved.
Elapsed time: 0.030570268630981445 seconds.

Working on n=02, k=07, i=06
Loading data from clique_data.json
Lower and upper bounds are equal
Minimum sum: 8
Continuous lower bound achieved.
This is a flower.
The is the sum of cliques
Complement upper bound achieved.
Elapsed time: 0.04108619689941406 seconds.

Working on n=02, k=07, i=07
Loading data from clique_data.json
Lower and upper bounds are equal
Minimum sum: 7
Continuous lower bound achieved.
This is a flower.
The is the sum of cliques
Elapsed time: 0.040277719497680664 seconds.

Working on n=02, k=08, i=00
Loading data from clique_data.json
Lower and upper bounds are equal
Minimum sum: 16
Continuous lower bound achieved.
This is a flower.
The is the sum of cliques
Elapsed time: 0.032813072204589844 seconds.

Working on n=02, k=08, i=01
Loading data from clique_data.json
Lower and upper bounds are equal
Minimum sum: 15
Continuous lower bound achieved.
This is a flower.
The is the sum of cliques
Complement upper bound achieved.
Elapsed time: 0.036710500717163086 seconds.

Working on n=02, k=08, i=02
Loading data from clique_data.json
Lower and upper bounds are equal
Minimum sum: 14
Continuous lower bound achieved.
This is a flower.
The is the sum of cliques
Complement upper bound achieved.
Elapsed time: 0.051811933517456055 seconds.

Working on n=02, k=08, i=03
Loading data from clique_data.json
Lower and upper bounds are equal
Minimum sum: 13
Continuous lower bound achieved.
This is a flower.
The is the sum of cliques
Complement upper bound achieved.
Elapsed time: 0.03922629356384277 seconds.

Working on n=02, k=08, i=04
Loading data from clique_data.json
Lower and upper bounds are equal
Minimum sum: 12
Continuous lower bound achieved.
This is a flower.
The is the sum of cliques
Complement upper bound achieved.
Elapsed time: 0.03458356857299805 seconds.

Working on n=02, k=08, i=05
Loading data from clique_data.json
Lower and upper bounds are equal
Minimum sum: 11
Continuous lower bound achieved.
This is a flower.
The is the sum of cliques
Complement upper bound achieved.
Elapsed time: 0.03692984580993652 seconds.

Working on n=02, k=08, i=06
Loading data from clique_data.json
Lower and upper bounds are equal
Minimum sum: 10
Continuous lower bound achieved.
This is a flower.
The is the sum of cliques
Complement upper bound achieved.
Elapsed time: 0.08566737174987793 seconds.

Working on n=02, k=08, i=07
Loading data from clique_data.json
Lower and upper bounds are equal
Minimum sum: 9
Continuous lower bound achieved.
This is a flower.
The is the sum of cliques
Complement upper bound achieved.
Elapsed time: 0.03984951972961426 seconds.

Working on n=02, k=08, i=08
Loading data from clique_data.json
Lower and upper bounds are equal
Minimum sum: 8
Continuous lower bound achieved.
This is a flower.
The is the sum of cliques
Elapsed time: 0.03498482704162598 seconds.

Working on n=02, k=09, i=00
Loading data from clique_data.json
Lower and upper bounds are equal
Minimum sum: 18
Continuous lower bound achieved.
This is a flower.
The is the sum of cliques
Elapsed time: 0.04172348976135254 seconds.

Working on n=02, k=09, i=01
Loading data from clique_data.json
Lower and upper bounds are equal
Minimum sum: 17
Continuous lower bound achieved.
This is a flower.
The is the sum of cliques
Complement upper bound achieved.
Elapsed time: 0.04244685173034668 seconds.

Working on n=02, k=09, i=02
Loading data from clique_data.json
Lower and upper bounds are equal
Minimum sum: 16
Continuous lower bound achieved.
This is a flower.
The is the sum of cliques
Complement upper bound achieved.
Elapsed time: 0.036539554595947266 seconds.

Working on n=02, k=09, i=03
Loading data from clique_data.json
Lower and upper bounds are equal
Minimum sum: 15
Continuous lower bound achieved.
This is a flower.
The is the sum of cliques
Complement upper bound achieved.
Elapsed time: 0.03296685218811035 seconds.

Working on n=02, k=09, i=04
Loading data from clique_data.json
Lower and upper bounds are equal
Minimum sum: 14
Continuous lower bound achieved.
This is a flower.
The is the sum of cliques
Complement upper bound achieved.
Elapsed time: 0.03495478630065918 seconds.

Working on n=02, k=09, i=05
Loading data from clique_data.json
Lower and upper bounds are equal
Minimum sum: 13
Continuous lower bound achieved.
This is a flower.
The is the sum of cliques
Complement upper bound achieved.
Elapsed time: 0.042267560958862305 seconds.

Working on n=02, k=09, i=06
Loading data from clique_data.json
Lower and upper bounds are equal
Minimum sum: 12
Continuous lower bound achieved.
This is a flower.
The is the sum of cliques
Complement upper bound achieved.
Elapsed time: 0.03886985778808594 seconds.

Working on n=02, k=09, i=07
Loading data from clique_data.json
Lower and upper bounds are equal
Minimum sum: 11
Continuous lower bound achieved.
This is a flower.
The is the sum of cliques
Complement upper bound achieved.
Elapsed time: 0.04099273681640625 seconds.

Working on n=02, k=09, i=08
Loading data from clique_data.json
Lower and upper bounds are equal
Minimum sum: 10
Continuous lower bound achieved.
This is a flower.
The is the sum of cliques
Complement upper bound achieved.
Elapsed time: 0.0368037223815918 seconds.

Working on n=02, k=09, i=09
Loading data from clique_data.json
Lower and upper bounds are equal
Minimum sum: 9
Continuous lower bound achieved.
This is a flower.
The is the sum of cliques
Elapsed time: 0.037721872329711914 seconds.

Working on n=02, k=10, i=00
Loading data from clique_data.json
Lower and upper bounds are equal
Minimum sum: 20
Continuous lower bound achieved.
This is a flower.
The is the sum of cliques
Elapsed time: 0.04892158508300781 seconds.

Working on n=02, k=10, i=01
Loading data from clique_data.json
Lower and upper bounds are equal
Minimum sum: 19
Continuous lower bound achieved.
This is a flower.
The is the sum of cliques
Complement upper bound achieved.
Elapsed time: 0.04285240173339844 seconds.

Working on n=02, k=10, i=02
Loading data from clique_data.json
Lower and upper bounds are equal
Minimum sum: 18
Continuous lower bound achieved.
This is a flower.
The is the sum of cliques
Complement upper bound achieved.
Elapsed time: 0.04414248466491699 seconds.

Working on n=02, k=10, i=03
Loading data from clique_data.json
Lower and upper bounds are equal
Minimum sum: 17
Continuous lower bound achieved.
This is a flower.
The is the sum of cliques
Complement upper bound achieved.
Elapsed time: 0.03806352615356445 seconds.

Working on n=02, k=10, i=04
Loading data from clique_data.json
Lower and upper bounds are equal
Minimum sum: 16
Continuous lower bound achieved.
This is a flower.
The is the sum of cliques
Complement upper bound achieved.
Elapsed time: 0.04315638542175293 seconds.

Working on n=02, k=10, i=05
Loading data from clique_data.json
Lower and upper bounds are equal
Minimum sum: 15
Continuous lower bound achieved.
This is a flower.
The is the sum of cliques
Complement upper bound achieved.
Elapsed time: 0.04869389533996582 seconds.

Working on n=02, k=10, i=06
Loading data from clique_data.json
Lower and upper bounds are equal
Minimum sum: 14
Continuous lower bound achieved.
This is a flower.
The is the sum of cliques
Complement upper bound achieved.
Elapsed time: 0.041586875915527344 seconds.

Working on n=02, k=10, i=07
Loading data from clique_data.json
Lower and upper bounds are equal
Minimum sum: 13
Continuous lower bound achieved.
This is a flower.
The is the sum of cliques
Complement upper bound achieved.
Elapsed time: 0.0426180362701416 seconds.

Working on n=02, k=10, i=08
Loading data from clique_data.json
Lower and upper bounds are equal
Minimum sum: 12
Continuous lower bound achieved.
This is a flower.
The is the sum of cliques
Complement upper bound achieved.
Elapsed time: 0.04126429557800293 seconds.

Working on n=02, k=10, i=09
Loading data from clique_data.json
Lower and upper bounds are equal
Minimum sum: 11
Continuous lower bound achieved.
This is a flower.
The is the sum of cliques
Complement upper bound achieved.
Elapsed time: 0.03935050964355469 seconds.

Working on n=02, k=10, i=10
Loading data from clique_data.json
Lower and upper bounds are equal
Minimum sum: 10
Continuous lower bound achieved.
This is a flower.
The is the sum of cliques
Elapsed time: 0.05956768989562988 seconds.

Working on n=02, k=11, i=00
Loading data from clique_data.json
Lower and upper bounds are equal
Minimum sum: 22
Continuous lower bound achieved.
This is a flower.
The is the sum of cliques
Elapsed time: 0.052422285079956055 seconds.

Working on n=02, k=11, i=01
Loading data from clique_data.json
Lower and upper bounds are equal
Minimum sum: 21
Continuous lower bound achieved.
This is a flower.
The is the sum of cliques
Complement upper bound achieved.
Elapsed time: 0.05102419853210449 seconds.

Working on n=02, k=11, i=02
Loading data from clique_data.json
Lower and upper bounds are equal
Minimum sum: 20
Continuous lower bound achieved.
This is a flower.
The is the sum of cliques
Complement upper bound achieved.
Elapsed time: 0.041910409927368164 seconds.

Working on n=02, k=11, i=03
Loading data from clique_data.json
Lower and upper bounds are equal
Minimum sum: 19
Continuous lower bound achieved.
This is a flower.
The is the sum of cliques
Complement upper bound achieved.
Elapsed time: 0.04512619972229004 seconds.

Working on n=02, k=11, i=04
Loading data from clique_data.json
Lower and upper bounds are equal
Minimum sum: 18
Continuous lower bound achieved.
This is a flower.
The is the sum of cliques
Complement upper bound achieved.
Elapsed time: 0.040934085845947266 seconds.

Working on n=02, k=11, i=05
Loading data from clique_data.json
Lower and upper bounds are equal
Minimum sum: 17
Continuous lower bound achieved.
This is a flower.
The is the sum of cliques
Complement upper bound achieved.
Elapsed time: 0.051807403564453125 seconds.

Working on n=02, k=11, i=06
Loading data from clique_data.json
Lower and upper bounds are equal
Minimum sum: 16
Continuous lower bound achieved.
This is a flower.
The is the sum of cliques
Complement upper bound achieved.
Elapsed time: 0.04586482048034668 seconds.

Working on n=02, k=11, i=07
Loading data from clique_data.json
Lower and upper bounds are equal
Minimum sum: 15
Continuous lower bound achieved.
This is a flower.
The is the sum of cliques
Complement upper bound achieved.
Elapsed time: 0.043198347091674805 seconds.

Working on n=02, k=11, i=08
Loading data from clique_data.json
Lower and upper bounds are equal
Minimum sum: 14
Continuous lower bound achieved.
This is a flower.
The is the sum of cliques
Complement upper bound achieved.
Elapsed time: 0.04645967483520508 seconds.

Working on n=02, k=11, i=09
Loading data from clique_data.json
Lower and upper bounds are equal
Minimum sum: 13
Continuous lower bound achieved.
This is a flower.
The is the sum of cliques
Complement upper bound achieved.
Elapsed time: 0.04322242736816406 seconds.

Working on n=02, k=11, i=10
Loading data from clique_data.json
Lower and upper bounds are equal
Minimum sum: 12
Continuous lower bound achieved.
This is a flower.
The is the sum of cliques
Complement upper bound achieved.
Elapsed time: 0.0438997745513916 seconds.

Working on n=02, k=11, i=11
Loading data from clique_data.json
Lower and upper bounds are equal
Minimum sum: 11
Continuous lower bound achieved.
This is a flower.
The is the sum of cliques
Elapsed time: 0.05451178550720215 seconds.

Working on n=02, k=12, i=00
Loading data from clique_data.json
Lower and upper bounds are equal
Minimum sum: 24
Continuous lower bound achieved.
This is a flower.
The is the sum of cliques
Elapsed time: 0.052785634994506836 seconds.

Working on n=02, k=12, i=01
Loading data from clique_data.json
Lower and upper bounds are equal
Minimum sum: 23
Continuous lower bound achieved.
This is a flower.
The is the sum of cliques
Complement upper bound achieved.
Elapsed time: 0.051694393157958984 seconds.

Working on n=02, k=12, i=02
Loading data from clique_data.json
Lower and upper bounds are equal
Minimum sum: 22
Continuous lower bound achieved.
This is a flower.
The is the sum of cliques
Complement upper bound achieved.
Elapsed time: 0.04929542541503906 seconds.

Working on n=02, k=12, i=03
Loading data from clique_data.json
Lower and upper bounds are equal
Minimum sum: 21
Continuous lower bound achieved.
This is a flower.
The is the sum of cliques
Complement upper bound achieved.
Elapsed time: 0.04676413536071777 seconds.

Working on n=02, k=12, i=04
Loading data from clique_data.json
Lower and upper bounds are equal
Minimum sum: 20
Continuous lower bound achieved.
This is a flower.
The is the sum of cliques
Complement upper bound achieved.
Elapsed time: 0.0489659309387207 seconds.

Working on n=02, k=12, i=05
Loading data from clique_data.json
Lower and upper bounds are equal
Minimum sum: 19
Continuous lower bound achieved.
This is a flower.
The is the sum of cliques
Complement upper bound achieved.
Elapsed time: 0.0443267822265625 seconds.

Working on n=02, k=12, i=06
Loading data from clique_data.json
Lower and upper bounds are equal
Minimum sum: 18
Continuous lower bound achieved.
This is a flower.
The is the sum of cliques
Complement upper bound achieved.
Elapsed time: 0.0466008186340332 seconds.

Working on n=02, k=12, i=07
Loading data from clique_data.json
Lower and upper bounds are equal
Minimum sum: 17
Continuous lower bound achieved.
This is a flower.
The is the sum of cliques
Complement upper bound achieved.
Elapsed time: 0.06397724151611328 seconds.

Working on n=02, k=12, i=08
Loading data from clique_data.json
Lower and upper bounds are equal
Minimum sum: 16
Continuous lower bound achieved.
This is a flower.
The is the sum of cliques
Complement upper bound achieved.
Elapsed time: 0.04581880569458008 seconds.

Working on n=02, k=12, i=09
Loading data from clique_data.json
Lower and upper bounds are equal
Minimum sum: 15
Continuous lower bound achieved.
This is a flower.
The is the sum of cliques
Complement upper bound achieved.
Elapsed time: 0.04723858833312988 seconds.

Working on n=02, k=12, i=10
Loading data from clique_data.json
Lower and upper bounds are equal
Minimum sum: 14
Continuous lower bound achieved.
This is a flower.
The is the sum of cliques
Complement upper bound achieved.
Elapsed time: 0.05464982986450195 seconds.

Working on n=02, k=12, i=11
Loading data from clique_data.json
Lower and upper bounds are equal
Minimum sum: 13
Continuous lower bound achieved.
This is a flower.
The is the sum of cliques
Complement upper bound achieved.
Elapsed time: 0.144852876663208 seconds.

Working on n=02, k=12, i=12
Loading data from clique_data.json
Lower and upper bounds are equal
Minimum sum: 12
Continuous lower bound achieved.
This is a flower.
The is the sum of cliques
Elapsed time: 0.0503537654876709 seconds.

Working on n=02, k=13, i=00
Loading data from clique_data.json
Lower and upper bounds are equal
Minimum sum: 26
Continuous lower bound achieved.
This is a flower.
The is the sum of cliques
Elapsed time: 0.04798173904418945 seconds.

Working on n=02, k=13, i=01
Loading data from clique_data.json
Lower and upper bounds are equal
Minimum sum: 25
Continuous lower bound achieved.
This is a flower.
The is the sum of cliques
Complement upper bound achieved.
Elapsed time: 0.048933982849121094 seconds.

Working on n=02, k=13, i=02
Loading data from clique_data.json
Lower and upper bounds are equal
Minimum sum: 24
Continuous lower bound achieved.
This is a flower.
The is the sum of cliques
Complement upper bound achieved.
Elapsed time: 0.045546531677246094 seconds.

Working on n=02, k=13, i=03
Loading data from clique_data.json
Lower and upper bounds are equal
Minimum sum: 23
Continuous lower bound achieved.
This is a flower.
The is the sum of cliques
Complement upper bound achieved.
Elapsed time: 0.049257755279541016 seconds.

Working on n=02, k=13, i=04
Loading data from clique_data.json
Lower and upper bounds are equal
Minimum sum: 22
Continuous lower bound achieved.
This is a flower.
The is the sum of cliques
Complement upper bound achieved.
Elapsed time: 0.05370974540710449 seconds.

Working on n=02, k=13, i=05
Loading data from clique_data.json
Lower and upper bounds are equal
Minimum sum: 21
Continuous lower bound achieved.
This is a flower.
The is the sum of cliques
Complement upper bound achieved.
Elapsed time: 0.050475358963012695 seconds.

Working on n=02, k=13, i=06
Loading data from clique_data.json
Lower and upper bounds are equal
Minimum sum: 20
Continuous lower bound achieved.
This is a flower.
The is the sum of cliques
Complement upper bound achieved.
Elapsed time: 0.05394172668457031 seconds.

Working on n=02, k=13, i=07
Loading data from clique_data.json
Lower and upper bounds are equal
Minimum sum: 19
Continuous lower bound achieved.
This is a flower.
The is the sum of cliques
Complement upper bound achieved.
Elapsed time: 0.04750800132751465 seconds.

Working on n=02, k=13, i=08
Loading data from clique_data.json
Lower and upper bounds are equal
Minimum sum: 18
Continuous lower bound achieved.
This is a flower.
The is the sum of cliques
Complement upper bound achieved.
Elapsed time: 0.0519256591796875 seconds.

Working on n=02, k=13, i=09
Loading data from clique_data.json
Lower and upper bounds are equal
Minimum sum: 17
Continuous lower bound achieved.
This is a flower.
The is the sum of cliques
Complement upper bound achieved.
Elapsed time: 0.0530397891998291 seconds.

Working on n=02, k=13, i=10
Loading data from clique_data.json
Lower and upper bounds are equal
Minimum sum: 16
Continuous lower bound achieved.
This is a flower.
The is the sum of cliques
Complement upper bound achieved.
Elapsed time: 0.06528067588806152 seconds.

Working on n=02, k=13, i=11
Loading data from clique_data.json
Lower and upper bounds are equal
Minimum sum: 15
Continuous lower bound achieved.
This is a flower.
The is the sum of cliques
Complement upper bound achieved.
Elapsed time: 0.05020713806152344 seconds.

Working on n=02, k=13, i=12
Loading data from clique_data.json
Lower and upper bounds are equal
Minimum sum: 14
Continuous lower bound achieved.
This is a flower.
The is the sum of cliques
Complement upper bound achieved.
Elapsed time: 0.23673081398010254 seconds.

Working on n=02, k=13, i=13
Loading data from clique_data.json
Lower and upper bounds are equal
Minimum sum: 13
Continuous lower bound achieved.
This is a flower.
The is the sum of cliques
Elapsed time: 0.054534912109375 seconds.

Working on n=02, k=14, i=00
Loading data from clique_data.json
Lower and upper bounds are equal
Minimum sum: 28
Continuous lower bound achieved.
This is a flower.
The is the sum of cliques
Elapsed time: 0.0503697395324707 seconds.

Working on n=02, k=14, i=01
Loading data from clique_data.json
Lower and upper bounds are equal
Minimum sum: 27
Continuous lower bound achieved.
This is a flower.
The is the sum of cliques
Complement upper bound achieved.
Elapsed time: 0.05336475372314453 seconds.

Working on n=02, k=14, i=02
Loading data from clique_data.json
Lower and upper bounds are equal
Minimum sum: 26
Continuous lower bound achieved.
This is a flower.
The is the sum of cliques
Complement upper bound achieved.
Elapsed time: 0.05897831916809082 seconds.

Working on n=02, k=14, i=03
Loading data from clique_data.json
Lower and upper bounds are equal
Minimum sum: 25
Continuous lower bound achieved.
This is a flower.
The is the sum of cliques
Complement upper bound achieved.
Elapsed time: 0.05921769142150879 seconds.

Working on n=02, k=14, i=04
Loading data from clique_data.json
Lower and upper bounds are equal
Minimum sum: 24
Continuous lower bound achieved.
This is a flower.
The is the sum of cliques
Complement upper bound achieved.
Elapsed time: 0.35825371742248535 seconds.

Working on n=02, k=14, i=05
Loading data from clique_data.json
Lower and upper bounds are equal
Minimum sum: 23
Continuous lower bound achieved.
This is a flower.
The is the sum of cliques
Complement upper bound achieved.
Elapsed time: 0.05063652992248535 seconds.

Working on n=02, k=14, i=06
Loading data from clique_data.json
Lower and upper bounds are equal
Minimum sum: 22
Continuous lower bound achieved.
This is a flower.
The is the sum of cliques
Complement upper bound achieved.
Elapsed time: 0.05700421333312988 seconds.

Working on n=02, k=14, i=07
Loading data from clique_data.json
Lower and upper bounds are equal
Minimum sum: 21
Continuous lower bound achieved.
This is a flower.
The is the sum of cliques
Complement upper bound achieved.
Elapsed time: 0.05967998504638672 seconds.

Working on n=02, k=14, i=08
Loading data from clique_data.json
Lower and upper bounds are equal
Minimum sum: 20
Continuous lower bound achieved.
This is a flower.
The is the sum of cliques
Complement upper bound achieved.
Elapsed time: 0.054971933364868164 seconds.

Working on n=02, k=14, i=09
Loading data from clique_data.json
Lower and upper bounds are equal
Minimum sum: 19
Continuous lower bound achieved.
This is a flower.
The is the sum of cliques
Complement upper bound achieved.
Elapsed time: 0.056336402893066406 seconds.

Working on n=02, k=14, i=10
Loading data from clique_data.json
Lower and upper bounds are equal
Minimum sum: 18
Continuous lower bound achieved.
This is a flower.
The is the sum of cliques
Complement upper bound achieved.
Elapsed time: 0.055100202560424805 seconds.

Working on n=02, k=14, i=11
Loading data from clique_data.json
Lower and upper bounds are equal
Minimum sum: 17
Continuous lower bound achieved.
This is a flower.
The is the sum of cliques
Complement upper bound achieved.
Elapsed time: 0.0582575798034668 seconds.

Working on n=02, k=14, i=12
Loading data from clique_data.json
Lower and upper bounds are equal
Minimum sum: 16
Continuous lower bound achieved.
This is a flower.
The is the sum of cliques
Complement upper bound achieved.
Elapsed time: 0.05624675750732422 seconds.

Working on n=02, k=14, i=13
Loading data from clique_data.json
Lower and upper bounds are equal
Minimum sum: 15
Continuous lower bound achieved.
This is a flower.
The is the sum of cliques
Complement upper bound achieved.
Elapsed time: 0.05927133560180664 seconds.

Working on n=02, k=14, i=14
Loading data from clique_data.json
Lower and upper bounds are equal
Minimum sum: 14
Continuous lower bound achieved.
This is a flower.
The is the sum of cliques
Elapsed time: 0.05527186393737793 seconds.

Working on n=02, k=15, i=00
Loading data from clique_data.json
Lower and upper bounds are equal
Minimum sum: 30
Continuous lower bound achieved.
This is a flower.
The is the sum of cliques
Elapsed time: 0.05858612060546875 seconds.

Working on n=02, k=15, i=01
Loading data from clique_data.json
Lower and upper bounds are equal
Minimum sum: 29
Continuous lower bound achieved.
This is a flower.
The is the sum of cliques
Complement upper bound achieved.
Elapsed time: 0.05841255187988281 seconds.

Working on n=02, k=15, i=02
Loading data from clique_data.json
Lower and upper bounds are equal
Minimum sum: 28
Continuous lower bound achieved.
This is a flower.
The is the sum of cliques
Complement upper bound achieved.
Elapsed time: 0.06362128257751465 seconds.

Working on n=02, k=15, i=03
Loading data from clique_data.json
Lower and upper bounds are equal
Minimum sum: 27
Continuous lower bound achieved.
This is a flower.
The is the sum of cliques
Complement upper bound achieved.
Elapsed time: 0.062160491943359375 seconds.

Working on n=02, k=15, i=04
Loading data from clique_data.json
Lower and upper bounds are equal
Minimum sum: 26
Continuous lower bound achieved.
This is a flower.
The is the sum of cliques
Complement upper bound achieved.
Elapsed time: 0.06559133529663086 seconds.

Working on n=02, k=15, i=05
Loading data from clique_data.json
Lower and upper bounds are equal
Minimum sum: 25
Continuous lower bound achieved.
This is a flower.
The is the sum of cliques
Complement upper bound achieved.
Elapsed time: 0.0634920597076416 seconds.

Working on n=02, k=15, i=06
Loading data from clique_data.json
Lower and upper bounds are equal
Minimum sum: 24
Continuous lower bound achieved.
This is a flower.
The is the sum of cliques
Complement upper bound achieved.
Elapsed time: 0.05911374092102051 seconds.

Working on n=02, k=15, i=07
Loading data from clique_data.json
Lower and upper bounds are equal
Minimum sum: 23
Continuous lower bound achieved.
This is a flower.
The is the sum of cliques
Complement upper bound achieved.
Elapsed time: 0.0647120475769043 seconds.

Working on n=02, k=15, i=08
Loading data from clique_data.json
Lower and upper bounds are equal
Minimum sum: 22
Continuous lower bound achieved.
This is a flower.
The is the sum of cliques
Complement upper bound achieved.
Elapsed time: 0.05916762351989746 seconds.

Working on n=02, k=15, i=09
Loading data from clique_data.json
Lower and upper bounds are equal
Minimum sum: 21
Continuous lower bound achieved.
This is a flower.
The is the sum of cliques
Complement upper bound achieved.
Elapsed time: 0.06516480445861816 seconds.

Working on n=02, k=15, i=10
Loading data from clique_data.json
Lower and upper bounds are equal
Minimum sum: 20
Continuous lower bound achieved.
This is a flower.
The is the sum of cliques
Complement upper bound achieved.
Elapsed time: 0.06306743621826172 seconds.

Working on n=02, k=15, i=11
Loading data from clique_data.json
Lower and upper bounds are equal
Minimum sum: 19
Continuous lower bound achieved.
This is a flower.
The is the sum of cliques
Complement upper bound achieved.
Elapsed time: 0.06227540969848633 seconds.

Working on n=02, k=15, i=12
Loading data from clique_data.json
Lower and upper bounds are equal
Minimum sum: 18
Continuous lower bound achieved.
This is a flower.
The is the sum of cliques
Complement upper bound achieved.
Elapsed time: 0.06708788871765137 seconds.

Working on n=02, k=15, i=13
Loading data from clique_data.json
Lower and upper bounds are equal
Minimum sum: 17
Continuous lower bound achieved.
This is a flower.
The is the sum of cliques
Complement upper bound achieved.
Elapsed time: 0.06323671340942383 seconds.

Working on n=02, k=15, i=14
Loading data from clique_data.json
Lower and upper bounds are equal
Minimum sum: 16
Continuous lower bound achieved.
This is a flower.
The is the sum of cliques
Complement upper bound achieved.
Elapsed time: 0.06402397155761719 seconds.

Working on n=02, k=15, i=15
Loading data from clique_data.json
Lower and upper bounds are equal
Minimum sum: 15
Continuous lower bound achieved.
This is a flower.
The is the sum of cliques
Elapsed time: 0.0680699348449707 seconds.

Working on n=02, k=16, i=00
Loading data from clique_data.json
Lower and upper bounds are equal
Minimum sum: 32
Continuous lower bound achieved.
This is a flower.
The is the sum of cliques
Elapsed time: 0.062253475189208984 seconds.

Working on n=02, k=16, i=01
Loading data from clique_data.json
Lower and upper bounds are equal
Minimum sum: 31
Continuous lower bound achieved.
This is a flower.
The is the sum of cliques
Complement upper bound achieved.
Elapsed time: 0.06295251846313477 seconds.

Working on n=02, k=16, i=02
Loading data from clique_data.json
Lower and upper bounds are equal
Minimum sum: 30
Continuous lower bound achieved.
This is a flower.
The is the sum of cliques
Complement upper bound achieved.
Elapsed time: 0.06400680541992188 seconds.

Working on n=02, k=16, i=03
Loading data from clique_data.json
Lower and upper bounds are equal
Minimum sum: 29
Continuous lower bound achieved.
This is a flower.
The is the sum of cliques
Complement upper bound achieved.
Elapsed time: 0.06847739219665527 seconds.

Working on n=02, k=16, i=04
Loading data from clique_data.json
Lower and upper bounds are equal
Minimum sum: 28
Continuous lower bound achieved.
This is a flower.
The is the sum of cliques
Complement upper bound achieved.
Elapsed time: 0.06734323501586914 seconds.

Working on n=02, k=16, i=05
Loading data from clique_data.json
Lower and upper bounds are equal
Minimum sum: 27
Continuous lower bound achieved.
This is a flower.
The is the sum of cliques
Complement upper bound achieved.
Elapsed time: 0.0688943862915039 seconds.

Working on n=02, k=16, i=06
Loading data from clique_data.json
Lower and upper bounds are equal
Minimum sum: 26
Continuous lower bound achieved.
This is a flower.
The is the sum of cliques
Complement upper bound achieved.
Elapsed time: 0.0687253475189209 seconds.

Working on n=02, k=16, i=07
Loading data from clique_data.json
Lower and upper bounds are equal
Minimum sum: 25
Continuous lower bound achieved.
This is a flower.
The is the sum of cliques
Complement upper bound achieved.
Elapsed time: 0.06493568420410156 seconds.

Working on n=02, k=16, i=08
Loading data from clique_data.json
Lower and upper bounds are equal
Minimum sum: 24
Continuous lower bound achieved.
This is a flower.
The is the sum of cliques
Complement upper bound achieved.
Elapsed time: 0.07998275756835938 seconds.

Working on n=02, k=16, i=09
Loading data from clique_data.json
Lower and upper bounds are equal
Minimum sum: 23
Continuous lower bound achieved.
This is a flower.
The is the sum of cliques
Complement upper bound achieved.
Elapsed time: 0.06740546226501465 seconds.

Working on n=02, k=16, i=10
Loading data from clique_data.json
Lower and upper bounds are equal
Minimum sum: 22
Continuous lower bound achieved.
This is a flower.
The is the sum of cliques
Complement upper bound achieved.
Elapsed time: 0.06946539878845215 seconds.

Working on n=02, k=16, i=11
Loading data from clique_data.json
Lower and upper bounds are equal
Minimum sum: 21
Continuous lower bound achieved.
This is a flower.
The is the sum of cliques
Complement upper bound achieved.
Elapsed time: 0.07103729248046875 seconds.

Working on n=02, k=16, i=12
Loading data from clique_data.json
Lower and upper bounds are equal
Minimum sum: 20
Continuous lower bound achieved.
This is a flower.
The is the sum of cliques
Complement upper bound achieved.
Elapsed time: 0.06650161743164062 seconds.

Working on n=02, k=16, i=13
Loading data from clique_data.json
Lower and upper bounds are equal
Minimum sum: 19
Continuous lower bound achieved.
This is a flower.
The is the sum of cliques
Complement upper bound achieved.
Elapsed time: 0.08070564270019531 seconds.

Working on n=02, k=16, i=14
Loading data from clique_data.json
Lower and upper bounds are equal
Minimum sum: 18
Continuous lower bound achieved.
This is a flower.
The is the sum of cliques
Complement upper bound achieved.
Elapsed time: 0.06776285171508789 seconds.

Working on n=02, k=16, i=15
Loading data from clique_data.json
Lower and upper bounds are equal
Minimum sum: 17
Continuous lower bound achieved.
This is a flower.
The is the sum of cliques
Complement upper bound achieved.
Elapsed time: 0.0680687427520752 seconds.

Working on n=02, k=16, i=16
Loading data from clique_data.json
Lower and upper bounds are equal
Minimum sum: 16
Continuous lower bound achieved.
This is a flower.
The is the sum of cliques
Elapsed time: 0.06781744956970215 seconds.

Working on n=02, k=17, i=00
Loading data from clique_data.json
Lower and upper bounds are equal
Minimum sum: 34
Continuous lower bound achieved.
This is a flower.
The is the sum of cliques
Elapsed time: 0.06559514999389648 seconds.

Working on n=02, k=17, i=01
Loading data from clique_data.json
Lower and upper bounds are equal
Minimum sum: 33
Continuous lower bound achieved.
This is a flower.
The is the sum of cliques
Complement upper bound achieved.
Elapsed time: 0.0687263011932373 seconds.

Working on n=02, k=17, i=02
Loading data from clique_data.json
Lower and upper bounds are equal
Minimum sum: 32
Continuous lower bound achieved.
This is a flower.
The is the sum of cliques
Complement upper bound achieved.
Elapsed time: 0.07119154930114746 seconds.

Working on n=02, k=17, i=03
Loading data from clique_data.json
Lower and upper bounds are equal
Minimum sum: 31
Continuous lower bound achieved.
This is a flower.
The is the sum of cliques
Complement upper bound achieved.
Elapsed time: 0.07061290740966797 seconds.

Working on n=02, k=17, i=04
Loading data from clique_data.json
Lower and upper bounds are equal
Minimum sum: 30
Continuous lower bound achieved.
This is a flower.
The is the sum of cliques
Complement upper bound achieved.
Elapsed time: 0.06643509864807129 seconds.

Working on n=02, k=17, i=05
Loading data from clique_data.json
Lower and upper bounds are equal
Minimum sum: 29
Continuous lower bound achieved.
This is a flower.
The is the sum of cliques
Complement upper bound achieved.
Elapsed time: 0.06778383255004883 seconds.

Working on n=02, k=17, i=06
Loading data from clique_data.json
Lower and upper bounds are equal
Minimum sum: 28
Continuous lower bound achieved.
This is a flower.
The is the sum of cliques
Complement upper bound achieved.
Elapsed time: 0.0676426887512207 seconds.

Working on n=02, k=17, i=07
Loading data from clique_data.json
Lower and upper bounds are equal
Minimum sum: 27
Continuous lower bound achieved.
This is a flower.
The is the sum of cliques
Complement upper bound achieved.
Elapsed time: 0.07589864730834961 seconds.

Working on n=02, k=17, i=08
Loading data from clique_data.json
Lower and upper bounds are equal
Minimum sum: 26
Continuous lower bound achieved.
This is a flower.
The is the sum of cliques
Complement upper bound achieved.
Elapsed time: 0.07052350044250488 seconds.

Working on n=02, k=17, i=09
Loading data from clique_data.json
Lower and upper bounds are equal
Minimum sum: 25
Continuous lower bound achieved.
This is a flower.
The is the sum of cliques
Complement upper bound achieved.
Elapsed time: 0.07010078430175781 seconds.

Working on n=02, k=17, i=10
Loading data from clique_data.json
Lower and upper bounds are equal
Minimum sum: 24
Continuous lower bound achieved.
This is a flower.
The is the sum of cliques
Complement upper bound achieved.
Elapsed time: 0.07195711135864258 seconds.

Working on n=02, k=17, i=11
Loading data from clique_data.json
Lower and upper bounds are equal
Minimum sum: 23
Continuous lower bound achieved.
This is a flower.
The is the sum of cliques
Complement upper bound achieved.
Elapsed time: 0.07016301155090332 seconds.

Working on n=02, k=17, i=12
Loading data from clique_data.json
Lower and upper bounds are equal
Minimum sum: 22
Continuous lower bound achieved.
This is a flower.
The is the sum of cliques
Complement upper bound achieved.
Elapsed time: 0.08310461044311523 seconds.

Working on n=02, k=17, i=13
Loading data from clique_data.json
Lower and upper bounds are equal
Minimum sum: 21
Continuous lower bound achieved.
This is a flower.
The is the sum of cliques
Complement upper bound achieved.
Elapsed time: 0.07388687133789062 seconds.

Working on n=02, k=17, i=14
Loading data from clique_data.json
Lower and upper bounds are equal
Minimum sum: 20
Continuous lower bound achieved.
This is a flower.
The is the sum of cliques
Complement upper bound achieved.
Elapsed time: 0.07449483871459961 seconds.

Working on n=02, k=17, i=15
Loading data from clique_data.json
Lower and upper bounds are equal
Minimum sum: 19
Continuous lower bound achieved.
This is a flower.
The is the sum of cliques
Complement upper bound achieved.
Elapsed time: 0.07326340675354004 seconds.

Working on n=02, k=17, i=16
Loading data from clique_data.json
Lower and upper bounds are equal
Minimum sum: 18
Continuous lower bound achieved.
This is a flower.
The is the sum of cliques
Complement upper bound achieved.
Elapsed time: 0.07560157775878906 seconds.

Working on n=02, k=17, i=17
Loading data from clique_data.json
Lower and upper bounds are equal
Minimum sum: 17
Continuous lower bound achieved.
This is a flower.
The is the sum of cliques
Elapsed time: 0.07376456260681152 seconds.

Working on n=02, k=18, i=00
Loading data from clique_data.json
Lower and upper bounds are equal
Minimum sum: 36
Continuous lower bound achieved.
This is a flower.
The is the sum of cliques
Elapsed time: 0.07427716255187988 seconds.

Working on n=02, k=18, i=01
Loading data from clique_data.json
Lower and upper bounds are equal
Minimum sum: 35
Continuous lower bound achieved.
This is a flower.
The is the sum of cliques
Complement upper bound achieved.
Elapsed time: 0.07823896408081055 seconds.

Working on n=02, k=18, i=02
Loading data from clique_data.json
Lower and upper bounds are equal
Minimum sum: 34
Continuous lower bound achieved.
This is a flower.
The is the sum of cliques
Complement upper bound achieved.
Elapsed time: 0.0737605094909668 seconds.

Working on n=02, k=18, i=03
Loading data from clique_data.json
Lower and upper bounds are equal
Minimum sum: 33
Continuous lower bound achieved.
This is a flower.
The is the sum of cliques
Complement upper bound achieved.
Elapsed time: 0.07519674301147461 seconds.

Working on n=02, k=18, i=04
Loading data from clique_data.json
Lower and upper bounds are equal
Minimum sum: 32
Continuous lower bound achieved.
This is a flower.
The is the sum of cliques
Complement upper bound achieved.
Elapsed time: 0.07741594314575195 seconds.

Working on n=02, k=18, i=05
Loading data from clique_data.json
Lower and upper bounds are equal
Minimum sum: 31
Continuous lower bound achieved.
This is a flower.
The is the sum of cliques
Complement upper bound achieved.
Elapsed time: 0.08419275283813477 seconds.

Working on n=02, k=18, i=06
Loading data from clique_data.json
Lower and upper bounds are equal
Minimum sum: 30
Continuous lower bound achieved.
This is a flower.
The is the sum of cliques
Complement upper bound achieved.
Elapsed time: 0.08011388778686523 seconds.

Working on n=02, k=18, i=07
Loading data from clique_data.json
Lower and upper bounds are equal
Minimum sum: 29
Continuous lower bound achieved.
This is a flower.
The is the sum of cliques
Complement upper bound achieved.
Elapsed time: 0.07701444625854492 seconds.

Working on n=02, k=18, i=08
Loading data from clique_data.json
Lower and upper bounds are equal
Minimum sum: 28
Continuous lower bound achieved.
This is a flower.
The is the sum of cliques
Complement upper bound achieved.
Elapsed time: 0.07748746871948242 seconds.

Working on n=02, k=18, i=09
Loading data from clique_data.json
Lower and upper bounds are equal
Minimum sum: 27
Continuous lower bound achieved.
This is a flower.
The is the sum of cliques
Complement upper bound achieved.
Elapsed time: 0.07876133918762207 seconds.

Working on n=02, k=18, i=10
Loading data from clique_data.json
Lower and upper bounds are equal
Minimum sum: 26
Continuous lower bound achieved.
This is a flower.
The is the sum of cliques
Complement upper bound achieved.
Elapsed time: 0.07909631729125977 seconds.

Working on n=02, k=18, i=11
Loading data from clique_data.json
Lower and upper bounds are equal
Minimum sum: 25
Continuous lower bound achieved.
This is a flower.
The is the sum of cliques
Complement upper bound achieved.
Elapsed time: 0.07825398445129395 seconds.

Working on n=02, k=18, i=12
Loading data from clique_data.json
Lower and upper bounds are equal
Minimum sum: 24
Continuous lower bound achieved.
This is a flower.
The is the sum of cliques
Complement upper bound achieved.
Elapsed time: 0.07900738716125488 seconds.

Working on n=02, k=18, i=13
Loading data from clique_data.json
Lower and upper bounds are equal
Minimum sum: 23
Continuous lower bound achieved.
This is a flower.
The is the sum of cliques
Complement upper bound achieved.
Elapsed time: 0.08057236671447754 seconds.

Working on n=02, k=18, i=14
Loading data from clique_data.json
Lower and upper bounds are equal
Minimum sum: 22
Continuous lower bound achieved.
This is a flower.
The is the sum of cliques
Complement upper bound achieved.
Elapsed time: 0.08177495002746582 seconds.

Working on n=02, k=18, i=15
Loading data from clique_data.json
Lower and upper bounds are equal
Minimum sum: 21
Continuous lower bound achieved.
This is a flower.
The is the sum of cliques
Complement upper bound achieved.
Elapsed time: 0.08459639549255371 seconds.

Working on n=02, k=18, i=16
Loading data from clique_data.json
Lower and upper bounds are equal
Minimum sum: 20
Continuous lower bound achieved.
This is a flower.
The is the sum of cliques
Complement upper bound achieved.
Elapsed time: 0.08316302299499512 seconds.

Working on n=02, k=18, i=17
Loading data from clique_data.json
Lower and upper bounds are equal
Minimum sum: 19
Continuous lower bound achieved.
This is a flower.
The is the sum of cliques
Complement upper bound achieved.
Elapsed time: 0.08469009399414062 seconds.

Working on n=02, k=18, i=18
Loading data from clique_data.json
Lower and upper bounds are equal
Minimum sum: 18
Continuous lower bound achieved.
This is a flower.
The is the sum of cliques
Elapsed time: 0.0867924690246582 seconds.

Working on n=02, k=19, i=00
Loading data from clique_data.json
Lower and upper bounds are equal
Minimum sum: 38
Continuous lower bound achieved.
This is a flower.
The is the sum of cliques
Elapsed time: 0.08163809776306152 seconds.

Working on n=02, k=19, i=01
Loading data from clique_data.json
Lower and upper bounds are equal
Minimum sum: 37
Continuous lower bound achieved.
This is a flower.
The is the sum of cliques
Complement upper bound achieved.
Elapsed time: 0.0885000228881836 seconds.

Working on n=02, k=19, i=02
Loading data from clique_data.json
Lower and upper bounds are equal
Minimum sum: 36
Continuous lower bound achieved.
This is a flower.
The is the sum of cliques
Complement upper bound achieved.
Elapsed time: 0.08619141578674316 seconds.

Working on n=02, k=19, i=03
Loading data from clique_data.json
Lower and upper bounds are equal
Minimum sum: 35
Continuous lower bound achieved.
This is a flower.
The is the sum of cliques
Complement upper bound achieved.
Elapsed time: 0.08483624458312988 seconds.

Working on n=02, k=19, i=04
Loading data from clique_data.json
Lower and upper bounds are equal
Minimum sum: 34
Continuous lower bound achieved.
This is a flower.
The is the sum of cliques
Complement upper bound achieved.
Elapsed time: 0.0866093635559082 seconds.

Working on n=02, k=19, i=05
Loading data from clique_data.json
Lower and upper bounds are equal
Minimum sum: 33
Continuous lower bound achieved.
This is a flower.
The is the sum of cliques
Complement upper bound achieved.
Elapsed time: 0.08343935012817383 seconds.

Working on n=02, k=19, i=06
Loading data from clique_data.json
Lower and upper bounds are equal
Minimum sum: 32
Continuous lower bound achieved.
This is a flower.
The is the sum of cliques
Complement upper bound achieved.
Elapsed time: 0.08586692810058594 seconds.

Working on n=02, k=19, i=07
Loading data from clique_data.json
Lower and upper bounds are equal
Minimum sum: 31
Continuous lower bound achieved.
This is a flower.
The is the sum of cliques
Complement upper bound achieved.
Elapsed time: 0.08945035934448242 seconds.

Working on n=02, k=19, i=08
Loading data from clique_data.json
Lower and upper bounds are equal
Minimum sum: 30
Continuous lower bound achieved.
This is a flower.
The is the sum of cliques
Complement upper bound achieved.
Elapsed time: 0.09185028076171875 seconds.

Working on n=02, k=19, i=09
Loading data from clique_data.json
Lower and upper bounds are equal
Minimum sum: 29
Continuous lower bound achieved.
This is a flower.
The is the sum of cliques
Complement upper bound achieved.
Elapsed time: 0.09255218505859375 seconds.

Working on n=02, k=19, i=10
Loading data from clique_data.json
Lower and upper bounds are equal
Minimum sum: 28
Continuous lower bound achieved.
This is a flower.
The is the sum of cliques
Complement upper bound achieved.
Elapsed time: 0.09128451347351074 seconds.

Working on n=02, k=19, i=11
Loading data from clique_data.json
Lower and upper bounds are equal
Minimum sum: 27
Continuous lower bound achieved.
This is a flower.
The is the sum of cliques
Complement upper bound achieved.
Elapsed time: 0.08654189109802246 seconds.

Working on n=02, k=19, i=12
Loading data from clique_data.json
Lower and upper bounds are equal
Minimum sum: 26
Continuous lower bound achieved.
This is a flower.
The is the sum of cliques
Complement upper bound achieved.
Elapsed time: 0.10507822036743164 seconds.

Working on n=02, k=19, i=13
Loading data from clique_data.json
Lower and upper bounds are equal
Minimum sum: 25
Continuous lower bound achieved.
This is a flower.
The is the sum of cliques
Complement upper bound achieved.
Elapsed time: 0.09455299377441406 seconds.

Working on n=02, k=19, i=14
Loading data from clique_data.json
Lower and upper bounds are equal
Minimum sum: 24
Continuous lower bound achieved.
This is a flower.
The is the sum of cliques
Complement upper bound achieved.
Elapsed time: 0.09323978424072266 seconds.

Working on n=02, k=19, i=15
Loading data from clique_data.json
Lower and upper bounds are equal
Minimum sum: 23
Continuous lower bound achieved.
This is a flower.
The is the sum of cliques
Complement upper bound achieved.
Elapsed time: 0.0882260799407959 seconds.

Working on n=02, k=19, i=16
Loading data from clique_data.json
Lower and upper bounds are equal
Minimum sum: 22
Continuous lower bound achieved.
This is a flower.
The is the sum of cliques
Complement upper bound achieved.
Elapsed time: 0.09241104125976562 seconds.

Working on n=02, k=19, i=17
Loading data from clique_data.json
Lower and upper bounds are equal
Minimum sum: 21
Continuous lower bound achieved.
This is a flower.
The is the sum of cliques
Complement upper bound achieved.
Elapsed time: 0.0914306640625 seconds.

Working on n=02, k=19, i=18
Loading data from clique_data.json
Lower and upper bounds are equal
Minimum sum: 20
Continuous lower bound achieved.
This is a flower.
The is the sum of cliques
Complement upper bound achieved.
Elapsed time: 0.09208345413208008 seconds.

Working on n=02, k=19, i=19
Loading data from clique_data.json
Lower and upper bounds are equal
Minimum sum: 19
Continuous lower bound achieved.
This is a flower.
The is the sum of cliques
Elapsed time: 0.09058904647827148 seconds.

Working on n=02, k=20, i=00
Loading data from clique_data.json
Lower and upper bounds are equal
Minimum sum: 40
Continuous lower bound achieved.
This is a flower.
The is the sum of cliques
Elapsed time: 0.09555530548095703 seconds.

Working on n=02, k=20, i=01
Loading data from clique_data.json
Lower and upper bounds are equal
Minimum sum: 39
Continuous lower bound achieved.
This is a flower.
The is the sum of cliques
Complement upper bound achieved.
Elapsed time: 0.09319949150085449 seconds.

Working on n=02, k=20, i=02
Loading data from clique_data.json
Lower and upper bounds are equal
Minimum sum: 38
Continuous lower bound achieved.
This is a flower.
The is the sum of cliques
Complement upper bound achieved.
Elapsed time: 0.09998130798339844 seconds.

Working on n=02, k=20, i=03
Loading data from clique_data.json
Lower and upper bounds are equal
Minimum sum: 37
Continuous lower bound achieved.
This is a flower.
The is the sum of cliques
Complement upper bound achieved.
Elapsed time: 0.09746217727661133 seconds.

Working on n=02, k=20, i=04
Loading data from clique_data.json
Lower and upper bounds are equal
Minimum sum: 36
Continuous lower bound achieved.
This is a flower.
The is the sum of cliques
Complement upper bound achieved.
Elapsed time: 0.09389781951904297 seconds.

Working on n=02, k=20, i=05
Loading data from clique_data.json
Lower and upper bounds are equal
Minimum sum: 35
Continuous lower bound achieved.
This is a flower.
The is the sum of cliques
Complement upper bound achieved.
Elapsed time: 0.09686017036437988 seconds.

Working on n=02, k=20, i=06
Loading data from clique_data.json
Lower and upper bounds are equal
Minimum sum: 34
Continuous lower bound achieved.
This is a flower.
The is the sum of cliques
Complement upper bound achieved.
Elapsed time: 0.0953061580657959 seconds.

Working on n=02, k=20, i=07
Loading data from clique_data.json
Lower and upper bounds are equal
Minimum sum: 33
Continuous lower bound achieved.
This is a flower.
The is the sum of cliques
Complement upper bound achieved.
Elapsed time: 0.09797477722167969 seconds.

Working on n=02, k=20, i=08
Loading data from clique_data.json
Lower and upper bounds are equal
Minimum sum: 32
Continuous lower bound achieved.
This is a flower.
The is the sum of cliques
Complement upper bound achieved.
Elapsed time: 0.09715414047241211 seconds.

Working on n=02, k=20, i=09
Loading data from clique_data.json
Lower and upper bounds are equal
Minimum sum: 31
Continuous lower bound achieved.
This is a flower.
The is the sum of cliques
Complement upper bound achieved.
Elapsed time: 0.09731292724609375 seconds.

Working on n=02, k=20, i=10
Loading data from clique_data.json
Lower and upper bounds are equal
Minimum sum: 30
Continuous lower bound achieved.
This is a flower.
The is the sum of cliques
Complement upper bound achieved.
Elapsed time: 0.10043120384216309 seconds.

Working on n=02, k=20, i=11
Loading data from clique_data.json
Lower and upper bounds are equal
Minimum sum: 29
Continuous lower bound achieved.
This is a flower.
The is the sum of cliques
Complement upper bound achieved.
Elapsed time: 0.0996391773223877 seconds.

Working on n=02, k=20, i=12
Loading data from clique_data.json
Lower and upper bounds are equal
Minimum sum: 28
Continuous lower bound achieved.
This is a flower.
The is the sum of cliques
Complement upper bound achieved.
Elapsed time: 0.10110020637512207 seconds.

Working on n=02, k=20, i=13
Loading data from clique_data.json
Lower and upper bounds are equal
Minimum sum: 27
Continuous lower bound achieved.
This is a flower.
The is the sum of cliques
Complement upper bound achieved.
Elapsed time: 0.09871912002563477 seconds.

Working on n=02, k=20, i=14
Loading data from clique_data.json
Lower and upper bounds are equal
Minimum sum: 26
Continuous lower bound achieved.
This is a flower.
The is the sum of cliques
Complement upper bound achieved.
Elapsed time: 0.10239577293395996 seconds.

Working on n=02, k=20, i=15
Loading data from clique_data.json
Lower and upper bounds are equal
Minimum sum: 25
Continuous lower bound achieved.
This is a flower.
The is the sum of cliques
Complement upper bound achieved.
Elapsed time: 0.1023855209350586 seconds.

Working on n=02, k=20, i=16
Loading data from clique_data.json
Lower and upper bounds are equal
Minimum sum: 24
Continuous lower bound achieved.
This is a flower.
The is the sum of cliques
Complement upper bound achieved.
Elapsed time: 0.10437536239624023 seconds.

Working on n=02, k=20, i=17
Loading data from clique_data.json
Lower and upper bounds are equal
Minimum sum: 23
Continuous lower bound achieved.
This is a flower.
The is the sum of cliques
Complement upper bound achieved.
Elapsed time: 0.1022336483001709 seconds.

Working on n=02, k=20, i=18
Loading data from clique_data.json
Lower and upper bounds are equal
Minimum sum: 22
Continuous lower bound achieved.
This is a flower.
The is the sum of cliques
Complement upper bound achieved.
Elapsed time: 0.1026921272277832 seconds.

Working on n=02, k=20, i=19
Loading data from clique_data.json
Lower and upper bounds are equal
Minimum sum: 21
Continuous lower bound achieved.
This is a flower.
The is the sum of cliques
Complement upper bound achieved.
Elapsed time: 0.10546374320983887 seconds.

Working on n=02, k=20, i=20
Loading data from clique_data.json
Lower and upper bounds are equal
Minimum sum: 20
Continuous lower bound achieved.
This is a flower.
The is the sum of cliques
Elapsed time: 0.10495829582214355 seconds.

Working on n=03, k=01, i=00
Loading data from clique_data.json
Lower and upper bounds are equal
Minimum sum: 3
Continuous lower bound achieved.
This is a flower.
Elapsed time: 0.0435025691986084 seconds.

Working on n=03, k=01, i=01
Loading data from clique_data.json
Lower and upper bounds are equal
Minimum sum: 1
Continuous lower bound achieved.
This is a flower.
Elapsed time: 0.05486464500427246 seconds.

Working on n=03, k=02, i=00
Loading data from clique_data.json
Lower and upper bounds are equal
Minimum sum: 6
Continuous lower bound achieved.
This is a flower.
The is the sum of cliques
Elapsed time: 0.04366803169250488 seconds.

Working on n=03, k=02, i=01
Loading data from clique_data.json
Lower and upper bounds are equal
Minimum sum: 3
Continuous lower bound achieved.
Complement upper bound achieved.
Elapsed time: 0.04423117637634277 seconds.

Working on n=03, k=02, i=02
Loading data from clique_data.json
Lower and upper bounds are equal
Minimum sum: 2
Continuous lower bound achieved.
This is a flower.
The is the sum of cliques
Elapsed time: 0.043633460998535156 seconds.

Working on n=03, k=03, i=00
Loading data from clique_data.json
Lower and upper bounds are equal
Minimum sum: 9
Continuous lower bound achieved.
This is a flower.
The is the sum of cliques
Elapsed time: 0.04314017295837402 seconds.

Working on n=03, k=03, i=01
Loading data from clique_data.json
Lower and upper bounds are equal
Minimum sum: 6
Continuous lower bound achieved.
The is the sum of cliques
Elapsed time: 0.04433321952819824 seconds.

Working on n=03, k=03, i=02
Loading data from clique_data.json
Lower and upper bounds are equal
Minimum sum: 4
Continuous lower bound achieved.
The is the sum of cliques
Complement upper bound achieved.
Elapsed time: 0.04369926452636719 seconds.

Working on n=03, k=03, i=03
Loading data from clique_data.json
Lower and upper bounds are equal
Minimum sum: 3
Continuous lower bound achieved.
This is a flower.
The is the sum of cliques
Elapsed time: 0.06255507469177246 seconds.

Working on n=03, k=04, i=00
Loading data from clique_data.json
Lower and upper bounds are equal
Minimum sum: 12
Continuous lower bound achieved.
This is a flower.
The is the sum of cliques
Elapsed time: 0.044098615646362305 seconds.

Working on n=03, k=04, i=01
Loading data from clique_data.json
Lower and upper bounds are equal
Minimum sum: 9
Continuous lower bound achieved.
The is the sum of cliques
Elapsed time: 0.04442572593688965 seconds.

Working on n=03, k=04, i=02
Loading data from clique_data.json
Lower and upper bounds are equal
Minimum sum: 6
Continuous lower bound achieved.
The is the sum of cliques
Complement upper bound achieved.
Elapsed time: 0.05130624771118164 seconds.

Working on n=03, k=04, i=03
Loading data from clique_data.json
Lower and upper bounds are equal
Minimum sum: 5
Continuous lower bound achieved.
The is the sum of cliques
Complement upper bound achieved.
Elapsed time: 0.04472208023071289 seconds.

Working on n=03, k=04, i=04
Loading data from clique_data.json
Lower and upper bounds are equal
Minimum sum: 4
Continuous lower bound achieved.
This is a flower.
The is the sum of cliques
Elapsed time: 0.045258283615112305 seconds.

Working on n=03, k=05, i=00
Loading data from clique_data.json
Lower and upper bounds are equal
Minimum sum: 15
Continuous lower bound achieved.
This is a flower.
The is the sum of cliques
Elapsed time: 0.04856681823730469 seconds.

Working on n=03, k=05, i=01
Loading data from clique_data.json
Lower and upper bounds are equal
Minimum sum: 12
Continuous lower bound achieved.
The is the sum of cliques
Elapsed time: 0.04461932182312012 seconds.

Working on n=03, k=05, i=02
Loading data from clique_data.json
Lower and upper bounds are equal
Minimum sum: 9
Continuous lower bound achieved.
The is the sum of cliques
Complement upper bound achieved.
Elapsed time: 0.050226449966430664 seconds.

Working on n=03, k=05, i=03
Loading data from clique_data.json
Lower and upper bounds are equal
Minimum sum: 7
Continuous lower bound achieved.
The is the sum of cliques
Complement upper bound achieved.
Elapsed time: 0.04737234115600586 seconds.

Working on n=03, k=05, i=04
Loading data from clique_data.json
Lower and upper bounds are equal
Minimum sum: 6
Continuous lower bound achieved.
The is the sum of cliques
Complement upper bound achieved.
Elapsed time: 0.04711198806762695 seconds.

Working on n=03, k=05, i=05
Loading data from clique_data.json
Lower and upper bounds are equal
Minimum sum: 5
Continuous lower bound achieved.
This is a flower.
The is the sum of cliques
Elapsed time: 0.04619145393371582 seconds.

Working on n=03, k=06, i=00
Loading data from clique_data.json
Lower and upper bounds are equal
Minimum sum: 18
Continuous lower bound achieved.
This is a flower.
The is the sum of cliques
Elapsed time: 0.04947209358215332 seconds.

Working on n=03, k=06, i=01
Loading data from clique_data.json
Lower and upper bounds are equal
Minimum sum: 15
Continuous lower bound achieved.
The is the sum of cliques
Elapsed time: 0.0474092960357666 seconds.

Working on n=03, k=06, i=02
Loading data from clique_data.json
Lower and upper bounds are equal
Minimum sum: 12
Continuous lower bound achieved.
The is the sum of cliques
Elapsed time: 0.05143547058105469 seconds.

Working on n=03, k=06, i=03
Loading data from clique_data.json
Lower and upper bounds are equal
Minimum sum: 9
Continuous lower bound achieved.
The is the sum of cliques
Complement upper bound achieved.
Elapsed time: 0.0469973087310791 seconds.

Working on n=03, k=06, i=04
Loading data from clique_data.json
Lower and upper bounds are equal
Minimum sum: 8
Continuous lower bound achieved.
The is the sum of cliques
Complement upper bound achieved.
Elapsed time: 0.05014657974243164 seconds.

Working on n=03, k=06, i=05
Loading data from clique_data.json
Lower and upper bounds are equal
Minimum sum: 7
Continuous lower bound achieved.
The is the sum of cliques
Complement upper bound achieved.
Elapsed time: 0.05003213882446289 seconds.

Working on n=03, k=06, i=06
Loading data from clique_data.json
Lower and upper bounds are equal
Minimum sum: 6
Continuous lower bound achieved.
This is a flower.
The is the sum of cliques
Elapsed time: 0.051320791244506836 seconds.

Working on n=03, k=07, i=00
Loading data from clique_data.json
Lower and upper bounds are equal
Minimum sum: 21
Continuous lower bound achieved.
This is a flower.
The is the sum of cliques
Elapsed time: 0.04957222938537598 seconds.

Working on n=03, k=07, i=01
Loading data from clique_data.json
Lower and upper bounds are equal
Minimum sum: 18
Continuous lower bound achieved.
The is the sum of cliques
Elapsed time: 0.05050921440124512 seconds.

Working on n=03, k=07, i=02
Loading data from clique_data.json
Lower and upper bounds are equal
Minimum sum: 15
Continuous lower bound achieved.
The is the sum of cliques
Elapsed time: 0.05053138732910156 seconds.

Working on n=03, k=07, i=03
Loading data from clique_data.json
Lower and upper bounds are equal
Minimum sum: 12
Continuous lower bound achieved.
The is the sum of cliques
Complement upper bound achieved.
Elapsed time: 0.04816174507141113 seconds.

Working on n=03, k=07, i=04
Loading data from clique_data.json
Lower and upper bounds are equal
Minimum sum: 10
Continuous lower bound achieved.
The is the sum of cliques
Complement upper bound achieved.
Elapsed time: 0.04925537109375 seconds.

Working on n=03, k=07, i=05
Loading data from clique_data.json
Lower and upper bounds are equal
Minimum sum: 9
Continuous lower bound achieved.
The is the sum of cliques
Complement upper bound achieved.
Elapsed time: 0.04895758628845215 seconds.

Working on n=03, k=07, i=06
Loading data from clique_data.json
Lower and upper bounds are equal
Minimum sum: 8
Continuous lower bound achieved.
The is the sum of cliques
Complement upper bound achieved.
Elapsed time: 0.05181598663330078 seconds.

Working on n=03, k=07, i=07
Loading data from clique_data.json
Lower and upper bounds are equal
Minimum sum: 7
Continuous lower bound achieved.
This is a flower.
The is the sum of cliques
Elapsed time: 0.050014495849609375 seconds.

Working on n=03, k=08, i=00
Loading data from clique_data.json
Lower and upper bounds are equal
Minimum sum: 24
Continuous lower bound achieved.
This is a flower.
The is the sum of cliques
Elapsed time: 0.0505218505859375 seconds.

Working on n=03, k=08, i=01
Loading data from clique_data.json
Lower and upper bounds are equal
Minimum sum: 21
Continuous lower bound achieved.
The is the sum of cliques
Elapsed time: 0.048964500427246094 seconds.

Working on n=03, k=08, i=02
Loading data from clique_data.json
Lower and upper bounds are equal
Minimum sum: 18
Continuous lower bound achieved.
The is the sum of cliques
Elapsed time: 0.05097007751464844 seconds.

Working on n=03, k=08, i=03
Loading data from clique_data.json
Lower and upper bounds are equal
Minimum sum: 15
Continuous lower bound achieved.
The is the sum of cliques
Complement upper bound achieved.
Elapsed time: 0.06539368629455566 seconds.

Working on n=03, k=08, i=04
Loading data from clique_data.json
Lower and upper bounds are equal
Minimum sum: 12
Continuous lower bound achieved.
The is the sum of cliques
Complement upper bound achieved.
Elapsed time: 0.051929473876953125 seconds.

Working on n=03, k=08, i=05
Loading data from clique_data.json
Lower and upper bounds are equal
Minimum sum: 11
Continuous lower bound achieved.
The is the sum of cliques
Complement upper bound achieved.
Elapsed time: 0.05213737487792969 seconds.

Working on n=03, k=08, i=06
Loading data from clique_data.json
Lower and upper bounds are equal
Minimum sum: 10
Continuous lower bound achieved.
The is the sum of cliques
Complement upper bound achieved.
Elapsed time: 0.04963374137878418 seconds.

Working on n=03, k=08, i=07
Loading data from clique_data.json
Lower and upper bounds are equal
Minimum sum: 9
Continuous lower bound achieved.
The is the sum of cliques
Complement upper bound achieved.
Elapsed time: 0.054102182388305664 seconds.

Working on n=03, k=08, i=08
Loading data from clique_data.json
Lower and upper bounds are equal
Minimum sum: 8
Continuous lower bound achieved.
This is a flower.
The is the sum of cliques
Elapsed time: 0.05067300796508789 seconds.

Working on n=03, k=09, i=00
Loading data from clique_data.json
Lower and upper bounds are equal
Minimum sum: 27
Continuous lower bound achieved.
This is a flower.
The is the sum of cliques
Elapsed time: 0.05712556838989258 seconds.

Working on n=03, k=09, i=01
Loading data from clique_data.json
Lower and upper bounds are equal
Minimum sum: 24
Continuous lower bound achieved.
The is the sum of cliques
Elapsed time: 0.05388379096984863 seconds.

Working on n=03, k=09, i=02
Loading data from clique_data.json
Lower and upper bounds are equal
Minimum sum: 21
Continuous lower bound achieved.
The is the sum of cliques
Elapsed time: 0.05030679702758789 seconds.

Working on n=03, k=09, i=03
Loading data from clique_data.json
Lower and upper bounds are equal
Minimum sum: 18
Continuous lower bound achieved.
The is the sum of cliques
Elapsed time: 0.05215024948120117 seconds.

Working on n=03, k=09, i=04
Loading data from clique_data.json
Lower and upper bounds are equal
Minimum sum: 15
Continuous lower bound achieved.
The is the sum of cliques
Complement upper bound achieved.
Elapsed time: 0.05171608924865723 seconds.

Working on n=03, k=09, i=05
Loading data from clique_data.json
Lower and upper bounds are equal
Minimum sum: 13
Continuous lower bound achieved.
The is the sum of cliques
Complement upper bound achieved.
Elapsed time: 0.0516817569732666 seconds.

Working on n=03, k=09, i=06
Loading data from clique_data.json
Lower and upper bounds are equal
Minimum sum: 12
Continuous lower bound achieved.
The is the sum of cliques
Complement upper bound achieved.
Elapsed time: 0.05135202407836914 seconds.

Working on n=03, k=09, i=07
Loading data from clique_data.json
Lower and upper bounds are equal
Minimum sum: 11
Continuous lower bound achieved.
The is the sum of cliques
Complement upper bound achieved.
Elapsed time: 0.05316781997680664 seconds.

Working on n=03, k=09, i=08
Loading data from clique_data.json
Lower and upper bounds are equal
Minimum sum: 10
Continuous lower bound achieved.
The is the sum of cliques
Complement upper bound achieved.
Elapsed time: 0.05269432067871094 seconds.

Working on n=03, k=09, i=09
Loading data from clique_data.json
Lower and upper bounds are equal
Minimum sum: 9
Continuous lower bound achieved.
This is a flower.
The is the sum of cliques
Elapsed time: 0.05431675910949707 seconds.

Working on n=03, k=10, i=00
Loading data from clique_data.json
Lower and upper bounds are equal
Minimum sum: 30
Continuous lower bound achieved.
This is a flower.
The is the sum of cliques
Elapsed time: 0.05428934097290039 seconds.

Working on n=03, k=10, i=01
Loading data from clique_data.json
Lower and upper bounds are equal
Minimum sum: 27
Continuous lower bound achieved.
The is the sum of cliques
Elapsed time: 0.05262303352355957 seconds.

Working on n=03, k=10, i=02
Loading data from clique_data.json
Lower and upper bounds are equal
Minimum sum: 24
Continuous lower bound achieved.
The is the sum of cliques
Elapsed time: 0.05866265296936035 seconds.

Working on n=03, k=10, i=03
Loading data from clique_data.json
Lower and upper bounds are equal
Minimum sum: 21
Continuous lower bound achieved.
The is the sum of cliques
Elapsed time: 0.053041696548461914 seconds.

Working on n=03, k=10, i=04
Loading data from clique_data.json
Lower and upper bounds are equal
Minimum sum: 18
Continuous lower bound achieved.
The is the sum of cliques
Complement upper bound achieved.
Elapsed time: 0.05466032028198242 seconds.

Working on n=03, k=10, i=05
Loading data from clique_data.json
Lower and upper bounds are equal
Minimum sum: 15
Continuous lower bound achieved.
The is the sum of cliques
Complement upper bound achieved.
Elapsed time: 0.05778145790100098 seconds.

Working on n=03, k=10, i=06
Loading data from clique_data.json
Lower and upper bounds are equal
Minimum sum: 14
Continuous lower bound achieved.
The is the sum of cliques
Complement upper bound achieved.
Elapsed time: 0.055985212326049805 seconds.

Working on n=03, k=10, i=07
Loading data from clique_data.json
Lower and upper bounds are equal
Minimum sum: 13
Continuous lower bound achieved.
The is the sum of cliques
Complement upper bound achieved.
Elapsed time: 0.05547380447387695 seconds.

Working on n=03, k=10, i=08
Loading data from clique_data.json
Lower and upper bounds are equal
Minimum sum: 12
Continuous lower bound achieved.
The is the sum of cliques
Complement upper bound achieved.
Elapsed time: 0.07022690773010254 seconds.

Working on n=03, k=10, i=09
Loading data from clique_data.json
Lower and upper bounds are equal
Minimum sum: 11
Continuous lower bound achieved.
The is the sum of cliques
Complement upper bound achieved.
Elapsed time: 0.05315661430358887 seconds.

Working on n=03, k=10, i=10
Loading data from clique_data.json
Lower and upper bounds are equal
Minimum sum: 10
Continuous lower bound achieved.
This is a flower.
The is the sum of cliques
Elapsed time: 0.05632185935974121 seconds.

Working on n=03, k=11, i=00
Loading data from clique_data.json
Lower and upper bounds are equal
Minimum sum: 33
Continuous lower bound achieved.
This is a flower.
The is the sum of cliques
Elapsed time: 0.05602717399597168 seconds.

Working on n=03, k=11, i=01
Loading data from clique_data.json
Lower and upper bounds are equal
Minimum sum: 30
Continuous lower bound achieved.
The is the sum of cliques
Elapsed time: 0.0545806884765625 seconds.

Working on n=03, k=11, i=02
Loading data from clique_data.json
Lower and upper bounds are equal
Minimum sum: 27
Continuous lower bound achieved.
The is the sum of cliques
Elapsed time: 0.05553793907165527 seconds.

Working on n=03, k=11, i=03
Loading data from clique_data.json
Lower and upper bounds are equal
Minimum sum: 24
Continuous lower bound achieved.
The is the sum of cliques
Elapsed time: 0.056752920150756836 seconds.

Working on n=03, k=11, i=04
Loading data from clique_data.json
Lower and upper bounds are equal
Minimum sum: 21
Continuous lower bound achieved.
The is the sum of cliques
Complement upper bound achieved.
Elapsed time: 0.056494951248168945 seconds.

Working on n=03, k=11, i=05
Loading data from clique_data.json
Lower and upper bounds are equal
Minimum sum: 18
Continuous lower bound achieved.
The is the sum of cliques
Complement upper bound achieved.
Elapsed time: 0.05683302879333496 seconds.

Working on n=03, k=11, i=06
Loading data from clique_data.json
Lower and upper bounds are equal
Minimum sum: 16
Continuous lower bound achieved.
The is the sum of cliques
Complement upper bound achieved.
Elapsed time: 0.05915641784667969 seconds.

Working on n=03, k=11, i=07
Loading data from clique_data.json
Lower and upper bounds are equal
Minimum sum: 15
Continuous lower bound achieved.
The is the sum of cliques
Complement upper bound achieved.
Elapsed time: 0.0569612979888916 seconds.

Working on n=03, k=11, i=08
Loading data from clique_data.json
Lower and upper bounds are equal
Minimum sum: 14
Continuous lower bound achieved.
The is the sum of cliques
Complement upper bound achieved.
Elapsed time: 0.06303143501281738 seconds.

Working on n=03, k=11, i=09
Loading data from clique_data.json
Lower and upper bounds are equal
Minimum sum: 13
Continuous lower bound achieved.
The is the sum of cliques
Complement upper bound achieved.
Elapsed time: 0.061107635498046875 seconds.

Working on n=03, k=11, i=10
Loading data from clique_data.json
Lower and upper bounds are equal
Minimum sum: 12
Continuous lower bound achieved.
The is the sum of cliques
Complement upper bound achieved.
Elapsed time: 0.06677770614624023 seconds.

Working on n=03, k=11, i=11
Loading data from clique_data.json
Lower and upper bounds are equal
Minimum sum: 11
Continuous lower bound achieved.
This is a flower.
The is the sum of cliques
Elapsed time: 0.05902218818664551 seconds.

Working on n=03, k=12, i=00
Loading data from clique_data.json
Lower and upper bounds are equal
Minimum sum: 36
Continuous lower bound achieved.
This is a flower.
The is the sum of cliques
Elapsed time: 0.062436819076538086 seconds.

Working on n=03, k=12, i=01
Loading data from clique_data.json
Lower and upper bounds are equal
Minimum sum: 33
Continuous lower bound achieved.
The is the sum of cliques
Elapsed time: 0.062072038650512695 seconds.

Working on n=03, k=12, i=02
Loading data from clique_data.json
Lower and upper bounds are equal
Minimum sum: 30
Continuous lower bound achieved.
The is the sum of cliques
Elapsed time: 0.08086991310119629 seconds.

Working on n=03, k=12, i=03
Loading data from clique_data.json
Lower and upper bounds are equal
Minimum sum: 27
Continuous lower bound achieved.
The is the sum of cliques
Elapsed time: 0.06530308723449707 seconds.

Working on n=03, k=12, i=04
Loading data from clique_data.json
Lower and upper bounds are equal
Minimum sum: 24
Continuous lower bound achieved.
The is the sum of cliques
Elapsed time: 0.06293606758117676 seconds.

Working on n=03, k=12, i=05
Loading data from clique_data.json
Lower and upper bounds are equal
Minimum sum: 21
Continuous lower bound achieved.
The is the sum of cliques
Complement upper bound achieved.
Elapsed time: 0.06151175498962402 seconds.

Working on n=03, k=12, i=06
Loading data from clique_data.json
Lower and upper bounds are equal
Minimum sum: 18
Continuous lower bound achieved.
The is the sum of cliques
Complement upper bound achieved.
Elapsed time: 0.06115579605102539 seconds.

Working on n=03, k=12, i=07
Loading data from clique_data.json
Lower and upper bounds are equal
Minimum sum: 17
Continuous lower bound achieved.
The is the sum of cliques
Complement upper bound achieved.
Elapsed time: 0.06195378303527832 seconds.

Working on n=03, k=12, i=08
Loading data from clique_data.json
Lower and upper bounds are equal
Minimum sum: 16
Continuous lower bound achieved.
The is the sum of cliques
Complement upper bound achieved.
Elapsed time: 0.07968807220458984 seconds.

Working on n=03, k=12, i=09
Loading data from clique_data.json
Lower and upper bounds are equal
Minimum sum: 15
Continuous lower bound achieved.
The is the sum of cliques
Complement upper bound achieved.
Elapsed time: 0.06341958045959473 seconds.

Working on n=03, k=12, i=10
Loading data from clique_data.json
Lower and upper bounds are equal
Minimum sum: 14
Continuous lower bound achieved.
The is the sum of cliques
Complement upper bound achieved.
Elapsed time: 0.06224942207336426 seconds.

Working on n=03, k=12, i=11
Loading data from clique_data.json
Lower and upper bounds are equal
Minimum sum: 13
Continuous lower bound achieved.
The is the sum of cliques
Complement upper bound achieved.
Elapsed time: 0.06511807441711426 seconds.

Working on n=03, k=12, i=12
Loading data from clique_data.json
Lower and upper bounds are equal
Minimum sum: 12
Continuous lower bound achieved.
This is a flower.
The is the sum of cliques
Elapsed time: 0.06117868423461914 seconds.

Working on n=03, k=13, i=00
Loading data from clique_data.json
Lower and upper bounds are equal
Minimum sum: 39
Continuous lower bound achieved.
This is a flower.
The is the sum of cliques
Elapsed time: 0.0663301944732666 seconds.

Working on n=03, k=13, i=01
Loading data from clique_data.json
Lower and upper bounds are equal
Minimum sum: 36
Continuous lower bound achieved.
The is the sum of cliques
Elapsed time: 0.06894898414611816 seconds.

Working on n=03, k=13, i=02
Loading data from clique_data.json
Lower and upper bounds are equal
Minimum sum: 33
Continuous lower bound achieved.
The is the sum of cliques
Elapsed time: 0.06373000144958496 seconds.

Working on n=03, k=13, i=03
Loading data from clique_data.json
Lower and upper bounds are equal
Minimum sum: 30
Continuous lower bound achieved.
The is the sum of cliques
Elapsed time: 0.0625455379486084 seconds.

Working on n=03, k=13, i=04
Loading data from clique_data.json
Lower and upper bounds are equal
Minimum sum: 27
Continuous lower bound achieved.
The is the sum of cliques
Elapsed time: 0.06350374221801758 seconds.

Working on n=03, k=13, i=05
Loading data from clique_data.json
Lower and upper bounds are equal
Minimum sum: 24
Continuous lower bound achieved.
The is the sum of cliques
Complement upper bound achieved.
Elapsed time: 0.06606125831604004 seconds.

Working on n=03, k=13, i=06
Loading data from clique_data.json
Lower and upper bounds are equal
Minimum sum: 21
Continuous lower bound achieved.
The is the sum of cliques
Complement upper bound achieved.
Elapsed time: 0.0663297176361084 seconds.

Working on n=03, k=13, i=07
Loading data from clique_data.json
Lower and upper bounds are equal
Minimum sum: 19
Continuous lower bound achieved.
The is the sum of cliques
Complement upper bound achieved.
Elapsed time: 0.06576037406921387 seconds.

Working on n=03, k=13, i=08
Loading data from clique_data.json
Lower and upper bounds are equal
Minimum sum: 18
Continuous lower bound achieved.
The is the sum of cliques
Complement upper bound achieved.
Elapsed time: 0.06652545928955078 seconds.

Working on n=03, k=13, i=09
Loading data from clique_data.json
Lower and upper bounds are equal
Minimum sum: 17
Continuous lower bound achieved.
The is the sum of cliques
Complement upper bound achieved.
Elapsed time: 0.0697779655456543 seconds.

Working on n=03, k=13, i=10
Loading data from clique_data.json
Lower and upper bounds are equal
Minimum sum: 16
Continuous lower bound achieved.
The is the sum of cliques
Complement upper bound achieved.
Elapsed time: 0.06540608406066895 seconds.

Working on n=03, k=13, i=11
Loading data from clique_data.json
Lower and upper bounds are equal
Minimum sum: 15
Continuous lower bound achieved.
The is the sum of cliques
Complement upper bound achieved.
Elapsed time: 0.0651710033416748 seconds.

Working on n=03, k=13, i=12
Loading data from clique_data.json
Lower and upper bounds are equal
Minimum sum: 14
Continuous lower bound achieved.
The is the sum of cliques
Complement upper bound achieved.
Elapsed time: 0.0684669017791748 seconds.

Working on n=03, k=13, i=13
Loading data from clique_data.json
Lower and upper bounds are equal
Minimum sum: 13
Continuous lower bound achieved.
This is a flower.
The is the sum of cliques
Elapsed time: 0.06825089454650879 seconds.

Working on n=03, k=14, i=00
Loading data from clique_data.json
Lower and upper bounds are equal
Minimum sum: 42
Continuous lower bound achieved.
This is a flower.
The is the sum of cliques
Elapsed time: 0.06683826446533203 seconds.

Working on n=03, k=14, i=01
Loading data from clique_data.json
Lower and upper bounds are equal
Minimum sum: 39
Continuous lower bound achieved.
The is the sum of cliques
Elapsed time: 0.06589794158935547 seconds.

Working on n=03, k=14, i=02
Loading data from clique_data.json
Lower and upper bounds are equal
Minimum sum: 36
Continuous lower bound achieved.
The is the sum of cliques
Elapsed time: 0.06888842582702637 seconds.

Working on n=03, k=14, i=03
Loading data from clique_data.json
Lower and upper bounds are equal
Minimum sum: 33
Continuous lower bound achieved.
The is the sum of cliques
Elapsed time: 0.06865620613098145 seconds.

Working on n=03, k=14, i=04
Loading data from clique_data.json
Lower and upper bounds are equal
Minimum sum: 30
Continuous lower bound achieved.
The is the sum of cliques
Elapsed time: 0.06783294677734375 seconds.

Working on n=03, k=14, i=05
Loading data from clique_data.json
Lower and upper bounds are equal
Minimum sum: 27
Continuous lower bound achieved.
The is the sum of cliques
Complement upper bound achieved.
Elapsed time: 0.06613922119140625 seconds.

Working on n=03, k=14, i=06
Loading data from clique_data.json
Lower and upper bounds are equal
Minimum sum: 24
Continuous lower bound achieved.
The is the sum of cliques
Complement upper bound achieved.
Elapsed time: 0.06846761703491211 seconds.

Working on n=03, k=14, i=07
Loading data from clique_data.json
Lower and upper bounds are equal
Minimum sum: 21
Continuous lower bound achieved.
The is the sum of cliques
Complement upper bound achieved.
Elapsed time: 0.07177901268005371 seconds.

Working on n=03, k=14, i=08
Loading data from clique_data.json
Lower and upper bounds are equal
Minimum sum: 20
Continuous lower bound achieved.
The is the sum of cliques
Complement upper bound achieved.
Elapsed time: 0.07268309593200684 seconds.

Working on n=03, k=14, i=09
Loading data from clique_data.json
Lower and upper bounds are equal
Minimum sum: 19
Continuous lower bound achieved.
The is the sum of cliques
Complement upper bound achieved.
Elapsed time: 0.06802916526794434 seconds.

Working on n=03, k=14, i=10
Loading data from clique_data.json
Lower and upper bounds are equal
Minimum sum: 18
Continuous lower bound achieved.
The is the sum of cliques
Complement upper bound achieved.
Elapsed time: 0.0763404369354248 seconds.

Working on n=03, k=14, i=11
Loading data from clique_data.json
Lower and upper bounds are equal
Minimum sum: 17
Continuous lower bound achieved.
The is the sum of cliques
Complement upper bound achieved.
Elapsed time: 0.06969952583312988 seconds.

Working on n=03, k=14, i=12
Loading data from clique_data.json
Lower and upper bounds are equal
Minimum sum: 16
Continuous lower bound achieved.
The is the sum of cliques
Complement upper bound achieved.
Elapsed time: 0.07318758964538574 seconds.

Working on n=03, k=14, i=13
Loading data from clique_data.json
Lower and upper bounds are equal
Minimum sum: 15
Continuous lower bound achieved.
The is the sum of cliques
Complement upper bound achieved.
Elapsed time: 0.08298707008361816 seconds.

Working on n=03, k=14, i=14
Loading data from clique_data.json
Lower and upper bounds are equal
Minimum sum: 14
Continuous lower bound achieved.
This is a flower.
The is the sum of cliques
Elapsed time: 0.08443117141723633 seconds.

Working on n=03, k=15, i=00
Loading data from clique_data.json
Lower and upper bounds are equal
Minimum sum: 45
Continuous lower bound achieved.
This is a flower.
The is the sum of cliques
Elapsed time: 0.0756845474243164 seconds.

Working on n=03, k=15, i=01
Loading data from clique_data.json
Lower and upper bounds are equal
Minimum sum: 42
Continuous lower bound achieved.
The is the sum of cliques
Elapsed time: 0.07308483123779297 seconds.

Working on n=03, k=15, i=02
Loading data from clique_data.json
Lower and upper bounds are equal
Minimum sum: 39
Continuous lower bound achieved.
The is the sum of cliques
Elapsed time: 0.07434654235839844 seconds.

Working on n=03, k=15, i=03
Loading data from clique_data.json
Lower and upper bounds are equal
Minimum sum: 36
Continuous lower bound achieved.
The is the sum of cliques
Elapsed time: 0.07152318954467773 seconds.

Working on n=03, k=15, i=04
Loading data from clique_data.json
Lower and upper bounds are equal
Minimum sum: 33
Continuous lower bound achieved.
The is the sum of cliques
Elapsed time: 0.07919073104858398 seconds.

Working on n=03, k=15, i=05
Loading data from clique_data.json
Lower and upper bounds are equal
Minimum sum: 30
Continuous lower bound achieved.
The is the sum of cliques
Elapsed time: 0.07311820983886719 seconds.

Working on n=03, k=15, i=06
Loading data from clique_data.json
Lower and upper bounds are equal
Minimum sum: 27
Continuous lower bound achieved.
The is the sum of cliques
Complement upper bound achieved.
Elapsed time: 0.0782463550567627 seconds.

Working on n=03, k=15, i=07
Loading data from clique_data.json
Lower and upper bounds are equal
Minimum sum: 24
Continuous lower bound achieved.
The is the sum of cliques
Complement upper bound achieved.
Elapsed time: 0.07236552238464355 seconds.

Working on n=03, k=15, i=08
Loading data from clique_data.json
Lower and upper bounds are equal
Minimum sum: 22
Continuous lower bound achieved.
The is the sum of cliques
Complement upper bound achieved.
Elapsed time: 0.0750577449798584 seconds.

Working on n=03, k=15, i=09
Loading data from clique_data.json
Lower and upper bounds are equal
Minimum sum: 21
Continuous lower bound achieved.
The is the sum of cliques
Complement upper bound achieved.
Elapsed time: 0.07602357864379883 seconds.

Working on n=03, k=15, i=10
Loading data from clique_data.json
Lower and upper bounds are equal
Minimum sum: 20
Continuous lower bound achieved.
The is the sum of cliques
Complement upper bound achieved.
Elapsed time: 0.07825708389282227 seconds.

Working on n=03, k=15, i=11
Loading data from clique_data.json
Lower and upper bounds are equal
Minimum sum: 19
Continuous lower bound achieved.
The is the sum of cliques
Complement upper bound achieved.
Elapsed time: 0.07561469078063965 seconds.

Working on n=03, k=15, i=12
Loading data from clique_data.json
Lower and upper bounds are equal
Minimum sum: 18
Continuous lower bound achieved.
The is the sum of cliques
Complement upper bound achieved.
Elapsed time: 0.07553601264953613 seconds.

Working on n=03, k=15, i=13
Loading data from clique_data.json
Lower and upper bounds are equal
Minimum sum: 17
Continuous lower bound achieved.
The is the sum of cliques
Complement upper bound achieved.
Elapsed time: 0.07461833953857422 seconds.

Working on n=03, k=15, i=14
Loading data from clique_data.json
Lower and upper bounds are equal
Minimum sum: 16
Continuous lower bound achieved.
The is the sum of cliques
Complement upper bound achieved.
Elapsed time: 0.07562255859375 seconds.

Working on n=03, k=15, i=15
Loading data from clique_data.json
Lower and upper bounds are equal
Minimum sum: 15
Continuous lower bound achieved.
This is a flower.
The is the sum of cliques
Elapsed time: 0.0759272575378418 seconds.

Working on n=03, k=16, i=00
Loading data from clique_data.json
Lower and upper bounds are equal
Minimum sum: 48
Continuous lower bound achieved.
This is a flower.
The is the sum of cliques
Elapsed time: 0.07969427108764648 seconds.

Working on n=03, k=16, i=01
Loading data from clique_data.json
Lower and upper bounds are equal
Minimum sum: 45
Continuous lower bound achieved.
The is the sum of cliques
Elapsed time: 0.07576656341552734 seconds.

Working on n=03, k=16, i=02
Loading data from clique_data.json
Lower and upper bounds are equal
Minimum sum: 42
Continuous lower bound achieved.
The is the sum of cliques
Elapsed time: 0.07751345634460449 seconds.

Working on n=03, k=16, i=03
Loading data from clique_data.json
Lower and upper bounds are equal
Minimum sum: 39
Continuous lower bound achieved.
The is the sum of cliques
Elapsed time: 0.08125853538513184 seconds.

Working on n=03, k=16, i=04
Loading data from clique_data.json
Lower and upper bounds are equal
Minimum sum: 36
Continuous lower bound achieved.
The is the sum of cliques
Elapsed time: 0.08059263229370117 seconds.

Working on n=03, k=16, i=05
Loading data from clique_data.json
Lower and upper bounds are equal
Minimum sum: 33
Continuous lower bound achieved.
The is the sum of cliques
Elapsed time: 0.08021998405456543 seconds.

Working on n=03, k=16, i=06
Loading data from clique_data.json
Lower and upper bounds are equal
Minimum sum: 30
Continuous lower bound achieved.
The is the sum of cliques
Complement upper bound achieved.
Elapsed time: 0.08046698570251465 seconds.

Working on n=03, k=16, i=07
Loading data from clique_data.json
Lower and upper bounds are equal
Minimum sum: 27
Continuous lower bound achieved.
The is the sum of cliques
Complement upper bound achieved.
Elapsed time: 0.0770425796508789 seconds.

Working on n=03, k=16, i=08
Loading data from clique_data.json
Lower and upper bounds are equal
Minimum sum: 24
Continuous lower bound achieved.
The is the sum of cliques
Complement upper bound achieved.
Elapsed time: 0.08164787292480469 seconds.

Working on n=03, k=16, i=09
Loading data from clique_data.json
Lower and upper bounds are equal
Minimum sum: 23
Continuous lower bound achieved.
The is the sum of cliques
Complement upper bound achieved.
Elapsed time: 0.08404922485351562 seconds.

Working on n=03, k=16, i=10
Loading data from clique_data.json
Lower and upper bounds are equal
Minimum sum: 22
Continuous lower bound achieved.
The is the sum of cliques
Complement upper bound achieved.
Elapsed time: 0.0807349681854248 seconds.

Working on n=03, k=16, i=11
Loading data from clique_data.json
Lower and upper bounds are equal
Minimum sum: 21
Continuous lower bound achieved.
The is the sum of cliques
Complement upper bound achieved.
Elapsed time: 0.07967472076416016 seconds.

Working on n=03, k=16, i=12
Loading data from clique_data.json
Lower and upper bounds are equal
Minimum sum: 20
Continuous lower bound achieved.
The is the sum of cliques
Complement upper bound achieved.
Elapsed time: 0.08332085609436035 seconds.

Working on n=03, k=16, i=13
Loading data from clique_data.json
Lower and upper bounds are equal
Minimum sum: 19
Continuous lower bound achieved.
The is the sum of cliques
Complement upper bound achieved.
Elapsed time: 0.08327269554138184 seconds.

Working on n=03, k=16, i=14
Loading data from clique_data.json
Lower and upper bounds are equal
Minimum sum: 18
Continuous lower bound achieved.
The is the sum of cliques
Complement upper bound achieved.
Elapsed time: 0.08250093460083008 seconds.

Working on n=03, k=16, i=15
Loading data from clique_data.json
Lower and upper bounds are equal
Minimum sum: 17
Continuous lower bound achieved.
The is the sum of cliques
Complement upper bound achieved.
Elapsed time: 0.0842432975769043 seconds.

Working on n=03, k=16, i=16
Loading data from clique_data.json
Lower and upper bounds are equal
Minimum sum: 16
Continuous lower bound achieved.
This is a flower.
The is the sum of cliques
Elapsed time: 0.09048938751220703 seconds.

Working on n=03, k=17, i=00
Loading data from clique_data.json
Lower and upper bounds are equal
Minimum sum: 51
Continuous lower bound achieved.
This is a flower.
The is the sum of cliques
Elapsed time: 0.08460021018981934 seconds.

Working on n=03, k=17, i=01
Loading data from clique_data.json
Lower and upper bounds are equal
Minimum sum: 48
Continuous lower bound achieved.
The is the sum of cliques
Elapsed time: 0.10020947456359863 seconds.

Working on n=03, k=17, i=02
Loading data from clique_data.json
Lower and upper bounds are equal
Minimum sum: 45
Continuous lower bound achieved.
The is the sum of cliques
Elapsed time: 0.08449482917785645 seconds.

Working on n=03, k=17, i=03
Loading data from clique_data.json
Lower and upper bounds are equal
Minimum sum: 42
Continuous lower bound achieved.
The is the sum of cliques
Elapsed time: 0.08316540718078613 seconds.

Working on n=03, k=17, i=04
Loading data from clique_data.json
Lower and upper bounds are equal
Minimum sum: 39
Continuous lower bound achieved.
The is the sum of cliques
Elapsed time: 0.08616089820861816 seconds.

Working on n=03, k=17, i=05
Loading data from clique_data.json
Lower and upper bounds are equal
Minimum sum: 36
Continuous lower bound achieved.
The is the sum of cliques
Elapsed time: 0.08404302597045898 seconds.

Working on n=03, k=17, i=06
Loading data from clique_data.json
Lower and upper bounds are equal
Minimum sum: 33
Continuous lower bound achieved.
The is the sum of cliques
Complement upper bound achieved.
Elapsed time: 0.08582496643066406 seconds.

Working on n=03, k=17, i=07
Loading data from clique_data.json
Lower and upper bounds are equal
Minimum sum: 30
Continuous lower bound achieved.
The is the sum of cliques
Complement upper bound achieved.
Elapsed time: 0.0917208194732666 seconds.

Working on n=03, k=17, i=08
Loading data from clique_data.json
Lower and upper bounds are equal
Minimum sum: 27
Continuous lower bound achieved.
The is the sum of cliques
Complement upper bound achieved.
Elapsed time: 0.08638358116149902 seconds.

Working on n=03, k=17, i=09
Loading data from clique_data.json
Lower and upper bounds are equal
Minimum sum: 25
Continuous lower bound achieved.
The is the sum of cliques
Complement upper bound achieved.
Elapsed time: 0.088409423828125 seconds.

Working on n=03, k=17, i=10
Loading data from clique_data.json
Lower and upper bounds are equal
Minimum sum: 24
Continuous lower bound achieved.
The is the sum of cliques
Complement upper bound achieved.
Elapsed time: 0.0859684944152832 seconds.

Working on n=03, k=17, i=11
Loading data from clique_data.json
Lower and upper bounds are equal
Minimum sum: 23
Continuous lower bound achieved.
The is the sum of cliques
Complement upper bound achieved.
Elapsed time: 0.09201383590698242 seconds.

Working on n=03, k=17, i=12
Loading data from clique_data.json
Lower and upper bounds are equal
Minimum sum: 22
Continuous lower bound achieved.
The is the sum of cliques
Complement upper bound achieved.
Elapsed time: 0.09083414077758789 seconds.

Working on n=03, k=17, i=13
Loading data from clique_data.json
Lower and upper bounds are equal
Minimum sum: 21
Continuous lower bound achieved.
The is the sum of cliques
Complement upper bound achieved.
Elapsed time: 0.09115386009216309 seconds.

Working on n=03, k=17, i=14
Loading data from clique_data.json
Lower and upper bounds are equal
Minimum sum: 20
Continuous lower bound achieved.
The is the sum of cliques
Complement upper bound achieved.
Elapsed time: 0.09455013275146484 seconds.

Working on n=03, k=17, i=15
Loading data from clique_data.json
Lower and upper bounds are equal
Minimum sum: 19
Continuous lower bound achieved.
The is the sum of cliques
Complement upper bound achieved.
Elapsed time: 0.08931660652160645 seconds.

Working on n=03, k=17, i=16
Loading data from clique_data.json
Lower and upper bounds are equal
Minimum sum: 18
Continuous lower bound achieved.
The is the sum of cliques
Complement upper bound achieved.
Elapsed time: 0.09056782722473145 seconds.

Working on n=03, k=17, i=17
Loading data from clique_data.json
Lower and upper bounds are equal
Minimum sum: 17
Continuous lower bound achieved.
This is a flower.
The is the sum of cliques
Elapsed time: 0.09304451942443848 seconds.

Working on n=03, k=18, i=00
Loading data from clique_data.json
Lower and upper bounds are equal
Minimum sum: 54
Continuous lower bound achieved.
This is a flower.
The is the sum of cliques
Elapsed time: 0.08949422836303711 seconds.

Working on n=03, k=18, i=01
Loading data from clique_data.json
Lower and upper bounds are equal
Minimum sum: 51
Continuous lower bound achieved.
The is the sum of cliques
Elapsed time: 0.09436273574829102 seconds.

Working on n=03, k=18, i=02
Loading data from clique_data.json
Lower and upper bounds are equal
Minimum sum: 48
Continuous lower bound achieved.
The is the sum of cliques
Elapsed time: 0.09695029258728027 seconds.

Working on n=03, k=18, i=03
Loading data from clique_data.json
Lower and upper bounds are equal
Minimum sum: 45
Continuous lower bound achieved.
The is the sum of cliques
Elapsed time: 0.09106183052062988 seconds.

Working on n=03, k=18, i=04
Loading data from clique_data.json
Lower and upper bounds are equal
Minimum sum: 42
Continuous lower bound achieved.
The is the sum of cliques
Elapsed time: 0.09266543388366699 seconds.

Working on n=03, k=18, i=05
Loading data from clique_data.json
Lower and upper bounds are equal
Minimum sum: 39
Continuous lower bound achieved.
The is the sum of cliques
Elapsed time: 0.09485793113708496 seconds.

Working on n=03, k=18, i=06
Loading data from clique_data.json
Lower and upper bounds are equal
Minimum sum: 36
Continuous lower bound achieved.
The is the sum of cliques
Elapsed time: 0.09316325187683105 seconds.

Working on n=03, k=18, i=07
Loading data from clique_data.json
Lower and upper bounds are equal
Minimum sum: 33
Continuous lower bound achieved.
The is the sum of cliques
Complement upper bound achieved.
Elapsed time: 0.09552669525146484 seconds.

Working on n=03, k=18, i=08
Loading data from clique_data.json
Lower and upper bounds are equal
Minimum sum: 30
Continuous lower bound achieved.
The is the sum of cliques
Complement upper bound achieved.
Elapsed time: 0.10010695457458496 seconds.

Working on n=03, k=18, i=09
Loading data from clique_data.json
Lower and upper bounds are equal
Minimum sum: 27
Continuous lower bound achieved.
The is the sum of cliques
Complement upper bound achieved.
Elapsed time: 0.0944204330444336 seconds.

Working on n=03, k=18, i=10
Loading data from clique_data.json
Lower and upper bounds are equal
Minimum sum: 26
Continuous lower bound achieved.
The is the sum of cliques
Complement upper bound achieved.
Elapsed time: 0.09634923934936523 seconds.

Working on n=03, k=18, i=11
Loading data from clique_data.json
Lower and upper bounds are equal
Minimum sum: 25
Continuous lower bound achieved.
The is the sum of cliques
Complement upper bound achieved.
Elapsed time: 0.09292721748352051 seconds.

Working on n=03, k=18, i=12
Loading data from clique_data.json
Lower and upper bounds are equal
Minimum sum: 24
Continuous lower bound achieved.
The is the sum of cliques
Complement upper bound achieved.
Elapsed time: 0.09621953964233398 seconds.

Working on n=03, k=18, i=13
Loading data from clique_data.json
Lower and upper bounds are equal
Minimum sum: 23
Continuous lower bound achieved.
The is the sum of cliques
Complement upper bound achieved.
Elapsed time: 0.09649133682250977 seconds.

Working on n=03, k=18, i=14
Loading data from clique_data.json
Lower and upper bounds are equal
Minimum sum: 22
Continuous lower bound achieved.
The is the sum of cliques
Complement upper bound achieved.
Elapsed time: 0.09811210632324219 seconds.

Working on n=03, k=18, i=15
Loading data from clique_data.json
Lower and upper bounds are equal
Minimum sum: 21
Continuous lower bound achieved.
The is the sum of cliques
Complement upper bound achieved.
Elapsed time: 0.1000661849975586 seconds.

Working on n=03, k=18, i=16
Loading data from clique_data.json
Lower and upper bounds are equal
Minimum sum: 20
Continuous lower bound achieved.
The is the sum of cliques
Complement upper bound achieved.
Elapsed time: 0.09757089614868164 seconds.

Working on n=03, k=18, i=17
Loading data from clique_data.json
Lower and upper bounds are equal
Minimum sum: 19
Continuous lower bound achieved.
The is the sum of cliques
Complement upper bound achieved.
Elapsed time: 0.09807634353637695 seconds.

Working on n=03, k=18, i=18
Loading data from clique_data.json
Lower and upper bounds are equal
Minimum sum: 18
Continuous lower bound achieved.
This is a flower.
The is the sum of cliques
Elapsed time: 0.10451292991638184 seconds.

Working on n=03, k=19, i=00
Loading data from clique_data.json
Lower and upper bounds are equal
Minimum sum: 57
Continuous lower bound achieved.
This is a flower.
The is the sum of cliques
Elapsed time: 0.10584807395935059 seconds.

Working on n=03, k=19, i=01
Loading data from clique_data.json
Lower and upper bounds are equal
Minimum sum: 54
Continuous lower bound achieved.
The is the sum of cliques
Elapsed time: 0.09837603569030762 seconds.

Working on n=03, k=19, i=02
Loading data from clique_data.json
Lower and upper bounds are equal
Minimum sum: 51
Continuous lower bound achieved.
The is the sum of cliques
Elapsed time: 0.10002279281616211 seconds.

Working on n=03, k=19, i=03
Loading data from clique_data.json
Lower and upper bounds are equal
Minimum sum: 48
Continuous lower bound achieved.
The is the sum of cliques
Elapsed time: 0.10021305084228516 seconds.

Working on n=03, k=19, i=04
Loading data from clique_data.json
Lower and upper bounds are equal
Minimum sum: 45
Continuous lower bound achieved.
The is the sum of cliques
Elapsed time: 0.10335564613342285 seconds.

Working on n=03, k=19, i=05
Loading data from clique_data.json
Lower and upper bounds are equal
Minimum sum: 42
Continuous lower bound achieved.
The is the sum of cliques
Elapsed time: 0.11226224899291992 seconds.

Working on n=03, k=19, i=06
Loading data from clique_data.json
Lower and upper bounds are equal
Minimum sum: 39
Continuous lower bound achieved.
The is the sum of cliques
Elapsed time: 0.10431790351867676 seconds.

Working on n=03, k=19, i=07
Loading data from clique_data.json
Lower and upper bounds are equal
Minimum sum: 36
Continuous lower bound achieved.
The is the sum of cliques
Complement upper bound achieved.
Elapsed time: 0.11606454849243164 seconds.

Working on n=03, k=19, i=08
Loading data from clique_data.json
Lower and upper bounds are equal
Minimum sum: 33
Continuous lower bound achieved.
The is the sum of cliques
Complement upper bound achieved.
Elapsed time: 0.10591745376586914 seconds.

Working on n=03, k=19, i=09
Loading data from clique_data.json
Lower and upper bounds are equal
Minimum sum: 30
Continuous lower bound achieved.
The is the sum of cliques
Complement upper bound achieved.
Elapsed time: 0.10340762138366699 seconds.

Working on n=03, k=19, i=10
Loading data from clique_data.json
Lower and upper bounds are equal
Minimum sum: 28
Continuous lower bound achieved.
The is the sum of cliques
Complement upper bound achieved.
Elapsed time: 0.1040489673614502 seconds.

Working on n=03, k=19, i=11
Loading data from clique_data.json
Lower and upper bounds are equal
Minimum sum: 27
Continuous lower bound achieved.
The is the sum of cliques
Complement upper bound achieved.
Elapsed time: 0.10512042045593262 seconds.

Working on n=03, k=19, i=12
Loading data from clique_data.json
Lower and upper bounds are equal
Minimum sum: 26
Continuous lower bound achieved.
The is the sum of cliques
Complement upper bound achieved.
Elapsed time: 0.10538482666015625 seconds.

Working on n=03, k=19, i=13
Loading data from clique_data.json
Lower and upper bounds are equal
Minimum sum: 25
Continuous lower bound achieved.
The is the sum of cliques
Complement upper bound achieved.
Elapsed time: 0.11462831497192383 seconds.

Working on n=03, k=19, i=14
Loading data from clique_data.json
Lower and upper bounds are equal
Minimum sum: 24
Continuous lower bound achieved.
The is the sum of cliques
Complement upper bound achieved.
Elapsed time: 0.10664868354797363 seconds.

Working on n=03, k=19, i=15
Loading data from clique_data.json
Lower and upper bounds are equal
Minimum sum: 23
Continuous lower bound achieved.
The is the sum of cliques
Complement upper bound achieved.
Elapsed time: 0.10795116424560547 seconds.

Working on n=03, k=19, i=16
Loading data from clique_data.json
Lower and upper bounds are equal
Minimum sum: 22
Continuous lower bound achieved.
The is the sum of cliques
Complement upper bound achieved.
Elapsed time: 0.10974502563476562 seconds.

Working on n=03, k=19, i=17
Loading data from clique_data.json
Lower and upper bounds are equal
Minimum sum: 21
Continuous lower bound achieved.
The is the sum of cliques
Complement upper bound achieved.
Elapsed time: 0.10858702659606934 seconds.

Working on n=03, k=19, i=18
Loading data from clique_data.json
Lower and upper bounds are equal
Minimum sum: 20
Continuous lower bound achieved.
The is the sum of cliques
Complement upper bound achieved.
Elapsed time: 0.10902643203735352 seconds.

Working on n=03, k=19, i=19
Loading data from clique_data.json
Lower and upper bounds are equal
Minimum sum: 19
Continuous lower bound achieved.
This is a flower.
The is the sum of cliques
Elapsed time: 0.11391615867614746 seconds.

Working on n=03, k=20, i=00
Loading data from clique_data.json
Lower and upper bounds are equal
Minimum sum: 60
Continuous lower bound achieved.
This is a flower.
The is the sum of cliques
Elapsed time: 0.10952091217041016 seconds.

Working on n=03, k=20, i=01
Loading data from clique_data.json
Lower and upper bounds are equal
Minimum sum: 57
Continuous lower bound achieved.
The is the sum of cliques
Elapsed time: 0.11678957939147949 seconds.

Working on n=03, k=20, i=02
Loading data from clique_data.json
Lower and upper bounds are equal
Minimum sum: 54
Continuous lower bound achieved.
The is the sum of cliques
Elapsed time: 0.1107187271118164 seconds.

Working on n=03, k=20, i=03
Loading data from clique_data.json
Lower and upper bounds are equal
Minimum sum: 51
Continuous lower bound achieved.
The is the sum of cliques
Elapsed time: 0.11823296546936035 seconds.

Working on n=03, k=20, i=04
Loading data from clique_data.json
Lower and upper bounds are equal
Minimum sum: 48
Continuous lower bound achieved.
The is the sum of cliques
Elapsed time: 0.11612415313720703 seconds.

Working on n=03, k=20, i=05
Loading data from clique_data.json
Lower and upper bounds are equal
Minimum sum: 45
Continuous lower bound achieved.
The is the sum of cliques
Elapsed time: 0.11344480514526367 seconds.

Working on n=03, k=20, i=06
Loading data from clique_data.json
Lower and upper bounds are equal
Minimum sum: 42
Continuous lower bound achieved.
The is the sum of cliques
Elapsed time: 0.11377882957458496 seconds.

Working on n=03, k=20, i=07
Loading data from clique_data.json
Lower and upper bounds are equal
Minimum sum: 39
Continuous lower bound achieved.
The is the sum of cliques
Complement upper bound achieved.
Elapsed time: 0.11526322364807129 seconds.

Working on n=03, k=20, i=08
Loading data from clique_data.json
Lower and upper bounds are equal
Minimum sum: 36
Continuous lower bound achieved.
The is the sum of cliques
Complement upper bound achieved.
Elapsed time: 0.11311054229736328 seconds.

Working on n=03, k=20, i=09
Loading data from clique_data.json
Lower and upper bounds are equal
Minimum sum: 33
Continuous lower bound achieved.
The is the sum of cliques
Complement upper bound achieved.
Elapsed time: 0.11617159843444824 seconds.

Working on n=03, k=20, i=10
Loading data from clique_data.json
Lower and upper bounds are equal
Minimum sum: 30
Continuous lower bound achieved.
The is the sum of cliques
Complement upper bound achieved.
Elapsed time: 0.11449003219604492 seconds.

Working on n=03, k=20, i=11
Loading data from clique_data.json
Lower and upper bounds are equal
Minimum sum: 29
Continuous lower bound achieved.
The is the sum of cliques
Complement upper bound achieved.
Elapsed time: 0.11507892608642578 seconds.

Working on n=03, k=20, i=12
Loading data from clique_data.json
Lower and upper bounds are equal
Minimum sum: 28
Continuous lower bound achieved.
The is the sum of cliques
Complement upper bound achieved.
Elapsed time: 0.11812615394592285 seconds.

Working on n=03, k=20, i=13
Loading data from clique_data.json
Lower and upper bounds are equal
Minimum sum: 27
Continuous lower bound achieved.
The is the sum of cliques
Complement upper bound achieved.
Elapsed time: 0.11766600608825684 seconds.

Working on n=03, k=20, i=14
Loading data from clique_data.json
Lower and upper bounds are equal
Minimum sum: 26
Continuous lower bound achieved.
The is the sum of cliques
Complement upper bound achieved.
Elapsed time: 0.12511205673217773 seconds.

Working on n=03, k=20, i=15
Loading data from clique_data.json
Lower and upper bounds are equal
Minimum sum: 25
Continuous lower bound achieved.
The is the sum of cliques
Complement upper bound achieved.
Elapsed time: 0.12649011611938477 seconds.

Working on n=03, k=20, i=16
Loading data from clique_data.json
Lower and upper bounds are equal
Minimum sum: 24
Continuous lower bound achieved.
The is the sum of cliques
Complement upper bound achieved.
Elapsed time: 0.1262342929840088 seconds.

Working on n=03, k=20, i=17
Loading data from clique_data.json
Lower and upper bounds are equal
Minimum sum: 23
Continuous lower bound achieved.
The is the sum of cliques
Complement upper bound achieved.
Elapsed time: 0.11962103843688965 seconds.

Working on n=03, k=20, i=18
Loading data from clique_data.json
Lower and upper bounds are equal
Minimum sum: 22
Continuous lower bound achieved.
The is the sum of cliques
Complement upper bound achieved.
Elapsed time: 0.12497615814208984 seconds.

Working on n=03, k=20, i=19
Loading data from clique_data.json
Lower and upper bounds are equal
Minimum sum: 21
Continuous lower bound achieved.
The is the sum of cliques
Complement upper bound achieved.
Elapsed time: 0.1219182014465332 seconds.

Working on n=03, k=20, i=20
Loading data from clique_data.json
Lower and upper bounds are equal
Minimum sum: 20
Continuous lower bound achieved.
This is a flower.
The is the sum of cliques
Elapsed time: 0.12256646156311035 seconds.

Working on n=04, k=01, i=00
Loading data from clique_data.json
Lower and upper bounds are equal
Minimum sum: 4
Continuous lower bound achieved.
This is a flower.
Elapsed time: 0.06534862518310547 seconds.

Working on n=04, k=01, i=01
Loading data from clique_data.json
Lower and upper bounds are equal
Minimum sum: 1
Continuous lower bound achieved.
This is a flower.
Elapsed time: 0.06853675842285156 seconds.

Working on n=04, k=02, i=00
Loading data from clique_data.json
Lower and upper bounds are equal
Minimum sum: 8
Continuous lower bound achieved.
This is a flower.
The is the sum of cliques
Elapsed time: 0.06411623954772949 seconds.

Working on n=04, k=02, i=01
Loading data from clique_data.json
Lower and upper bounds are equal
Minimum sum: 5
This is a flower.
The is the sum of cliques
Elapsed time: 0.06718993186950684 seconds.

Working on n=04, k=02, i=02
Loading data from clique_data.json
Lower and upper bounds are equal
Minimum sum: 2
Continuous lower bound achieved.
This is a flower.
The is the sum of cliques
Elapsed time: 0.0663456916809082 seconds.

Working on n=04, k=03, i=00
Loading data from clique_data.json
Lower and upper bounds are equal
Minimum sum: 12
Continuous lower bound achieved.
This is a flower.
The is the sum of cliques
Elapsed time: 0.07269072532653809 seconds.

Working on n=04, k=03, i=01
Loading data from clique_data.json
Minimum sum: 6
Continuous lower bound achieved.
Elapsed time: 0.21013116836547852 seconds.

Working on n=04, k=03, i=02
Loading data from clique_data.json
Lower and upper bounds are equal
Minimum sum: 4
Continuous lower bound achieved.
Complement upper bound achieved.
Elapsed time: 0.06772637367248535 seconds.

Working on n=04, k=03, i=03
Loading data from clique_data.json
Lower and upper bounds are equal
Minimum sum: 3
Continuous lower bound achieved.
This is a flower.
The is the sum of cliques
Elapsed time: 0.06258273124694824 seconds.

Working on n=04, k=04, i=00
Loading data from clique_data.json
Lower and upper bounds are equal
Minimum sum: 16
Continuous lower bound achieved.
This is a flower.
The is the sum of cliques
Elapsed time: 0.06508374214172363 seconds.

Working on n=04, k=04, i=01
Loading data from clique_data.json
Lower and upper bounds are equal
Minimum sum: 10
Continuous lower bound achieved.
The is the sum of cliques
Elapsed time: 0.06291890144348145 seconds.

Working on n=04, k=04, i=02
Loading data from clique_data.json
Lower and upper bounds are equal
Minimum sum: 7
Continuous lower bound achieved.
The is the sum of cliques
Complement upper bound achieved.
Elapsed time: 0.06542515754699707 seconds.

Working on n=04, k=04, i=03
Loading data from clique_data.json
Lower and upper bounds are equal
Minimum sum: 5
Continuous lower bound achieved.
The is the sum of cliques
Complement upper bound achieved.
Elapsed time: 0.0672309398651123 seconds.

Working on n=04, k=04, i=04
Loading data from clique_data.json
Lower and upper bounds are equal
Minimum sum: 4
Continuous lower bound achieved.
This is a flower.
The is the sum of cliques
Elapsed time: 0.06532764434814453 seconds.

Working on n=04, k=05, i=00
Loading data from clique_data.json
Lower and upper bounds are equal
Minimum sum: 20
Continuous lower bound achieved.
This is a flower.
The is the sum of cliques
Elapsed time: 0.06615591049194336 seconds.

Working on n=04, k=05, i=01
Loading data from clique_data.json
Lower and upper bounds are equal
Minimum sum: 14
Continuous lower bound achieved.
The is the sum of cliques
Elapsed time: 0.06916165351867676 seconds.

Working on n=04, k=05, i=02
Loading data from clique_data.json
Minimum sum: 10
Continuous lower bound achieved.
Elapsed time: 0.09037637710571289 seconds.

Working on n=04, k=05, i=03
Loading data from clique_data.json
Lower and upper bounds are equal
Minimum sum: 8
Continuous lower bound achieved.
The is the sum of cliques
Complement upper bound achieved.
Elapsed time: 0.0699918270111084 seconds.

Working on n=04, k=05, i=04
Loading data from clique_data.json
Lower and upper bounds are equal
Minimum sum: 6
Continuous lower bound achieved.
The is the sum of cliques
Complement upper bound achieved.
Elapsed time: 0.06598973274230957 seconds.

Working on n=04, k=05, i=05
Loading data from clique_data.json
Lower and upper bounds are equal
Minimum sum: 5
Continuous lower bound achieved.
This is a flower.
The is the sum of cliques
Elapsed time: 0.0643157958984375 seconds.

Working on n=04, k=06, i=00
Loading data from clique_data.json
Lower and upper bounds are equal
Minimum sum: 24
Continuous lower bound achieved.
This is a flower.
The is the sum of cliques
Elapsed time: 0.06849384307861328 seconds.

Working on n=04, k=06, i=01
Loading data from clique_data.json
Lower and upper bounds are equal
Minimum sum: 18
Continuous lower bound achieved.
The is the sum of cliques
Elapsed time: 0.06598067283630371 seconds.

Working on n=04, k=06, i=02
Loading data from clique_data.json
Lower and upper bounds are equal
Minimum sum: 12
Continuous lower bound achieved.
The is the sum of cliques
Elapsed time: 0.07621312141418457 seconds.

Working on n=04, k=06, i=03
Loading data from clique_data.json
Lower and upper bounds are equal
Minimum sum: 10
Continuous lower bound achieved.
The is the sum of cliques
Complement upper bound achieved.
Elapsed time: 0.06699228286743164 seconds.

Working on n=04, k=06, i=04
Loading data from clique_data.json
Lower and upper bounds are equal
Minimum sum: 8
Continuous lower bound achieved.
The is the sum of cliques
Complement upper bound achieved.
Elapsed time: 0.06760907173156738 seconds.

Working on n=04, k=06, i=05
Loading data from clique_data.json
Lower and upper bounds are equal
Minimum sum: 7
Continuous lower bound achieved.
The is the sum of cliques
Complement upper bound achieved.
Elapsed time: 0.06975722312927246 seconds.

Working on n=04, k=06, i=06
Loading data from clique_data.json
Lower and upper bounds are equal
Minimum sum: 6
Continuous lower bound achieved.
This is a flower.
The is the sum of cliques
Elapsed time: 0.07023835182189941 seconds.

Working on n=04, k=07, i=00
Loading data from clique_data.json
Lower and upper bounds are equal
Minimum sum: 28
Continuous lower bound achieved.
This is a flower.
The is the sum of cliques
Elapsed time: 0.06984901428222656 seconds.

Working on n=04, k=07, i=01
Loading data from clique_data.json
Lower and upper bounds are equal
Minimum sum: 22
Continuous lower bound achieved.
The is the sum of cliques
Elapsed time: 0.06757068634033203 seconds.

Working on n=04, k=07, i=02
Loading data from clique_data.json
Lower and upper bounds are equal
Minimum sum: 16
Continuous lower bound achieved.
The is the sum of cliques
Elapsed time: 0.06910920143127441 seconds.

Working on n=04, k=07, i=03
Loading data from clique_data.json
Lower and upper bounds are equal
Minimum sum: 13
Continuous lower bound achieved.
The is the sum of cliques
Complement upper bound achieved.
Elapsed time: 0.07008481025695801 seconds.

Working on n=04, k=07, i=04
Loading data from clique_data.json
Lower and upper bounds are equal
Minimum sum: 11
Continuous lower bound achieved.
The is the sum of cliques
Complement upper bound achieved.
Elapsed time: 0.0673058032989502 seconds.

Working on n=04, k=07, i=05
Loading data from clique_data.json
Lower and upper bounds are equal
Minimum sum: 9
Continuous lower bound achieved.
The is the sum of cliques
Complement upper bound achieved.
Elapsed time: 0.07090568542480469 seconds.

Working on n=04, k=07, i=06
Loading data from clique_data.json
Lower and upper bounds are equal
Minimum sum: 8
Continuous lower bound achieved.
The is the sum of cliques
Complement upper bound achieved.
Elapsed time: 0.0737760066986084 seconds.

Working on n=04, k=07, i=07
Loading data from clique_data.json
Lower and upper bounds are equal
Minimum sum: 7
Continuous lower bound achieved.
This is a flower.
The is the sum of cliques
Elapsed time: 0.07115507125854492 seconds.

Working on n=04, k=08, i=00
Loading data from clique_data.json
Lower and upper bounds are equal
Minimum sum: 32
Continuous lower bound achieved.
This is a flower.
The is the sum of cliques
Elapsed time: 0.0660853385925293 seconds.

Working on n=04, k=08, i=01
Loading data from clique_data.json
Lower and upper bounds are equal
Minimum sum: 26
Continuous lower bound achieved.
The is the sum of cliques
Elapsed time: 0.06745457649230957 seconds.

Working on n=04, k=08, i=02
Loading data from clique_data.json
Lower and upper bounds are equal
Minimum sum: 20
Continuous lower bound achieved.
The is the sum of cliques
Elapsed time: 0.07033109664916992 seconds.

Working on n=04, k=08, i=03
Loading data from clique_data.json
Lower and upper bounds are equal
Minimum sum: 16
Continuous lower bound achieved.
The is the sum of cliques
Elapsed time: 0.07987618446350098 seconds.

Working on n=04, k=08, i=04
Loading data from clique_data.json
Lower and upper bounds are equal
Minimum sum: 14
Continuous lower bound achieved.
The is the sum of cliques
Complement upper bound achieved.
Elapsed time: 0.07046175003051758 seconds.

Working on n=04, k=08, i=05
Loading data from clique_data.json
Lower and upper bounds are equal
Minimum sum: 12
Continuous lower bound achieved.
The is the sum of cliques
Complement upper bound achieved.
Elapsed time: 0.06947565078735352 seconds.

Working on n=04, k=08, i=06
Loading data from clique_data.json
Lower and upper bounds are equal
Minimum sum: 10
Continuous lower bound achieved.
The is the sum of cliques
Complement upper bound achieved.
Elapsed time: 0.06971383094787598 seconds.

Working on n=04, k=08, i=07
Loading data from clique_data.json
Lower and upper bounds are equal
Minimum sum: 9
Continuous lower bound achieved.
The is the sum of cliques
Complement upper bound achieved.
Elapsed time: 0.06817126274108887 seconds.

Working on n=04, k=08, i=08
Loading data from clique_data.json
Lower and upper bounds are equal
Minimum sum: 8
Continuous lower bound achieved.
This is a flower.
The is the sum of cliques
Elapsed time: 0.08654332160949707 seconds.

Working on n=04, k=09, i=00
Loading data from clique_data.json
Lower and upper bounds are equal
Minimum sum: 36
Continuous lower bound achieved.
This is a flower.
The is the sum of cliques
Elapsed time: 0.07307744026184082 seconds.

Working on n=04, k=09, i=01
Loading data from clique_data.json
Lower and upper bounds are equal
Minimum sum: 30
Continuous lower bound achieved.
The is the sum of cliques
Elapsed time: 0.07063007354736328 seconds.

Working on n=04, k=09, i=02
Loading data from clique_data.json
Lower and upper bounds are equal
Minimum sum: 24
Continuous lower bound achieved.
The is the sum of cliques
Elapsed time: 0.07346963882446289 seconds.

Working on n=04, k=09, i=03
Loading data from clique_data.json
Lower and upper bounds are equal
Minimum sum: 18
Continuous lower bound achieved.
The is the sum of cliques
Elapsed time: 0.07912373542785645 seconds.

Working on n=04, k=09, i=04
Loading data from clique_data.json
Lower and upper bounds are equal
Minimum sum: 16
Continuous lower bound achieved.
The is the sum of cliques
Complement upper bound achieved.
Elapsed time: 0.07761096954345703 seconds.

Working on n=04, k=09, i=05
Loading data from clique_data.json
Lower and upper bounds are equal
Minimum sum: 14
Continuous lower bound achieved.
The is the sum of cliques
Complement upper bound achieved.
Elapsed time: 0.07716083526611328 seconds.

Working on n=04, k=09, i=06
Loading data from clique_data.json
Lower and upper bounds are equal
Minimum sum: 12
Continuous lower bound achieved.
The is the sum of cliques
Complement upper bound achieved.
Elapsed time: 0.07290148735046387 seconds.

Working on n=04, k=09, i=07
Loading data from clique_data.json
Lower and upper bounds are equal
Minimum sum: 11
Continuous lower bound achieved.
The is the sum of cliques
Complement upper bound achieved.
Elapsed time: 0.06964874267578125 seconds.

Working on n=04, k=09, i=08
Loading data from clique_data.json
Lower and upper bounds are equal
Minimum sum: 10
Continuous lower bound achieved.
The is the sum of cliques
Complement upper bound achieved.
Elapsed time: 0.07692718505859375 seconds.

Working on n=04, k=09, i=09
Loading data from clique_data.json
Lower and upper bounds are equal
Minimum sum: 9
Continuous lower bound achieved.
This is a flower.
The is the sum of cliques
Elapsed time: 0.07679104804992676 seconds.

Working on n=04, k=10, i=00
Loading data from clique_data.json
Lower and upper bounds are equal
Minimum sum: 40
Continuous lower bound achieved.
This is a flower.
The is the sum of cliques
Elapsed time: 0.07169818878173828 seconds.

Working on n=04, k=10, i=01
Loading data from clique_data.json
Lower and upper bounds are equal
Minimum sum: 34
Continuous lower bound achieved.
The is the sum of cliques
Elapsed time: 0.07322239875793457 seconds.

Working on n=04, k=10, i=02
Loading data from clique_data.json
Lower and upper bounds are equal
Minimum sum: 28
Continuous lower bound achieved.
The is the sum of cliques
Elapsed time: 0.0761406421661377 seconds.

Working on n=04, k=10, i=03
Loading data from clique_data.json
Lower and upper bounds are equal
Minimum sum: 22
Continuous lower bound achieved.
The is the sum of cliques
Elapsed time: 0.07543778419494629 seconds.

Working on n=04, k=10, i=04
Loading data from clique_data.json
Lower and upper bounds are equal
Minimum sum: 19
Continuous lower bound achieved.
The is the sum of cliques
Complement upper bound achieved.
Elapsed time: 0.08865523338317871 seconds.

Working on n=04, k=10, i=05
Loading data from clique_data.json
Lower and upper bounds are equal
Minimum sum: 17
Continuous lower bound achieved.
The is the sum of cliques
Complement upper bound achieved.
Elapsed time: 0.07356858253479004 seconds.

Working on n=04, k=10, i=06
Loading data from clique_data.json
Lower and upper bounds are equal
Minimum sum: 15
Continuous lower bound achieved.
The is the sum of cliques
Complement upper bound achieved.
Elapsed time: 0.08405733108520508 seconds.

Working on n=04, k=10, i=07
Loading data from clique_data.json
Lower and upper bounds are equal
Minimum sum: 13
Continuous lower bound achieved.
The is the sum of cliques
Complement upper bound achieved.
Elapsed time: 0.07347273826599121 seconds.

Working on n=04, k=10, i=08
Loading data from clique_data.json
Lower and upper bounds are equal
Minimum sum: 12
Continuous lower bound achieved.
The is the sum of cliques
Complement upper bound achieved.
Elapsed time: 0.08598566055297852 seconds.

Working on n=04, k=10, i=09
Loading data from clique_data.json
Lower and upper bounds are equal
Minimum sum: 11
Continuous lower bound achieved.
The is the sum of cliques
Complement upper bound achieved.
Elapsed time: 0.08443260192871094 seconds.

Working on n=04, k=10, i=10
Loading data from clique_data.json
Lower and upper bounds are equal
Minimum sum: 10
Continuous lower bound achieved.
This is a flower.
The is the sum of cliques
Elapsed time: 0.08248186111450195 seconds.

Working on n=04, k=11, i=00
Loading data from clique_data.json
Lower and upper bounds are equal
Minimum sum: 44
Continuous lower bound achieved.
This is a flower.
The is the sum of cliques
Elapsed time: 0.07770490646362305 seconds.

Working on n=04, k=11, i=01
Loading data from clique_data.json
Lower and upper bounds are equal
Minimum sum: 38
Continuous lower bound achieved.
The is the sum of cliques
Elapsed time: 0.07545185089111328 seconds.

Working on n=04, k=11, i=02
Loading data from clique_data.json
Lower and upper bounds are equal
Minimum sum: 32
Continuous lower bound achieved.
The is the sum of cliques
Elapsed time: 0.08262443542480469 seconds.

Working on n=04, k=11, i=03
Loading data from clique_data.json
Lower and upper bounds are equal
Minimum sum: 26
Continuous lower bound achieved.
The is the sum of cliques
Elapsed time: 0.07832121849060059 seconds.

Working on n=04, k=11, i=04
Loading data from clique_data.json
Lower and upper bounds are equal
Minimum sum: 22
Continuous lower bound achieved.
The is the sum of cliques
Elapsed time: 0.08449053764343262 seconds.

Working on n=04, k=11, i=05
Loading data from clique_data.json
Lower and upper bounds are equal
Minimum sum: 20
Continuous lower bound achieved.
The is the sum of cliques
Complement upper bound achieved.
Elapsed time: 0.08266091346740723 seconds.

Working on n=04, k=11, i=06
Loading data from clique_data.json
Lower and upper bounds are equal
Minimum sum: 18
Continuous lower bound achieved.
The is the sum of cliques
Complement upper bound achieved.
Elapsed time: 0.09353804588317871 seconds.

Working on n=04, k=11, i=07
Loading data from clique_data.json
Lower and upper bounds are equal
Minimum sum: 16
Continuous lower bound achieved.
The is the sum of cliques
Complement upper bound achieved.
Elapsed time: 0.07714343070983887 seconds.

Working on n=04, k=11, i=08
Loading data from clique_data.json
Lower and upper bounds are equal
Minimum sum: 14
Continuous lower bound achieved.
The is the sum of cliques
Complement upper bound achieved.
Elapsed time: 0.0858147144317627 seconds.

Working on n=04, k=11, i=09
Loading data from clique_data.json
Lower and upper bounds are equal
Minimum sum: 13
Continuous lower bound achieved.
The is the sum of cliques
Complement upper bound achieved.
Elapsed time: 0.08455085754394531 seconds.

Working on n=04, k=11, i=10
Loading data from clique_data.json
Lower and upper bounds are equal
Minimum sum: 12
Continuous lower bound achieved.
The is the sum of cliques
Complement upper bound achieved.
Elapsed time: 0.09294700622558594 seconds.

Working on n=04, k=11, i=11
Loading data from clique_data.json
Lower and upper bounds are equal
Minimum sum: 11
Continuous lower bound achieved.
This is a flower.
The is the sum of cliques
Elapsed time: 0.08498215675354004 seconds.

Working on n=04, k=12, i=00
Loading data from clique_data.json
Lower and upper bounds are equal
Minimum sum: 48
Continuous lower bound achieved.
This is a flower.
The is the sum of cliques
Elapsed time: 0.07813572883605957 seconds.

Working on n=04, k=12, i=01
Loading data from clique_data.json
Lower and upper bounds are equal
Minimum sum: 42
Continuous lower bound achieved.
The is the sum of cliques
Elapsed time: 0.08096480369567871 seconds.

Working on n=04, k=12, i=02
Loading data from clique_data.json
Lower and upper bounds are equal
Minimum sum: 36
Continuous lower bound achieved.
The is the sum of cliques
Elapsed time: 0.07890796661376953 seconds.

Working on n=04, k=12, i=03
Loading data from clique_data.json
Lower and upper bounds are equal
Minimum sum: 30
Continuous lower bound achieved.
The is the sum of cliques
Elapsed time: 0.08447694778442383 seconds.

Working on n=04, k=12, i=04
Loading data from clique_data.json
Lower and upper bounds are equal
Minimum sum: 24
Continuous lower bound achieved.
The is the sum of cliques
Elapsed time: 0.09284782409667969 seconds.

Working on n=04, k=12, i=05
Loading data from clique_data.json
Lower and upper bounds are equal
Minimum sum: 22
Continuous lower bound achieved.
The is the sum of cliques
Complement upper bound achieved.
Elapsed time: 0.07763242721557617 seconds.

Working on n=04, k=12, i=06
Loading data from clique_data.json
Lower and upper bounds are equal
Minimum sum: 20
Continuous lower bound achieved.
The is the sum of cliques
Complement upper bound achieved.
Elapsed time: 0.09156537055969238 seconds.

Working on n=04, k=12, i=07
Loading data from clique_data.json
Lower and upper bounds are equal
Minimum sum: 18
Continuous lower bound achieved.
The is the sum of cliques
Complement upper bound achieved.
Elapsed time: 0.08488321304321289 seconds.

Working on n=04, k=12, i=08
Loading data from clique_data.json
Lower and upper bounds are equal
Minimum sum: 16
Continuous lower bound achieved.
The is the sum of cliques
Complement upper bound achieved.
Elapsed time: 0.08580660820007324 seconds.

Working on n=04, k=12, i=09
Loading data from clique_data.json
Lower and upper bounds are equal
Minimum sum: 15
Continuous lower bound achieved.
The is the sum of cliques
Complement upper bound achieved.
Elapsed time: 0.09300065040588379 seconds.

Working on n=04, k=12, i=10
Loading data from clique_data.json
Lower and upper bounds are equal
Minimum sum: 14
Continuous lower bound achieved.
The is the sum of cliques
Complement upper bound achieved.
Elapsed time: 0.08768725395202637 seconds.

Working on n=04, k=12, i=11
Loading data from clique_data.json
Lower and upper bounds are equal
Minimum sum: 13
Continuous lower bound achieved.
The is the sum of cliques
Complement upper bound achieved.
Elapsed time: 0.08455085754394531 seconds.

Working on n=04, k=12, i=12
Loading data from clique_data.json
Lower and upper bounds are equal
Minimum sum: 12
Continuous lower bound achieved.
This is a flower.
The is the sum of cliques
Elapsed time: 0.09609556198120117 seconds.

Working on n=04, k=13, i=00
Loading data from clique_data.json
Lower and upper bounds are equal
Minimum sum: 52
Continuous lower bound achieved.
This is a flower.
The is the sum of cliques
Elapsed time: 0.08965754508972168 seconds.

Working on n=04, k=13, i=01
Loading data from clique_data.json
Lower and upper bounds are equal
Minimum sum: 46
Continuous lower bound achieved.
The is the sum of cliques
Elapsed time: 0.09613442420959473 seconds.

Working on n=04, k=13, i=02
Loading data from clique_data.json
Lower and upper bounds are equal
Minimum sum: 40
Continuous lower bound achieved.
The is the sum of cliques
Elapsed time: 0.08894538879394531 seconds.

Working on n=04, k=13, i=03
Loading data from clique_data.json
Lower and upper bounds are equal
Minimum sum: 34
Continuous lower bound achieved.
The is the sum of cliques
Elapsed time: 0.08586859703063965 seconds.

Working on n=04, k=13, i=04
Loading data from clique_data.json
Lower and upper bounds are equal
Minimum sum: 28
Continuous lower bound achieved.
The is the sum of cliques
Elapsed time: 0.10328364372253418 seconds.

Working on n=04, k=13, i=05
Loading data from clique_data.json
Lower and upper bounds are equal
Minimum sum: 25
Continuous lower bound achieved.
The is the sum of cliques
Complement upper bound achieved.
Elapsed time: 0.10477471351623535 seconds.

Working on n=04, k=13, i=06
Loading data from clique_data.json
Lower and upper bounds are equal
Minimum sum: 23
Continuous lower bound achieved.
The is the sum of cliques
Complement upper bound achieved.
Elapsed time: 0.08845138549804688 seconds.

Working on n=04, k=13, i=07
Loading data from clique_data.json
Lower and upper bounds are equal
Minimum sum: 21
Continuous lower bound achieved.
The is the sum of cliques
Complement upper bound achieved.
Elapsed time: 0.08442473411560059 seconds.

Working on n=04, k=13, i=08
Loading data from clique_data.json
Lower and upper bounds are equal
Minimum sum: 19
Continuous lower bound achieved.
The is the sum of cliques
Complement upper bound achieved.
Elapsed time: 0.0834345817565918 seconds.

Working on n=04, k=13, i=09
Loading data from clique_data.json
Lower and upper bounds are equal
Minimum sum: 17
Continuous lower bound achieved.
The is the sum of cliques
Complement upper bound achieved.
Elapsed time: 0.10594725608825684 seconds.

Working on n=04, k=13, i=10
Loading data from clique_data.json
Lower and upper bounds are equal
Minimum sum: 16
Continuous lower bound achieved.
The is the sum of cliques
Complement upper bound achieved.
Elapsed time: 0.1059565544128418 seconds.

Working on n=04, k=13, i=11
Loading data from clique_data.json
Lower and upper bounds are equal
Minimum sum: 15
Continuous lower bound achieved.
The is the sum of cliques
Complement upper bound achieved.
Elapsed time: 0.11554574966430664 seconds.

Working on n=04, k=13, i=12
Loading data from clique_data.json
Lower and upper bounds are equal
Minimum sum: 14
Continuous lower bound achieved.
The is the sum of cliques
Complement upper bound achieved.
Elapsed time: 0.09931063652038574 seconds.

Working on n=04, k=13, i=13
Loading data from clique_data.json
Lower and upper bounds are equal
Minimum sum: 13
Continuous lower bound achieved.
This is a flower.
The is the sum of cliques
Elapsed time: 0.09276437759399414 seconds.

Working on n=04, k=14, i=00
Loading data from clique_data.json
Lower and upper bounds are equal
Minimum sum: 56
Continuous lower bound achieved.
This is a flower.
The is the sum of cliques
Elapsed time: 0.09888553619384766 seconds.

Working on n=04, k=14, i=01
Loading data from clique_data.json
Lower and upper bounds are equal
Minimum sum: 50
Continuous lower bound achieved.
The is the sum of cliques
Elapsed time: 0.09254217147827148 seconds.

Working on n=04, k=14, i=02
Loading data from clique_data.json
Lower and upper bounds are equal
Minimum sum: 44
Continuous lower bound achieved.
The is the sum of cliques
Elapsed time: 0.08739852905273438 seconds.

Working on n=04, k=14, i=03
Loading data from clique_data.json
Lower and upper bounds are equal
Minimum sum: 38
Continuous lower bound achieved.
The is the sum of cliques
Elapsed time: 0.0946497917175293 seconds.

Working on n=04, k=14, i=04
Loading data from clique_data.json
Lower and upper bounds are equal
Minimum sum: 32
Continuous lower bound achieved.
The is the sum of cliques
Elapsed time: 0.1057291030883789 seconds.

Working on n=04, k=14, i=05
Loading data from clique_data.json
Lower and upper bounds are equal
Minimum sum: 28
Continuous lower bound achieved.
The is the sum of cliques
Elapsed time: 0.09717297554016113 seconds.

Working on n=04, k=14, i=06
Loading data from clique_data.json
Lower and upper bounds are equal
Minimum sum: 26
Continuous lower bound achieved.
The is the sum of cliques
Complement upper bound achieved.
Elapsed time: 0.09412956237792969 seconds.

Working on n=04, k=14, i=07
Loading data from clique_data.json
Lower and upper bounds are equal
Minimum sum: 24
Continuous lower bound achieved.
The is the sum of cliques
Complement upper bound achieved.
Elapsed time: 0.09713006019592285 seconds.

Working on n=04, k=14, i=08
Loading data from clique_data.json
Lower and upper bounds are equal
Minimum sum: 22
Continuous lower bound achieved.
The is the sum of cliques
Complement upper bound achieved.
Elapsed time: 0.09980583190917969 seconds.

Working on n=04, k=14, i=09
Loading data from clique_data.json
Lower and upper bounds are equal
Minimum sum: 20
Continuous lower bound achieved.
The is the sum of cliques
Complement upper bound achieved.
Elapsed time: 0.09321117401123047 seconds.

Working on n=04, k=14, i=10
Loading data from clique_data.json
Lower and upper bounds are equal
Minimum sum: 18
Continuous lower bound achieved.
The is the sum of cliques
Complement upper bound achieved.
Elapsed time: 0.09903860092163086 seconds.

Working on n=04, k=14, i=11
Loading data from clique_data.json
Lower and upper bounds are equal
Minimum sum: 17
Continuous lower bound achieved.
The is the sum of cliques
Complement upper bound achieved.
Elapsed time: 0.10608601570129395 seconds.

Working on n=04, k=14, i=12
Loading data from clique_data.json
Lower and upper bounds are equal
Minimum sum: 16
Continuous lower bound achieved.
The is the sum of cliques
Complement upper bound achieved.
Elapsed time: 0.1109616756439209 seconds.

Working on n=04, k=14, i=13
Loading data from clique_data.json
Lower and upper bounds are equal
Minimum sum: 15
Continuous lower bound achieved.
The is the sum of cliques
Complement upper bound achieved.
Elapsed time: 0.09552407264709473 seconds.

Working on n=04, k=14, i=14
Loading data from clique_data.json
Lower and upper bounds are equal
Minimum sum: 14
Continuous lower bound achieved.
This is a flower.
The is the sum of cliques
Elapsed time: 0.09859919548034668 seconds.

Working on n=04, k=15, i=00
Loading data from clique_data.json
Lower and upper bounds are equal
Minimum sum: 60
Continuous lower bound achieved.
This is a flower.
The is the sum of cliques
Elapsed time: 0.09899616241455078 seconds.

Working on n=04, k=15, i=01
Loading data from clique_data.json
Lower and upper bounds are equal
Minimum sum: 54
Continuous lower bound achieved.
The is the sum of cliques
Elapsed time: 0.10661053657531738 seconds.

Working on n=04, k=15, i=02
Loading data from clique_data.json
Lower and upper bounds are equal
Minimum sum: 48
Continuous lower bound achieved.
The is the sum of cliques
Elapsed time: 0.0977628231048584 seconds.

Working on n=04, k=15, i=03
Loading data from clique_data.json
Lower and upper bounds are equal
Minimum sum: 42
Continuous lower bound achieved.
The is the sum of cliques
Elapsed time: 0.10513496398925781 seconds.

Working on n=04, k=15, i=04
Loading data from clique_data.json
Lower and upper bounds are equal
Minimum sum: 36
Continuous lower bound achieved.
The is the sum of cliques
Elapsed time: 0.10001897811889648 seconds.

Working on n=04, k=15, i=05
Loading data from clique_data.json
Lower and upper bounds are equal
Minimum sum: 30
Continuous lower bound achieved.
The is the sum of cliques
Elapsed time: 0.09782838821411133 seconds.

Working on n=04, k=15, i=06
Loading data from clique_data.json
Lower and upper bounds are equal
Minimum sum: 28
Continuous lower bound achieved.
The is the sum of cliques
Complement upper bound achieved.
Elapsed time: 0.11348152160644531 seconds.

Working on n=04, k=15, i=07
Loading data from clique_data.json
Lower and upper bounds are equal
Minimum sum: 26
Continuous lower bound achieved.
The is the sum of cliques
Complement upper bound achieved.
Elapsed time: 0.10753893852233887 seconds.

Working on n=04, k=15, i=08
Loading data from clique_data.json
Lower and upper bounds are equal
Minimum sum: 24
Continuous lower bound achieved.
The is the sum of cliques
Complement upper bound achieved.
Elapsed time: 0.10817265510559082 seconds.

Working on n=04, k=15, i=09
Loading data from clique_data.json
Lower and upper bounds are equal
Minimum sum: 22
Continuous lower bound achieved.
The is the sum of cliques
Complement upper bound achieved.
Elapsed time: 0.10745716094970703 seconds.

Working on n=04, k=15, i=10
Loading data from clique_data.json
Lower and upper bounds are equal
Minimum sum: 20
Continuous lower bound achieved.
The is the sum of cliques
Complement upper bound achieved.
Elapsed time: 0.10841989517211914 seconds.

Working on n=04, k=15, i=11
Loading data from clique_data.json
Lower and upper bounds are equal
Minimum sum: 19
Continuous lower bound achieved.
The is the sum of cliques
Complement upper bound achieved.
Elapsed time: 0.10627603530883789 seconds.

Working on n=04, k=15, i=12
Loading data from clique_data.json
Lower and upper bounds are equal
Minimum sum: 18
Continuous lower bound achieved.
The is the sum of cliques
Complement upper bound achieved.
Elapsed time: 0.10745692253112793 seconds.

Working on n=04, k=15, i=13
Loading data from clique_data.json
Lower and upper bounds are equal
Minimum sum: 17
Continuous lower bound achieved.
The is the sum of cliques
Complement upper bound achieved.
Elapsed time: 0.1037135124206543 seconds.

Working on n=04, k=15, i=14
Loading data from clique_data.json
Lower and upper bounds are equal
Minimum sum: 16
Continuous lower bound achieved.
The is the sum of cliques
Complement upper bound achieved.
Elapsed time: 0.1079251766204834 seconds.

Working on n=04, k=15, i=15
Loading data from clique_data.json
Lower and upper bounds are equal
Minimum sum: 15
Continuous lower bound achieved.
This is a flower.
The is the sum of cliques
Elapsed time: 0.11917710304260254 seconds.

Working on n=04, k=16, i=00
Loading data from clique_data.json
Lower and upper bounds are equal
Minimum sum: 64
Continuous lower bound achieved.
This is a flower.
The is the sum of cliques
Elapsed time: 0.12105393409729004 seconds.

Working on n=04, k=16, i=01
Loading data from clique_data.json
Lower and upper bounds are equal
Minimum sum: 58
Continuous lower bound achieved.
The is the sum of cliques
Elapsed time: 0.10281634330749512 seconds.

Working on n=04, k=16, i=02
Loading data from clique_data.json
Lower and upper bounds are equal
Minimum sum: 52
Continuous lower bound achieved.
The is the sum of cliques
Elapsed time: 0.10811185836791992 seconds.

Working on n=04, k=16, i=03
Loading data from clique_data.json
Lower and upper bounds are equal
Minimum sum: 46
Continuous lower bound achieved.
The is the sum of cliques
Elapsed time: 0.09924650192260742 seconds.

Working on n=04, k=16, i=04
Loading data from clique_data.json
Lower and upper bounds are equal
Minimum sum: 40
Continuous lower bound achieved.
The is the sum of cliques
Elapsed time: 0.11667776107788086 seconds.

Working on n=04, k=16, i=05
Loading data from clique_data.json
Lower and upper bounds are equal
Minimum sum: 34
Continuous lower bound achieved.
The is the sum of cliques
Elapsed time: 0.1002664566040039 seconds.

Working on n=04, k=16, i=06
Loading data from clique_data.json
Lower and upper bounds are equal
Minimum sum: 31
Continuous lower bound achieved.
The is the sum of cliques
Complement upper bound achieved.
Elapsed time: 0.1023871898651123 seconds.

Working on n=04, k=16, i=07
Loading data from clique_data.json
Lower and upper bounds are equal
Minimum sum: 29
Continuous lower bound achieved.
The is the sum of cliques
Complement upper bound achieved.
Elapsed time: 0.10999584197998047 seconds.

Working on n=04, k=16, i=08
Loading data from clique_data.json
Lower and upper bounds are equal
Minimum sum: 27
Continuous lower bound achieved.
The is the sum of cliques
Complement upper bound achieved.
Elapsed time: 0.09935736656188965 seconds.

Working on n=04, k=16, i=09
Loading data from clique_data.json
Lower and upper bounds are equal
Minimum sum: 25
Continuous lower bound achieved.
The is the sum of cliques
Complement upper bound achieved.
Elapsed time: 0.11830711364746094 seconds.

Working on n=04, k=16, i=10
Loading data from clique_data.json
Lower and upper bounds are equal
Minimum sum: 23
Continuous lower bound achieved.
The is the sum of cliques
Complement upper bound achieved.
Elapsed time: 0.1176903247833252 seconds.

Working on n=04, k=16, i=11
Loading data from clique_data.json
Lower and upper bounds are equal
Minimum sum: 21
Continuous lower bound achieved.
The is the sum of cliques
Complement upper bound achieved.
Elapsed time: 0.11340022087097168 seconds.

Working on n=04, k=16, i=12
Loading data from clique_data.json
Lower and upper bounds are equal
Minimum sum: 20
Continuous lower bound achieved.
The is the sum of cliques
Complement upper bound achieved.
Elapsed time: 0.10604357719421387 seconds.

Working on n=04, k=16, i=13
Loading data from clique_data.json
Lower and upper bounds are equal
Minimum sum: 19
Continuous lower bound achieved.
The is the sum of cliques
Complement upper bound achieved.
Elapsed time: 0.10557746887207031 seconds.

Working on n=04, k=16, i=14
Loading data from clique_data.json
Lower and upper bounds are equal
Minimum sum: 18
Continuous lower bound achieved.
The is the sum of cliques
Complement upper bound achieved.
Elapsed time: 0.10692930221557617 seconds.

Working on n=04, k=16, i=15
Loading data from clique_data.json
Lower and upper bounds are equal
Minimum sum: 17
Continuous lower bound achieved.
The is the sum of cliques
Complement upper bound achieved.
Elapsed time: 0.10984587669372559 seconds.

Working on n=04, k=16, i=16
Loading data from clique_data.json
Lower and upper bounds are equal
Minimum sum: 16
Continuous lower bound achieved.
This is a flower.
The is the sum of cliques
Elapsed time: 0.11957049369812012 seconds.

Working on n=04, k=17, i=00
Loading data from clique_data.json
Lower and upper bounds are equal
Minimum sum: 68
Continuous lower bound achieved.
This is a flower.
The is the sum of cliques
Elapsed time: 0.10701608657836914 seconds.

Working on n=04, k=17, i=01
Loading data from clique_data.json
Lower and upper bounds are equal
Minimum sum: 62
Continuous lower bound achieved.
The is the sum of cliques
Elapsed time: 0.11651253700256348 seconds.

Working on n=04, k=17, i=02
Loading data from clique_data.json
Lower and upper bounds are equal
Minimum sum: 56
Continuous lower bound achieved.
The is the sum of cliques
Elapsed time: 0.10401034355163574 seconds.

Working on n=04, k=17, i=03
Loading data from clique_data.json
Lower and upper bounds are equal
Minimum sum: 50
Continuous lower bound achieved.
The is the sum of cliques
Elapsed time: 0.11262869834899902 seconds.

Working on n=04, k=17, i=04
Loading data from clique_data.json
Lower and upper bounds are equal
Minimum sum: 44
Continuous lower bound achieved.
The is the sum of cliques
Elapsed time: 0.11551380157470703 seconds.

Working on n=04, k=17, i=05
Loading data from clique_data.json
Lower and upper bounds are equal
Minimum sum: 38
Continuous lower bound achieved.
The is the sum of cliques
Elapsed time: 0.10871148109436035 seconds.

Working on n=04, k=17, i=06
Loading data from clique_data.json
Lower and upper bounds are equal
Minimum sum: 34
Continuous lower bound achieved.
The is the sum of cliques
Elapsed time: 0.11438894271850586 seconds.

Working on n=04, k=17, i=07
Loading data from clique_data.json
Lower and upper bounds are equal
Minimum sum: 32
Continuous lower bound achieved.
The is the sum of cliques
Complement upper bound achieved.
Elapsed time: 0.1195828914642334 seconds.

Working on n=04, k=17, i=08
Loading data from clique_data.json
Lower and upper bounds are equal
Minimum sum: 30
Continuous lower bound achieved.
The is the sum of cliques
Complement upper bound achieved.
Elapsed time: 0.1117095947265625 seconds.

Working on n=04, k=17, i=09
Loading data from clique_data.json
Lower and upper bounds are equal
Minimum sum: 28
Continuous lower bound achieved.
The is the sum of cliques
Complement upper bound achieved.
Elapsed time: 0.11338210105895996 seconds.

Working on n=04, k=17, i=10
Loading data from clique_data.json
Lower and upper bounds are equal
Minimum sum: 26
Continuous lower bound achieved.
The is the sum of cliques
Complement upper bound achieved.
Elapsed time: 0.11871862411499023 seconds.

Working on n=04, k=17, i=11
Loading data from clique_data.json
Lower and upper bounds are equal
Minimum sum: 24
Continuous lower bound achieved.
The is the sum of cliques
Complement upper bound achieved.
Elapsed time: 0.11895942687988281 seconds.

Working on n=04, k=17, i=12
Loading data from clique_data.json
Lower and upper bounds are equal
Minimum sum: 22
Continuous lower bound achieved.
The is the sum of cliques
Complement upper bound achieved.
Elapsed time: 0.11273598670959473 seconds.

Working on n=04, k=17, i=13
Loading data from clique_data.json
Lower and upper bounds are equal
Minimum sum: 21
Continuous lower bound achieved.
The is the sum of cliques
Complement upper bound achieved.
Elapsed time: 0.10942697525024414 seconds.

Working on n=04, k=17, i=14
Loading data from clique_data.json
Lower and upper bounds are equal
Minimum sum: 20
Continuous lower bound achieved.
The is the sum of cliques
Complement upper bound achieved.
Elapsed time: 0.12285256385803223 seconds.

Working on n=04, k=17, i=15
Loading data from clique_data.json
Lower and upper bounds are equal
Minimum sum: 19
Continuous lower bound achieved.
The is the sum of cliques
Complement upper bound achieved.
Elapsed time: 0.11406731605529785 seconds.

Working on n=04, k=17, i=16
Loading data from clique_data.json
Lower and upper bounds are equal
Minimum sum: 18
Continuous lower bound achieved.
The is the sum of cliques
Complement upper bound achieved.
Elapsed time: 0.11660385131835938 seconds.

Working on n=04, k=17, i=17
Loading data from clique_data.json
Lower and upper bounds are equal
Minimum sum: 17
Continuous lower bound achieved.
This is a flower.
The is the sum of cliques
Elapsed time: 0.11192798614501953 seconds.

Working on n=04, k=18, i=00
Loading data from clique_data.json
Lower and upper bounds are equal
Minimum sum: 72
Continuous lower bound achieved.
This is a flower.
The is the sum of cliques
Elapsed time: 0.12288093566894531 seconds.

Working on n=04, k=18, i=01
Loading data from clique_data.json
Lower and upper bounds are equal
Minimum sum: 66
Continuous lower bound achieved.
The is the sum of cliques
Elapsed time: 0.11520886421203613 seconds.

Working on n=04, k=18, i=02
Loading data from clique_data.json
Lower and upper bounds are equal
Minimum sum: 60
Continuous lower bound achieved.
The is the sum of cliques
Elapsed time: 0.1090993881225586 seconds.

Working on n=04, k=18, i=03
Loading data from clique_data.json
Lower and upper bounds are equal
Minimum sum: 54
Continuous lower bound achieved.
The is the sum of cliques
Elapsed time: 0.11590361595153809 seconds.

Working on n=04, k=18, i=04
Loading data from clique_data.json
Lower and upper bounds are equal
Minimum sum: 48
Continuous lower bound achieved.
The is the sum of cliques
Elapsed time: 0.1219174861907959 seconds.

Working on n=04, k=18, i=05
Loading data from clique_data.json
Lower and upper bounds are equal
Minimum sum: 42
Continuous lower bound achieved.
The is the sum of cliques
Elapsed time: 0.11435532569885254 seconds.

Working on n=04, k=18, i=06
Loading data from clique_data.json
Lower and upper bounds are equal
Minimum sum: 36
Continuous lower bound achieved.
The is the sum of cliques
Elapsed time: 0.1190950870513916 seconds.

Working on n=04, k=18, i=07
Loading data from clique_data.json
Lower and upper bounds are equal
Minimum sum: 34
Continuous lower bound achieved.
The is the sum of cliques
Complement upper bound achieved.
Elapsed time: 0.11330461502075195 seconds.

Working on n=04, k=18, i=08
Loading data from clique_data.json
Lower and upper bounds are equal
Minimum sum: 32
Continuous lower bound achieved.
The is the sum of cliques
Complement upper bound achieved.
Elapsed time: 0.12583541870117188 seconds.

Working on n=04, k=18, i=09
Loading data from clique_data.json
Lower and upper bounds are equal
Minimum sum: 30
Continuous lower bound achieved.
The is the sum of cliques
Complement upper bound achieved.
Elapsed time: 0.11594939231872559 seconds.

Working on n=04, k=18, i=10
Loading data from clique_data.json
Lower and upper bounds are equal
Minimum sum: 28
Continuous lower bound achieved.
The is the sum of cliques
Complement upper bound achieved.
Elapsed time: 0.11241531372070312 seconds.

Working on n=04, k=18, i=11
Loading data from clique_data.json
Lower and upper bounds are equal
Minimum sum: 26
Continuous lower bound achieved.
The is the sum of cliques
Complement upper bound achieved.
Elapsed time: 0.11575818061828613 seconds.

Working on n=04, k=18, i=12
Loading data from clique_data.json
Lower and upper bounds are equal
Minimum sum: 24
Continuous lower bound achieved.
The is the sum of cliques
Complement upper bound achieved.
Elapsed time: 0.1212759017944336 seconds.

Working on n=04, k=18, i=13
Loading data from clique_data.json
Lower and upper bounds are equal
Minimum sum: 23
Continuous lower bound achieved.
The is the sum of cliques
Complement upper bound achieved.
Elapsed time: 0.11970400810241699 seconds.

Working on n=04, k=18, i=14
Loading data from clique_data.json
Lower and upper bounds are equal
Minimum sum: 22
Continuous lower bound achieved.
The is the sum of cliques
Complement upper bound achieved.
Elapsed time: 0.12126851081848145 seconds.

Working on n=04, k=18, i=15
Loading data from clique_data.json
Lower and upper bounds are equal
Minimum sum: 21
Continuous lower bound achieved.
The is the sum of cliques
Complement upper bound achieved.
Elapsed time: 0.11468672752380371 seconds.

Working on n=04, k=18, i=16
Loading data from clique_data.json
Lower and upper bounds are equal
Minimum sum: 20
Continuous lower bound achieved.
The is the sum of cliques
Complement upper bound achieved.
Elapsed time: 0.1171407699584961 seconds.

Working on n=04, k=18, i=17
Loading data from clique_data.json
Lower and upper bounds are equal
Minimum sum: 19
Continuous lower bound achieved.
The is the sum of cliques
Complement upper bound achieved.
Elapsed time: 0.11963367462158203 seconds.

Working on n=04, k=18, i=18
Loading data from clique_data.json
Lower and upper bounds are equal
Minimum sum: 18
Continuous lower bound achieved.
This is a flower.
The is the sum of cliques
Elapsed time: 0.11938214302062988 seconds.

Working on n=04, k=19, i=00
Loading data from clique_data.json
Lower and upper bounds are equal
Minimum sum: 76
Continuous lower bound achieved.
This is a flower.
The is the sum of cliques
Elapsed time: 0.12117719650268555 seconds.

Working on n=04, k=19, i=01
Loading data from clique_data.json
Lower and upper bounds are equal
Minimum sum: 70
Continuous lower bound achieved.
The is the sum of cliques
Elapsed time: 0.11685419082641602 seconds.

Working on n=04, k=19, i=02
Loading data from clique_data.json
Lower and upper bounds are equal
Minimum sum: 64
Continuous lower bound achieved.
The is the sum of cliques
Elapsed time: 0.11881780624389648 seconds.

Working on n=04, k=19, i=03
Loading data from clique_data.json
Lower and upper bounds are equal
Minimum sum: 58
Continuous lower bound achieved.
The is the sum of cliques
Elapsed time: 0.12184882164001465 seconds.

Working on n=04, k=19, i=04
Loading data from clique_data.json
Lower and upper bounds are equal
Minimum sum: 52
Continuous lower bound achieved.
The is the sum of cliques
Elapsed time: 0.12142276763916016 seconds.

Working on n=04, k=19, i=05
Loading data from clique_data.json
Lower and upper bounds are equal
Minimum sum: 46
Continuous lower bound achieved.
The is the sum of cliques
Elapsed time: 0.11863088607788086 seconds.

Working on n=04, k=19, i=06
Loading data from clique_data.json
Lower and upper bounds are equal
Minimum sum: 40
Continuous lower bound achieved.
The is the sum of cliques
Elapsed time: 0.12279677391052246 seconds.

Working on n=04, k=19, i=07
Loading data from clique_data.json
Lower and upper bounds are equal
Minimum sum: 37
Continuous lower bound achieved.
The is the sum of cliques
Complement upper bound achieved.
Elapsed time: 0.12131476402282715 seconds.

Working on n=04, k=19, i=08
Loading data from clique_data.json
Lower and upper bounds are equal
Minimum sum: 35
Continuous lower bound achieved.
The is the sum of cliques
Complement upper bound achieved.
Elapsed time: 0.12274408340454102 seconds.

Working on n=04, k=19, i=09
Loading data from clique_data.json
Lower and upper bounds are equal
Minimum sum: 33
Continuous lower bound achieved.
The is the sum of cliques
Complement upper bound achieved.
Elapsed time: 0.12417721748352051 seconds.

Working on n=04, k=19, i=10
Loading data from clique_data.json
Lower and upper bounds are equal
Minimum sum: 31
Continuous lower bound achieved.
The is the sum of cliques
Complement upper bound achieved.
Elapsed time: 0.12332010269165039 seconds.

Working on n=04, k=19, i=11
Loading data from clique_data.json
Lower and upper bounds are equal
Minimum sum: 29
Continuous lower bound achieved.
The is the sum of cliques
Complement upper bound achieved.
Elapsed time: 0.12712526321411133 seconds.

Working on n=04, k=19, i=12
Loading data from clique_data.json
Lower and upper bounds are equal
Minimum sum: 27
Continuous lower bound achieved.
The is the sum of cliques
Complement upper bound achieved.
Elapsed time: 0.12461590766906738 seconds.

Working on n=04, k=19, i=13
Loading data from clique_data.json
Lower and upper bounds are equal
Minimum sum: 25
Continuous lower bound achieved.
The is the sum of cliques
Complement upper bound achieved.
Elapsed time: 0.12546920776367188 seconds.

Working on n=04, k=19, i=14
Loading data from clique_data.json
Lower and upper bounds are equal
Minimum sum: 24
Continuous lower bound achieved.
The is the sum of cliques
Complement upper bound achieved.
Elapsed time: 0.12425684928894043 seconds.

Working on n=04, k=19, i=15
Loading data from clique_data.json
Lower and upper bounds are equal
Minimum sum: 23
Continuous lower bound achieved.
The is the sum of cliques
Complement upper bound achieved.
Elapsed time: 0.12610983848571777 seconds.

Working on n=04, k=19, i=16
Loading data from clique_data.json
Lower and upper bounds are equal
Minimum sum: 22
Continuous lower bound achieved.
The is the sum of cliques
Complement upper bound achieved.
Elapsed time: 0.12424421310424805 seconds.

Working on n=04, k=19, i=17
Loading data from clique_data.json
Lower and upper bounds are equal
Minimum sum: 21
Continuous lower bound achieved.
The is the sum of cliques
Complement upper bound achieved.
Elapsed time: 0.14737248420715332 seconds.

Working on n=04, k=19, i=18
Loading data from clique_data.json
Lower and upper bounds are equal
Minimum sum: 20
Continuous lower bound achieved.
The is the sum of cliques
Complement upper bound achieved.
Elapsed time: 0.12667465209960938 seconds.

Working on n=04, k=19, i=19
Loading data from clique_data.json
Lower and upper bounds are equal
Minimum sum: 19
Continuous lower bound achieved.
This is a flower.
The is the sum of cliques
Elapsed time: 0.1262986660003662 seconds.

Working on n=04, k=20, i=00
Loading data from clique_data.json
Lower and upper bounds are equal
Minimum sum: 80
Continuous lower bound achieved.
This is a flower.
The is the sum of cliques
Elapsed time: 0.12764835357666016 seconds.

Working on n=04, k=20, i=01
Loading data from clique_data.json
Lower and upper bounds are equal
Minimum sum: 74
Continuous lower bound achieved.
The is the sum of cliques
Elapsed time: 0.12864208221435547 seconds.

Working on n=04, k=20, i=02
Loading data from clique_data.json
Lower and upper bounds are equal
Minimum sum: 68
Continuous lower bound achieved.
The is the sum of cliques
Elapsed time: 0.1306922435760498 seconds.

Working on n=04, k=20, i=03
Loading data from clique_data.json
Lower and upper bounds are equal
Minimum sum: 62
Continuous lower bound achieved.
The is the sum of cliques
Elapsed time: 0.14399337768554688 seconds.

Working on n=04, k=20, i=04
Loading data from clique_data.json
Lower and upper bounds are equal
Minimum sum: 56
Continuous lower bound achieved.
The is the sum of cliques
Elapsed time: 0.1326277256011963 seconds.

Working on n=04, k=20, i=05
Loading data from clique_data.json
Lower and upper bounds are equal
Minimum sum: 50
Continuous lower bound achieved.
The is the sum of cliques
Elapsed time: 0.13069772720336914 seconds.

Working on n=04, k=20, i=06
Loading data from clique_data.json
Lower and upper bounds are equal
Minimum sum: 44
Continuous lower bound achieved.
The is the sum of cliques
Elapsed time: 0.13065862655639648 seconds.

Working on n=04, k=20, i=07
Loading data from clique_data.json
Lower and upper bounds are equal
Minimum sum: 40
Continuous lower bound achieved.
The is the sum of cliques
Elapsed time: 0.12813878059387207 seconds.

Working on n=04, k=20, i=08
Loading data from clique_data.json
Lower and upper bounds are equal
Minimum sum: 38
Continuous lower bound achieved.
The is the sum of cliques
Complement upper bound achieved.
Elapsed time: 0.132965087890625 seconds.

Working on n=04, k=20, i=09
Loading data from clique_data.json
Lower and upper bounds are equal
Minimum sum: 36
Continuous lower bound achieved.
The is the sum of cliques
Complement upper bound achieved.
Elapsed time: 0.13342499732971191 seconds.

Working on n=04, k=20, i=10
Loading data from clique_data.json
Lower and upper bounds are equal
Minimum sum: 34
Continuous lower bound achieved.
The is the sum of cliques
Complement upper bound achieved.
Elapsed time: 0.13196563720703125 seconds.

Working on n=04, k=20, i=11
Loading data from clique_data.json
Lower and upper bounds are equal
Minimum sum: 32
Continuous lower bound achieved.
The is the sum of cliques
Complement upper bound achieved.
Elapsed time: 0.1354691982269287 seconds.

Working on n=04, k=20, i=12
Loading data from clique_data.json
Lower and upper bounds are equal
Minimum sum: 30
Continuous lower bound achieved.
The is the sum of cliques
Complement upper bound achieved.
Elapsed time: 0.13326168060302734 seconds.

Working on n=04, k=20, i=13
Loading data from clique_data.json
Lower and upper bounds are equal
Minimum sum: 28
Continuous lower bound achieved.
The is the sum of cliques
Complement upper bound achieved.
Elapsed time: 0.13608074188232422 seconds.

Working on n=04, k=20, i=14
Loading data from clique_data.json
Lower and upper bounds are equal
Minimum sum: 26
Continuous lower bound achieved.
The is the sum of cliques
Complement upper bound achieved.
Elapsed time: 0.1400134563446045 seconds.

Working on n=04, k=20, i=15
Loading data from clique_data.json
Lower and upper bounds are equal
Minimum sum: 25
Continuous lower bound achieved.
The is the sum of cliques
Complement upper bound achieved.
Elapsed time: 0.13552331924438477 seconds.

Working on n=04, k=20, i=16
Loading data from clique_data.json
Lower and upper bounds are equal
Minimum sum: 24
Continuous lower bound achieved.
The is the sum of cliques
Complement upper bound achieved.
Elapsed time: 0.14949846267700195 seconds.

Working on n=04, k=20, i=17
Loading data from clique_data.json
Lower and upper bounds are equal
Minimum sum: 23
Continuous lower bound achieved.
The is the sum of cliques
Complement upper bound achieved.
Elapsed time: 0.1372685432434082 seconds.

Working on n=04, k=20, i=18
Loading data from clique_data.json
Lower and upper bounds are equal
Minimum sum: 22
Continuous lower bound achieved.
The is the sum of cliques
Complement upper bound achieved.
Elapsed time: 0.13895416259765625 seconds.

Working on n=04, k=20, i=19
Loading data from clique_data.json
Lower and upper bounds are equal
Minimum sum: 21
Continuous lower bound achieved.
The is the sum of cliques
Complement upper bound achieved.
Elapsed time: 0.13682198524475098 seconds.

Working on n=04, k=20, i=20
Loading data from clique_data.json
Lower and upper bounds are equal
Minimum sum: 20
Continuous lower bound achieved.
This is a flower.
The is the sum of cliques
Elapsed time: 0.13770222663879395 seconds.

Working on n=05, k=01, i=00
Loading data from clique_data.json
Lower and upper bounds are equal
Minimum sum: 5
Continuous lower bound achieved.
This is a flower.
Elapsed time: 0.08260202407836914 seconds.

Working on n=05, k=01, i=01
Loading data from clique_data.json
Lower and upper bounds are equal
Minimum sum: 1
Continuous lower bound achieved.
This is a flower.
Elapsed time: 0.08525323867797852 seconds.

Working on n=05, k=02, i=00
Loading data from clique_data.json
Lower and upper bounds are equal
Minimum sum: 10
Continuous lower bound achieved.
This is a flower.
The is the sum of cliques
Elapsed time: 0.08695363998413086 seconds.

Working on n=05, k=02, i=01
Loading data from clique_data.json
Lower and upper bounds are equal
Minimum sum: 6
This is a flower.
The is the sum of cliques
Elapsed time: 0.08515524864196777 seconds.

Working on n=05, k=02, i=02
Loading data from clique_data.json
Lower and upper bounds are equal
Minimum sum: 2
Continuous lower bound achieved.
This is a flower.
The is the sum of cliques
Elapsed time: 0.08479142189025879 seconds.

Working on n=05, k=03, i=00
Loading data from clique_data.json
Lower and upper bounds are equal
Minimum sum: 15
Continuous lower bound achieved.
This is a flower.
The is the sum of cliques
Elapsed time: 0.08319783210754395 seconds.

Working on n=05, k=03, i=01
Loading data from clique_data.json
Lower and upper bounds are equal
Minimum sum: 7
Continuous lower bound achieved.
Vector space upper bound achieved.
Elapsed time: 0.08452868461608887 seconds.

Working on n=05, k=03, i=02
Loading data from clique_data.json
Lower and upper bounds are equal
Minimum sum: 7
This is a flower.
The is the sum of cliques
Elapsed time: 0.08641290664672852 seconds.

Working on n=05, k=03, i=03
Loading data from clique_data.json
Lower and upper bounds are equal
Minimum sum: 3
Continuous lower bound achieved.
This is a flower.
The is the sum of cliques
Elapsed time: 0.08516407012939453 seconds.

Working on n=05, k=04, i=00
Loading data from clique_data.json
Lower and upper bounds are equal
Minimum sum: 20
Continuous lower bound achieved.
This is a flower.
The is the sum of cliques
Elapsed time: 0.08853554725646973 seconds.

Working on n=05, k=04, i=01
Loading data from clique_data.json
Minimum sum: 10
Continuous lower bound achieved.
Elapsed time: 0.10112881660461426 seconds.

Working on n=05, k=04, i=02
Loading data from clique_data.json
Lower and upper bounds are equal
Minimum sum: 7
Continuous lower bound achieved.
Complement upper bound achieved.
Elapsed time: 0.08554506301879883 seconds.

Working on n=05, k=04, i=03
Loading data from clique_data.json
Lower and upper bounds are equal
Minimum sum: 5
Continuous lower bound achieved.
Complement upper bound achieved.
Elapsed time: 0.09045195579528809 seconds.

Working on n=05, k=04, i=04
Loading data from clique_data.json
Lower and upper bounds are equal
Minimum sum: 4
Continuous lower bound achieved.
This is a flower.
The is the sum of cliques
Elapsed time: 0.08643078804016113 seconds.

Working on n=05, k=05, i=00
Loading data from clique_data.json
Lower and upper bounds are equal
Minimum sum: 25
Continuous lower bound achieved.
This is a flower.
The is the sum of cliques
Elapsed time: 0.08773016929626465 seconds.

Working on n=05, k=05, i=01
Loading data from clique_data.json
Lower and upper bounds are equal
Minimum sum: 15
Continuous lower bound achieved.
The is the sum of cliques
Elapsed time: 0.08916401863098145 seconds.

Working on n=05, k=05, i=02
Loading data from clique_data.json
Minimum sum: 10
Continuous lower bound achieved.
Elapsed time: 0.10137009620666504 seconds.

Working on n=05, k=05, i=03
Loading data from clique_data.json
Lower and upper bounds are equal
Minimum sum: 8
Continuous lower bound achieved.
The is the sum of cliques
Complement upper bound achieved.
Elapsed time: 0.08838844299316406 seconds.

Working on n=05, k=05, i=04
Loading data from clique_data.json
Lower and upper bounds are equal
Minimum sum: 6
Continuous lower bound achieved.
The is the sum of cliques
Complement upper bound achieved.
Elapsed time: 0.08635067939758301 seconds.

Working on n=05, k=05, i=05
Loading data from clique_data.json
Lower and upper bounds are equal
Minimum sum: 5
Continuous lower bound achieved.
This is a flower.
The is the sum of cliques
Elapsed time: 0.09009885787963867 seconds.

Working on n=05, k=06, i=00
Loading data from clique_data.json
Lower and upper bounds are equal
Minimum sum: 30
Continuous lower bound achieved.
This is a flower.
The is the sum of cliques
Elapsed time: 0.10584092140197754 seconds.

Working on n=05, k=06, i=01
Loading data from clique_data.json
Lower and upper bounds are equal
Minimum sum: 20
Continuous lower bound achieved.
The is the sum of cliques
Elapsed time: 0.08801007270812988 seconds.

Working on n=05, k=06, i=02
Loading data from clique_data.json
Lower and upper bounds are equal
Minimum sum: 14
Continuous lower bound achieved.
The is the sum of cliques
Elapsed time: 0.08720993995666504 seconds.

Working on n=05, k=06, i=03
Loading data from clique_data.json
Lower and upper bounds are equal
Minimum sum: 10
Continuous lower bound achieved.
Complement upper bound achieved.
Elapsed time: 0.08704423904418945 seconds.

Working on n=05, k=06, i=04
Loading data from clique_data.json
Lower and upper bounds are equal
Minimum sum: 9
Continuous lower bound achieved.
The is the sum of cliques
Complement upper bound achieved.
Elapsed time: 0.0860300064086914 seconds.

Working on n=05, k=06, i=05
Loading data from clique_data.json
Lower and upper bounds are equal
Minimum sum: 7
Continuous lower bound achieved.
The is the sum of cliques
Complement upper bound achieved.
Elapsed time: 0.08784317970275879 seconds.

Working on n=05, k=06, i=06
Loading data from clique_data.json
Lower and upper bounds are equal
Minimum sum: 6
Continuous lower bound achieved.
This is a flower.
The is the sum of cliques
Elapsed time: 0.09955430030822754 seconds.

Working on n=05, k=07, i=00
Loading data from clique_data.json
Lower and upper bounds are equal
Minimum sum: 35
Continuous lower bound achieved.
This is a flower.
The is the sum of cliques
Elapsed time: 0.08678507804870605 seconds.

Working on n=05, k=07, i=01
Loading data from clique_data.json
Lower and upper bounds are equal
Minimum sum: 25
Continuous lower bound achieved.
The is the sum of cliques
Elapsed time: 0.08739447593688965 seconds.

Working on n=05, k=07, i=02
Loading data from clique_data.json
Lower and upper bounds are equal
Minimum sum: 17
Continuous lower bound achieved.
The is the sum of cliques
Elapsed time: 0.08760809898376465 seconds.

Working on n=05, k=07, i=03
Loading data from clique_data.json
Lower and upper bounds are equal
Minimum sum: 14
Continuous lower bound achieved.
The is the sum of cliques
Elapsed time: 0.08854961395263672 seconds.

Working on n=05, k=07, i=04
Loading data from clique_data.json
Lower and upper bounds are equal
Minimum sum: 11
Continuous lower bound achieved.
The is the sum of cliques
Complement upper bound achieved.
Elapsed time: 0.09295845031738281 seconds.

Working on n=05, k=07, i=05
Loading data from clique_data.json
Lower and upper bounds are equal
Minimum sum: 10
Continuous lower bound achieved.
The is the sum of cliques
Complement upper bound achieved.
Elapsed time: 0.08965659141540527 seconds.

Working on n=05, k=07, i=06
Loading data from clique_data.json
Lower and upper bounds are equal
Minimum sum: 8
Continuous lower bound achieved.
The is the sum of cliques
Complement upper bound achieved.
Elapsed time: 0.08902668952941895 seconds.

Working on n=05, k=07, i=07
Loading data from clique_data.json
Lower and upper bounds are equal
Minimum sum: 7
Continuous lower bound achieved.
This is a flower.
The is the sum of cliques
Elapsed time: 0.0904531478881836 seconds.

Working on n=05, k=08, i=00
Loading data from clique_data.json
Lower and upper bounds are equal
Minimum sum: 40
Continuous lower bound achieved.
This is a flower.
The is the sum of cliques
Elapsed time: 0.08924317359924316 seconds.

Working on n=05, k=08, i=01
Loading data from clique_data.json
Lower and upper bounds are equal
Minimum sum: 30
Continuous lower bound achieved.
The is the sum of cliques
Elapsed time: 0.09212589263916016 seconds.

Working on n=05, k=08, i=02
Loading data from clique_data.json
Lower and upper bounds are equal
Minimum sum: 20
Continuous lower bound achieved.
The is the sum of cliques
Elapsed time: 0.09052133560180664 seconds.

Working on n=05, k=08, i=03
Loading data from clique_data.json
Lower and upper bounds are equal
Minimum sum: 17
Continuous lower bound achieved.
The is the sum of cliques
Elapsed time: 0.09138989448547363 seconds.

Working on n=05, k=08, i=04
Loading data from clique_data.json
Lower and upper bounds are equal
Minimum sum: 14
Continuous lower bound achieved.
The is the sum of cliques
Complement upper bound achieved.
Elapsed time: 0.09161162376403809 seconds.

Working on n=05, k=08, i=05
Loading data from clique_data.json
Lower and upper bounds are equal
Minimum sum: 12
Continuous lower bound achieved.
The is the sum of cliques
Complement upper bound achieved.
Elapsed time: 0.09085464477539062 seconds.

Working on n=05, k=08, i=06
Loading data from clique_data.json
Lower and upper bounds are equal
Minimum sum: 10
Continuous lower bound achieved.
The is the sum of cliques
Complement upper bound achieved.
Elapsed time: 0.08975028991699219 seconds.

Working on n=05, k=08, i=07
Loading data from clique_data.json
Lower and upper bounds are equal
Minimum sum: 9
Continuous lower bound achieved.
The is the sum of cliques
Complement upper bound achieved.
Elapsed time: 0.09081292152404785 seconds.

Working on n=05, k=08, i=08
Loading data from clique_data.json
Lower and upper bounds are equal
Minimum sum: 8
Continuous lower bound achieved.
This is a flower.
The is the sum of cliques
Elapsed time: 0.09600305557250977 seconds.

Working on n=05, k=09, i=00
Loading data from clique_data.json
Lower and upper bounds are equal
Minimum sum: 45
Continuous lower bound achieved.
This is a flower.
The is the sum of cliques
Elapsed time: 0.09276103973388672 seconds.

Working on n=05, k=09, i=01
Loading data from clique_data.json
Lower and upper bounds are equal
Minimum sum: 35
Continuous lower bound achieved.
The is the sum of cliques
Elapsed time: 0.09143829345703125 seconds.

Working on n=05, k=09, i=02
Loading data from clique_data.json
Lower and upper bounds are equal
Minimum sum: 25
Continuous lower bound achieved.
The is the sum of cliques
Elapsed time: 0.08931398391723633 seconds.

Working on n=05, k=09, i=03
Loading data from clique_data.json
Lower and upper bounds are equal
Minimum sum: 20
Continuous lower bound achieved.
The is the sum of cliques
Elapsed time: 0.09438419342041016 seconds.

Working on n=05, k=09, i=04
Loading data from clique_data.json
Lower and upper bounds are equal
Minimum sum: 17
Continuous lower bound achieved.
The is the sum of cliques
Complement upper bound achieved.
Elapsed time: 0.09384989738464355 seconds.

Working on n=05, k=09, i=05
Loading data from clique_data.json
Lower and upper bounds are equal
Minimum sum: 15
Continuous lower bound achieved.
The is the sum of cliques
Complement upper bound achieved.
Elapsed time: 0.09296369552612305 seconds.

Working on n=05, k=09, i=06
Loading data from clique_data.json
Lower and upper bounds are equal
Minimum sum: 13
Continuous lower bound achieved.
The is the sum of cliques
Complement upper bound achieved.
Elapsed time: 0.09027719497680664 seconds.

Working on n=05, k=09, i=07
Loading data from clique_data.json
Lower and upper bounds are equal
Minimum sum: 11
Continuous lower bound achieved.
The is the sum of cliques
Complement upper bound achieved.
Elapsed time: 0.09393453598022461 seconds.

Working on n=05, k=09, i=08
Loading data from clique_data.json
Lower and upper bounds are equal
Minimum sum: 10
Continuous lower bound achieved.
The is the sum of cliques
Complement upper bound achieved.
Elapsed time: 0.09250354766845703 seconds.

Working on n=05, k=09, i=09
Loading data from clique_data.json
Lower and upper bounds are equal
Minimum sum: 9
Continuous lower bound achieved.
This is a flower.
The is the sum of cliques
Elapsed time: 0.09730195999145508 seconds.

Working on n=05, k=10, i=00
Loading data from clique_data.json
Lower and upper bounds are equal
Minimum sum: 50
Continuous lower bound achieved.
This is a flower.
The is the sum of cliques
Elapsed time: 0.0928647518157959 seconds.

Working on n=05, k=10, i=01
Loading data from clique_data.json
Lower and upper bounds are equal
Minimum sum: 40
Continuous lower bound achieved.
The is the sum of cliques
Elapsed time: 0.09797191619873047 seconds.

Working on n=05, k=10, i=02
Loading data from clique_data.json
Lower and upper bounds are equal
Minimum sum: 30
Continuous lower bound achieved.
The is the sum of cliques
Elapsed time: 0.09820222854614258 seconds.

Working on n=05, k=10, i=03
Loading data from clique_data.json
Lower and upper bounds are equal
Minimum sum: 24
Continuous lower bound achieved.
The is the sum of cliques
Elapsed time: 0.09356999397277832 seconds.

Working on n=05, k=10, i=04
Loading data from clique_data.json
Lower and upper bounds are equal
Minimum sum: 20
Continuous lower bound achieved.
The is the sum of cliques
Elapsed time: 0.09392762184143066 seconds.

Working on n=05, k=10, i=05
Loading data from clique_data.json
Lower and upper bounds are equal
Minimum sum: 17
Continuous lower bound achieved.
The is the sum of cliques
Complement upper bound achieved.
Elapsed time: 0.09611320495605469 seconds.

Working on n=05, k=10, i=06
Loading data from clique_data.json
Lower and upper bounds are equal
Minimum sum: 15
Continuous lower bound achieved.
The is the sum of cliques
Complement upper bound achieved.
Elapsed time: 0.09684491157531738 seconds.

Working on n=05, k=10, i=07
Loading data from clique_data.json
Lower and upper bounds are equal
Minimum sum: 14
Continuous lower bound achieved.
The is the sum of cliques
Complement upper bound achieved.
Elapsed time: 0.10446023941040039 seconds.

Working on n=05, k=10, i=08
Loading data from clique_data.json
Lower and upper bounds are equal
Minimum sum: 12
Continuous lower bound achieved.
The is the sum of cliques
Complement upper bound achieved.
Elapsed time: 0.09634113311767578 seconds.

Working on n=05, k=10, i=09
Loading data from clique_data.json
Lower and upper bounds are equal
Minimum sum: 11
Continuous lower bound achieved.
The is the sum of cliques
Complement upper bound achieved.
Elapsed time: 0.09904742240905762 seconds.

Working on n=05, k=10, i=10
Loading data from clique_data.json
Lower and upper bounds are equal
Minimum sum: 10
Continuous lower bound achieved.
This is a flower.
The is the sum of cliques
Elapsed time: 0.0952610969543457 seconds.

Working on n=05, k=11, i=00
Loading data from clique_data.json
Lower and upper bounds are equal
Minimum sum: 55
Continuous lower bound achieved.
This is a flower.
The is the sum of cliques
Elapsed time: 0.09429550170898438 seconds.

Working on n=05, k=11, i=01
Loading data from clique_data.json
Lower and upper bounds are equal
Minimum sum: 45
Continuous lower bound achieved.
The is the sum of cliques
Elapsed time: 0.09447121620178223 seconds.

Working on n=05, k=11, i=02
Loading data from clique_data.json
Lower and upper bounds are equal
Minimum sum: 35
Continuous lower bound achieved.
The is the sum of cliques
Elapsed time: 0.11096453666687012 seconds.

Working on n=05, k=11, i=03
Loading data from clique_data.json
Lower and upper bounds are equal
Minimum sum: 27
Continuous lower bound achieved.
The is the sum of cliques
Elapsed time: 0.09903883934020996 seconds.

Working on n=05, k=11, i=04
Loading data from clique_data.json
Lower and upper bounds are equal
Minimum sum: 24
Continuous lower bound achieved.
The is the sum of cliques
Elapsed time: 0.09450030326843262 seconds.

Working on n=05, k=11, i=05
Loading data from clique_data.json
Lower and upper bounds are equal
Minimum sum: 20
Continuous lower bound achieved.
The is the sum of cliques
Complement upper bound achieved.
Elapsed time: 0.09711456298828125 seconds.

Working on n=05, k=11, i=06
Loading data from clique_data.json
Lower and upper bounds are equal
Minimum sum: 18
Continuous lower bound achieved.
The is the sum of cliques
Complement upper bound achieved.
Elapsed time: 0.09641027450561523 seconds.

Working on n=05, k=11, i=07
Loading data from clique_data.json
Lower and upper bounds are equal
Minimum sum: 16
Continuous lower bound achieved.
The is the sum of cliques
Complement upper bound achieved.
Elapsed time: 0.0962531566619873 seconds.

Working on n=05, k=11, i=08
Loading data from clique_data.json
Lower and upper bounds are equal
Minimum sum: 15
Continuous lower bound achieved.
The is the sum of cliques
Complement upper bound achieved.
Elapsed time: 0.11279940605163574 seconds.

Working on n=05, k=11, i=09
Loading data from clique_data.json
Lower and upper bounds are equal
Minimum sum: 13
Continuous lower bound achieved.
The is the sum of cliques
Complement upper bound achieved.
Elapsed time: 0.09670495986938477 seconds.

Working on n=05, k=11, i=10
Loading data from clique_data.json
Lower and upper bounds are equal
Minimum sum: 12
Continuous lower bound achieved.
The is the sum of cliques
Complement upper bound achieved.
Elapsed time: 0.1010291576385498 seconds.

Working on n=05, k=11, i=11
Loading data from clique_data.json
Lower and upper bounds are equal
Minimum sum: 11
Continuous lower bound achieved.
This is a flower.
The is the sum of cliques
Elapsed time: 0.10094165802001953 seconds.

Working on n=05, k=12, i=00
Loading data from clique_data.json
Lower and upper bounds are equal
Minimum sum: 60
Continuous lower bound achieved.
This is a flower.
The is the sum of cliques
Elapsed time: 0.10072183609008789 seconds.

Working on n=05, k=12, i=01
Loading data from clique_data.json
Lower and upper bounds are equal
Minimum sum: 50
Continuous lower bound achieved.
The is the sum of cliques
Elapsed time: 0.09976363182067871 seconds.

Working on n=05, k=12, i=02
Loading data from clique_data.json
Lower and upper bounds are equal
Minimum sum: 40
Continuous lower bound achieved.
The is the sum of cliques
Elapsed time: 0.10327267646789551 seconds.

Working on n=05, k=12, i=03
Loading data from clique_data.json
Lower and upper bounds are equal
Minimum sum: 30
Continuous lower bound achieved.
The is the sum of cliques
Elapsed time: 0.10329771041870117 seconds.

Working on n=05, k=12, i=04
Loading data from clique_data.json
Lower and upper bounds are equal
Minimum sum: 27
Continuous lower bound achieved.
The is the sum of cliques
Elapsed time: 0.10016608238220215 seconds.

Working on n=05, k=12, i=05
Loading data from clique_data.json
Lower and upper bounds are equal
Minimum sum: 24
Continuous lower bound achieved.
The is the sum of cliques
Elapsed time: 0.09773111343383789 seconds.

Working on n=05, k=12, i=06
Loading data from clique_data.json
Lower and upper bounds are equal
Minimum sum: 20
Continuous lower bound achieved.
The is the sum of cliques
Complement upper bound achieved.
Elapsed time: 0.10000109672546387 seconds.

Working on n=05, k=12, i=07
Loading data from clique_data.json
Lower and upper bounds are equal
Minimum sum: 19
Continuous lower bound achieved.
The is the sum of cliques
Complement upper bound achieved.
Elapsed time: 0.10378670692443848 seconds.

Working on n=05, k=12, i=08
Loading data from clique_data.json
Lower and upper bounds are equal
Minimum sum: 17
Continuous lower bound achieved.
The is the sum of cliques
Complement upper bound achieved.
Elapsed time: 0.09903860092163086 seconds.

Working on n=05, k=12, i=09
Loading data from clique_data.json
Lower and upper bounds are equal
Minimum sum: 15
Continuous lower bound achieved.
The is the sum of cliques
Complement upper bound achieved.
Elapsed time: 0.10321211814880371 seconds.

Working on n=05, k=12, i=10
Loading data from clique_data.json
Lower and upper bounds are equal
Minimum sum: 14
Continuous lower bound achieved.
The is the sum of cliques
Complement upper bound achieved.
Elapsed time: 0.10189294815063477 seconds.

Working on n=05, k=12, i=11
Loading data from clique_data.json
Lower and upper bounds are equal
Minimum sum: 13
Continuous lower bound achieved.
The is the sum of cliques
Complement upper bound achieved.
Elapsed time: 0.10117912292480469 seconds.

Working on n=05, k=12, i=12
Loading data from clique_data.json
Lower and upper bounds are equal
Minimum sum: 12
Continuous lower bound achieved.
This is a flower.
The is the sum of cliques
Elapsed time: 0.0996394157409668 seconds.

Working on n=05, k=13, i=00
Loading data from clique_data.json
Lower and upper bounds are equal
Minimum sum: 65
Continuous lower bound achieved.
This is a flower.
The is the sum of cliques
Elapsed time: 0.10259318351745605 seconds.

Working on n=05, k=13, i=01
Loading data from clique_data.json
Lower and upper bounds are equal
Minimum sum: 55
Continuous lower bound achieved.
The is the sum of cliques
Elapsed time: 0.10203289985656738 seconds.

Working on n=05, k=13, i=02
Loading data from clique_data.json
Lower and upper bounds are equal
Minimum sum: 45
Continuous lower bound achieved.
The is the sum of cliques
Elapsed time: 0.10171127319335938 seconds.

Working on n=05, k=13, i=03
Loading data from clique_data.json
Lower and upper bounds are equal
Minimum sum: 35
Continuous lower bound achieved.
The is the sum of cliques
Elapsed time: 0.10704731941223145 seconds.

Working on n=05, k=13, i=04
Loading data from clique_data.json
Lower and upper bounds are equal
Minimum sum: 30
Continuous lower bound achieved.
The is the sum of cliques
Elapsed time: 0.10308051109313965 seconds.

Working on n=05, k=13, i=05
Loading data from clique_data.json
Lower and upper bounds are equal
Minimum sum: 27
Continuous lower bound achieved.
The is the sum of cliques
Elapsed time: 0.10317015647888184 seconds.

Working on n=05, k=13, i=06
Loading data from clique_data.json
Lower and upper bounds are equal
Minimum sum: 24
Continuous lower bound achieved.
The is the sum of cliques
Complement upper bound achieved.
Elapsed time: 0.10366535186767578 seconds.

Working on n=05, k=13, i=07
Loading data from clique_data.json
Lower and upper bounds are equal
Minimum sum: 21
Continuous lower bound achieved.
The is the sum of cliques
Complement upper bound achieved.
Elapsed time: 0.12272357940673828 seconds.

Working on n=05, k=13, i=08
Loading data from clique_data.json
Lower and upper bounds are equal
Minimum sum: 20
Continuous lower bound achieved.
The is the sum of cliques
Complement upper bound achieved.
Elapsed time: 0.1068735122680664 seconds.

Working on n=05, k=13, i=09
Loading data from clique_data.json
Lower and upper bounds are equal
Minimum sum: 18
Continuous lower bound achieved.
The is the sum of cliques
Complement upper bound achieved.
Elapsed time: 0.10959625244140625 seconds.

Working on n=05, k=13, i=10
Loading data from clique_data.json
Lower and upper bounds are equal
Minimum sum: 16
Continuous lower bound achieved.
The is the sum of cliques
Complement upper bound achieved.
Elapsed time: 0.10604333877563477 seconds.

Working on n=05, k=13, i=11
Loading data from clique_data.json
Lower and upper bounds are equal
Minimum sum: 15
Continuous lower bound achieved.
The is the sum of cliques
Complement upper bound achieved.
Elapsed time: 0.10366463661193848 seconds.

Working on n=05, k=13, i=12
Loading data from clique_data.json
Lower and upper bounds are equal
Minimum sum: 14
Continuous lower bound achieved.
The is the sum of cliques
Complement upper bound achieved.
Elapsed time: 0.1052708625793457 seconds.

Working on n=05, k=13, i=13
Loading data from clique_data.json
Lower and upper bounds are equal
Minimum sum: 13
Continuous lower bound achieved.
This is a flower.
The is the sum of cliques
Elapsed time: 0.11798501014709473 seconds.

Working on n=05, k=14, i=00
Loading data from clique_data.json
Lower and upper bounds are equal
Minimum sum: 70
Continuous lower bound achieved.
This is a flower.
The is the sum of cliques
Elapsed time: 0.10903716087341309 seconds.

Working on n=05, k=14, i=01
Loading data from clique_data.json
Lower and upper bounds are equal
Minimum sum: 60
Continuous lower bound achieved.
The is the sum of cliques
Elapsed time: 0.10430073738098145 seconds.

Working on n=05, k=14, i=02
Loading data from clique_data.json
Lower and upper bounds are equal
Minimum sum: 50
Continuous lower bound achieved.
The is the sum of cliques
Elapsed time: 0.10607266426086426 seconds.

Working on n=05, k=14, i=03
Loading data from clique_data.json
Lower and upper bounds are equal
Minimum sum: 40
Continuous lower bound achieved.
The is the sum of cliques
Elapsed time: 0.10722017288208008 seconds.

Working on n=05, k=14, i=04
Loading data from clique_data.json
Lower and upper bounds are equal
Minimum sum: 34
Continuous lower bound achieved.
The is the sum of cliques
Elapsed time: 0.1075294017791748 seconds.

Working on n=05, k=14, i=05
Loading data from clique_data.json
Lower and upper bounds are equal
Minimum sum: 30
Continuous lower bound achieved.
The is the sum of cliques
Elapsed time: 0.10792398452758789 seconds.

Working on n=05, k=14, i=06
Loading data from clique_data.json
Lower and upper bounds are equal
Minimum sum: 27
Continuous lower bound achieved.
The is the sum of cliques
Complement upper bound achieved.
Elapsed time: 0.11206269264221191 seconds.

Working on n=05, k=14, i=07
Loading data from clique_data.json
Lower and upper bounds are equal
Minimum sum: 24
Continuous lower bound achieved.
The is the sum of cliques
Complement upper bound achieved.
Elapsed time: 0.1130216121673584 seconds.

Working on n=05, k=14, i=08
Loading data from clique_data.json
Lower and upper bounds are equal
Minimum sum: 22
Continuous lower bound achieved.
The is the sum of cliques
Complement upper bound achieved.
Elapsed time: 0.10894107818603516 seconds.

Working on n=05, k=14, i=09
Loading data from clique_data.json
Lower and upper bounds are equal
Minimum sum: 20
Continuous lower bound achieved.
The is the sum of cliques
Complement upper bound achieved.
Elapsed time: 0.11649537086486816 seconds.

Working on n=05, k=14, i=10
Loading data from clique_data.json
Lower and upper bounds are equal
Minimum sum: 19
Continuous lower bound achieved.
The is the sum of cliques
Complement upper bound achieved.
Elapsed time: 0.11460995674133301 seconds.

Working on n=05, k=14, i=11
Loading data from clique_data.json
Lower and upper bounds are equal
Minimum sum: 17
Continuous lower bound achieved.
The is the sum of cliques
Complement upper bound achieved.
Elapsed time: 0.12230849266052246 seconds.

Working on n=05, k=14, i=12
Loading data from clique_data.json
Lower and upper bounds are equal
Minimum sum: 16
Continuous lower bound achieved.
The is the sum of cliques
Complement upper bound achieved.
Elapsed time: 0.11294746398925781 seconds.

Working on n=05, k=14, i=13
Loading data from clique_data.json
Lower and upper bounds are equal
Minimum sum: 15
Continuous lower bound achieved.
The is the sum of cliques
Complement upper bound achieved.
Elapsed time: 0.11021947860717773 seconds.

Working on n=05, k=14, i=14
Loading data from clique_data.json
Lower and upper bounds are equal
Minimum sum: 14
Continuous lower bound achieved.
This is a flower.
The is the sum of cliques
Elapsed time: 0.10961747169494629 seconds.

Working on n=05, k=15, i=00
Loading data from clique_data.json
Lower and upper bounds are equal
Minimum sum: 75
Continuous lower bound achieved.
This is a flower.
The is the sum of cliques
Elapsed time: 0.1186513900756836 seconds.

Working on n=05, k=15, i=01
Loading data from clique_data.json
Lower and upper bounds are equal
Minimum sum: 65
Continuous lower bound achieved.
The is the sum of cliques
Elapsed time: 0.10948824882507324 seconds.

Working on n=05, k=15, i=02
Loading data from clique_data.json
Lower and upper bounds are equal
Minimum sum: 55
Continuous lower bound achieved.
The is the sum of cliques
Elapsed time: 0.11978864669799805 seconds.

Working on n=05, k=15, i=03
Loading data from clique_data.json
Lower and upper bounds are equal
Minimum sum: 45
Continuous lower bound achieved.
The is the sum of cliques
Elapsed time: 0.10973906517028809 seconds.

Working on n=05, k=15, i=04
Loading data from clique_data.json
Lower and upper bounds are equal
Minimum sum: 37
Continuous lower bound achieved.
The is the sum of cliques
Elapsed time: 0.1146693229675293 seconds.

Working on n=05, k=15, i=05
Loading data from clique_data.json
Lower and upper bounds are equal
Minimum sum: 34
Continuous lower bound achieved.
The is the sum of cliques
Elapsed time: 0.11330580711364746 seconds.

Working on n=05, k=15, i=06
Loading data from clique_data.json
Lower and upper bounds are equal
Minimum sum: 30
Continuous lower bound achieved.
The is the sum of cliques
Elapsed time: 0.11440658569335938 seconds.

Working on n=05, k=15, i=07
Loading data from clique_data.json
Lower and upper bounds are equal
Minimum sum: 27
Continuous lower bound achieved.
The is the sum of cliques
Complement upper bound achieved.
Elapsed time: 0.11548042297363281 seconds.

Working on n=05, k=15, i=08
Loading data from clique_data.json
Lower and upper bounds are equal
Minimum sum: 25
Continuous lower bound achieved.
The is the sum of cliques
Complement upper bound achieved.
Elapsed time: 0.13110923767089844 seconds.

Working on n=05, k=15, i=09
Loading data from clique_data.json
Lower and upper bounds are equal
Minimum sum: 23
Continuous lower bound achieved.
The is the sum of cliques
Complement upper bound achieved.
Elapsed time: 0.11651730537414551 seconds.

Working on n=05, k=15, i=10
Loading data from clique_data.json
Lower and upper bounds are equal
Minimum sum: 21
Continuous lower bound achieved.
The is the sum of cliques
Complement upper bound achieved.
Elapsed time: 0.1159214973449707 seconds.

Working on n=05, k=15, i=11
Loading data from clique_data.json
Lower and upper bounds are equal
Minimum sum: 20
Continuous lower bound achieved.
The is the sum of cliques
Complement upper bound achieved.
Elapsed time: 0.11807751655578613 seconds.

Working on n=05, k=15, i=12
Loading data from clique_data.json
Lower and upper bounds are equal
Minimum sum: 18
Continuous lower bound achieved.
The is the sum of cliques
Complement upper bound achieved.
Elapsed time: 0.11776995658874512 seconds.

Working on n=05, k=15, i=13
Loading data from clique_data.json
Lower and upper bounds are equal
Minimum sum: 17
Continuous lower bound achieved.
The is the sum of cliques
Complement upper bound achieved.
Elapsed time: 0.11904430389404297 seconds.

Working on n=05, k=15, i=14
Loading data from clique_data.json
Lower and upper bounds are equal
Minimum sum: 16
Continuous lower bound achieved.
The is the sum of cliques
Complement upper bound achieved.
Elapsed time: 0.11573362350463867 seconds.

Working on n=05, k=15, i=15
Loading data from clique_data.json
Lower and upper bounds are equal
Minimum sum: 15
Continuous lower bound achieved.
This is a flower.
The is the sum of cliques
Elapsed time: 0.11545681953430176 seconds.

Working on n=05, k=16, i=00
Loading data from clique_data.json
Lower and upper bounds are equal
Minimum sum: 80
Continuous lower bound achieved.
This is a flower.
The is the sum of cliques
Elapsed time: 0.1150209903717041 seconds.

Working on n=05, k=16, i=01
Loading data from clique_data.json
Lower and upper bounds are equal
Minimum sum: 70
Continuous lower bound achieved.
The is the sum of cliques
Elapsed time: 0.11656594276428223 seconds.

Working on n=05, k=16, i=02
Loading data from clique_data.json
Lower and upper bounds are equal
Minimum sum: 60
Continuous lower bound achieved.
The is the sum of cliques
Elapsed time: 0.11899113655090332 seconds.

Working on n=05, k=16, i=03
Loading data from clique_data.json
Lower and upper bounds are equal
Minimum sum: 50
Continuous lower bound achieved.
The is the sum of cliques
Elapsed time: 0.11652088165283203 seconds.

Working on n=05, k=16, i=04
Loading data from clique_data.json
Lower and upper bounds are equal
Minimum sum: 40
Continuous lower bound achieved.
The is the sum of cliques
Elapsed time: 0.11901164054870605 seconds.

Working on n=05, k=16, i=05
Loading data from clique_data.json
Lower and upper bounds are equal
Minimum sum: 37
Continuous lower bound achieved.
The is the sum of cliques
Elapsed time: 0.1156320571899414 seconds.

Working on n=05, k=16, i=06
Loading data from clique_data.json
Lower and upper bounds are equal
Minimum sum: 34
Continuous lower bound achieved.
The is the sum of cliques
Elapsed time: 0.11932635307312012 seconds.

Working on n=05, k=16, i=07
Loading data from clique_data.json
Lower and upper bounds are equal
Minimum sum: 30
Continuous lower bound achieved.
The is the sum of cliques
Complement upper bound achieved.
Elapsed time: 0.11822676658630371 seconds.

Working on n=05, k=16, i=08
Loading data from clique_data.json
Lower and upper bounds are equal
Minimum sum: 27
Continuous lower bound achieved.
The is the sum of cliques
Complement upper bound achieved.
Elapsed time: 0.12134218215942383 seconds.

Working on n=05, k=16, i=09
Loading data from clique_data.json
Lower and upper bounds are equal
Minimum sum: 25
Continuous lower bound achieved.
The is the sum of cliques
Complement upper bound achieved.
Elapsed time: 0.12261462211608887 seconds.

Working on n=05, k=16, i=10
Loading data from clique_data.json
Lower and upper bounds are equal
Minimum sum: 24
Continuous lower bound achieved.
The is the sum of cliques
Complement upper bound achieved.
Elapsed time: 0.12146377563476562 seconds.

Working on n=05, k=16, i=11
Loading data from clique_data.json
Lower and upper bounds are equal
Minimum sum: 22
Continuous lower bound achieved.
The is the sum of cliques
Complement upper bound achieved.
Elapsed time: 0.12132549285888672 seconds.

Working on n=05, k=16, i=12
Loading data from clique_data.json
Lower and upper bounds are equal
Minimum sum: 20
Continuous lower bound achieved.
The is the sum of cliques
Complement upper bound achieved.
Elapsed time: 0.12066173553466797 seconds.

Working on n=05, k=16, i=13
Loading data from clique_data.json
Lower and upper bounds are equal
Minimum sum: 19
Continuous lower bound achieved.
The is the sum of cliques
Complement upper bound achieved.
Elapsed time: 0.11922550201416016 seconds.

Working on n=05, k=16, i=14
Loading data from clique_data.json
Lower and upper bounds are equal
Minimum sum: 18
Continuous lower bound achieved.
The is the sum of cliques
Complement upper bound achieved.
Elapsed time: 0.12309694290161133 seconds.

Working on n=05, k=16, i=15
Loading data from clique_data.json
Lower and upper bounds are equal
Minimum sum: 17
Continuous lower bound achieved.
The is the sum of cliques
Complement upper bound achieved.
Elapsed time: 0.1232156753540039 seconds.

Working on n=05, k=16, i=16
Loading data from clique_data.json
Lower and upper bounds are equal
Minimum sum: 16
Continuous lower bound achieved.
This is a flower.
The is the sum of cliques
Elapsed time: 0.12171530723571777 seconds.

Working on n=05, k=17, i=00
Loading data from clique_data.json
Lower and upper bounds are equal
Minimum sum: 85
Continuous lower bound achieved.
This is a flower.
The is the sum of cliques
Elapsed time: 0.12485074996948242 seconds.

Working on n=05, k=17, i=01
Loading data from clique_data.json
Lower and upper bounds are equal
Minimum sum: 75
Continuous lower bound achieved.
The is the sum of cliques
Elapsed time: 0.13216161727905273 seconds.

Working on n=05, k=17, i=02
Loading data from clique_data.json
Lower and upper bounds are equal
Minimum sum: 65
Continuous lower bound achieved.
The is the sum of cliques
Elapsed time: 0.12217831611633301 seconds.

Working on n=05, k=17, i=03
Loading data from clique_data.json
Lower and upper bounds are equal
Minimum sum: 55
Continuous lower bound achieved.
The is the sum of cliques
Elapsed time: 0.1310417652130127 seconds.

Working on n=05, k=17, i=04
Loading data from clique_data.json
Lower and upper bounds are equal
Minimum sum: 45
Continuous lower bound achieved.
The is the sum of cliques
Elapsed time: 0.12801241874694824 seconds.

Working on n=05, k=17, i=05
Loading data from clique_data.json
Lower and upper bounds are equal
Minimum sum: 40
Continuous lower bound achieved.
The is the sum of cliques
Elapsed time: 0.12491011619567871 seconds.

Working on n=05, k=17, i=06
Loading data from clique_data.json
Lower and upper bounds are equal
Minimum sum: 37
Continuous lower bound achieved.
The is the sum of cliques
Elapsed time: 0.12465834617614746 seconds.

Working on n=05, k=17, i=07
Loading data from clique_data.json
Lower and upper bounds are equal
Minimum sum: 34
Continuous lower bound achieved.
The is the sum of cliques
Elapsed time: 0.12589573860168457 seconds.

Working on n=05, k=17, i=08
Loading data from clique_data.json
Lower and upper bounds are equal
Minimum sum: 30
Continuous lower bound achieved.
The is the sum of cliques
Complement upper bound achieved.
Elapsed time: 0.12635469436645508 seconds.

Working on n=05, k=17, i=09
Loading data from clique_data.json
Lower and upper bounds are equal
Minimum sum: 28
Continuous lower bound achieved.
The is the sum of cliques
Complement upper bound achieved.
Elapsed time: 0.12844276428222656 seconds.

Working on n=05, k=17, i=10
Loading data from clique_data.json
Lower and upper bounds are equal
Minimum sum: 26
Continuous lower bound achieved.
The is the sum of cliques
Complement upper bound achieved.
Elapsed time: 0.13144803047180176 seconds.

Working on n=05, k=17, i=11
Loading data from clique_data.json
Lower and upper bounds are equal
Minimum sum: 25
Continuous lower bound achieved.
The is the sum of cliques
Complement upper bound achieved.
Elapsed time: 0.12621784210205078 seconds.

Working on n=05, k=17, i=12
Loading data from clique_data.json
Lower and upper bounds are equal
Minimum sum: 23
Continuous lower bound achieved.
The is the sum of cliques
Complement upper bound achieved.
Elapsed time: 0.1335616111755371 seconds.

Working on n=05, k=17, i=13
Loading data from clique_data.json
Lower and upper bounds are equal
Minimum sum: 21
Continuous lower bound achieved.
The is the sum of cliques
Complement upper bound achieved.
Elapsed time: 0.13341975212097168 seconds.

Working on n=05, k=17, i=14
Loading data from clique_data.json
Lower and upper bounds are equal
Minimum sum: 20
Continuous lower bound achieved.
The is the sum of cliques
Complement upper bound achieved.
Elapsed time: 0.13444733619689941 seconds.

Working on n=05, k=17, i=15
Loading data from clique_data.json
Lower and upper bounds are equal
Minimum sum: 19
Continuous lower bound achieved.
The is the sum of cliques
Complement upper bound achieved.
Elapsed time: 0.13232064247131348 seconds.

Working on n=05, k=17, i=16
Loading data from clique_data.json
Lower and upper bounds are equal
Minimum sum: 18
Continuous lower bound achieved.
The is the sum of cliques
Complement upper bound achieved.
Elapsed time: 0.13344931602478027 seconds.

Working on n=05, k=17, i=17
Loading data from clique_data.json
Lower and upper bounds are equal
Minimum sum: 17
Continuous lower bound achieved.
This is a flower.
The is the sum of cliques
Elapsed time: 0.13276052474975586 seconds.

Working on n=05, k=18, i=00
Loading data from clique_data.json
Lower and upper bounds are equal
Minimum sum: 90
Continuous lower bound achieved.
This is a flower.
The is the sum of cliques
Elapsed time: 0.13321971893310547 seconds.

Working on n=05, k=18, i=01
Loading data from clique_data.json
Lower and upper bounds are equal
Minimum sum: 80
Continuous lower bound achieved.
The is the sum of cliques
Elapsed time: 0.1406848430633545 seconds.

Working on n=05, k=18, i=02
Loading data from clique_data.json
Lower and upper bounds are equal
Minimum sum: 70
Continuous lower bound achieved.
The is the sum of cliques
Elapsed time: 0.13215255737304688 seconds.

Working on n=05, k=18, i=03
Loading data from clique_data.json
Lower and upper bounds are equal
Minimum sum: 60
Continuous lower bound achieved.
The is the sum of cliques
Elapsed time: 0.13696694374084473 seconds.

Working on n=05, k=18, i=04
Loading data from clique_data.json
Lower and upper bounds are equal
Minimum sum: 50
Continuous lower bound achieved.
The is the sum of cliques
Elapsed time: 0.1386425495147705 seconds.

Working on n=05, k=18, i=05
Loading data from clique_data.json
Lower and upper bounds are equal
Minimum sum: 44
Continuous lower bound achieved.
The is the sum of cliques
Elapsed time: 0.133009672164917 seconds.

Working on n=05, k=18, i=06
Loading data from clique_data.json
Lower and upper bounds are equal
Minimum sum: 40
Continuous lower bound achieved.
The is the sum of cliques
Elapsed time: 0.15153765678405762 seconds.

Working on n=05, k=18, i=07
Loading data from clique_data.json
Lower and upper bounds are equal
Minimum sum: 37
Continuous lower bound achieved.
The is the sum of cliques
Elapsed time: 0.1418318748474121 seconds.

Working on n=05, k=18, i=08
Loading data from clique_data.json
Lower and upper bounds are equal
Minimum sum: 34
Continuous lower bound achieved.
The is the sum of cliques
Complement upper bound achieved.
Elapsed time: 0.14041900634765625 seconds.

Working on n=05, k=18, i=09
Loading data from clique_data.json
Lower and upper bounds are equal
Minimum sum: 30
Continuous lower bound achieved.
The is the sum of cliques
Complement upper bound achieved.
Elapsed time: 0.14215493202209473 seconds.

Working on n=05, k=18, i=10
Loading data from clique_data.json
Lower and upper bounds are equal
Minimum sum: 29
Continuous lower bound achieved.
The is the sum of cliques
Complement upper bound achieved.
Elapsed time: 0.13735389709472656 seconds.

Working on n=05, k=18, i=11
Loading data from clique_data.json
Lower and upper bounds are equal
Minimum sum: 27
Continuous lower bound achieved.
The is the sum of cliques
Complement upper bound achieved.
Elapsed time: 0.1369156837463379 seconds.

Working on n=05, k=18, i=12
Loading data from clique_data.json
Lower and upper bounds are equal
Minimum sum: 25
Continuous lower bound achieved.
The is the sum of cliques
Complement upper bound achieved.
Elapsed time: 0.1445314884185791 seconds.

Working on n=05, k=18, i=13
Loading data from clique_data.json
Lower and upper bounds are equal
Minimum sum: 24
Continuous lower bound achieved.
The is the sum of cliques
Complement upper bound achieved.
Elapsed time: 0.13954949378967285 seconds.

Working on n=05, k=18, i=14
Loading data from clique_data.json
Lower and upper bounds are equal
Minimum sum: 22
Continuous lower bound achieved.
The is the sum of cliques
Complement upper bound achieved.
Elapsed time: 0.14619827270507812 seconds.

Working on n=05, k=18, i=15
Loading data from clique_data.json
Lower and upper bounds are equal
Minimum sum: 21
Continuous lower bound achieved.
The is the sum of cliques
Complement upper bound achieved.
Elapsed time: 0.14107227325439453 seconds.

Working on n=05, k=18, i=16
Loading data from clique_data.json
Lower and upper bounds are equal
Minimum sum: 20
Continuous lower bound achieved.
The is the sum of cliques
Complement upper bound achieved.
Elapsed time: 0.1384444236755371 seconds.

Working on n=05, k=18, i=17
Loading data from clique_data.json
Lower and upper bounds are equal
Minimum sum: 19
Continuous lower bound achieved.
The is the sum of cliques
Complement upper bound achieved.
Elapsed time: 0.14344429969787598 seconds.

Working on n=05, k=18, i=18
Loading data from clique_data.json
Lower and upper bounds are equal
Minimum sum: 18
Continuous lower bound achieved.
This is a flower.
The is the sum of cliques
Elapsed time: 0.13940858840942383 seconds.

Working on n=05, k=19, i=00
Loading data from clique_data.json
Lower and upper bounds are equal
Minimum sum: 95
Continuous lower bound achieved.
This is a flower.
The is the sum of cliques
Elapsed time: 0.14856696128845215 seconds.

Working on n=05, k=19, i=01
Loading data from clique_data.json
Lower and upper bounds are equal
Minimum sum: 85
Continuous lower bound achieved.
The is the sum of cliques
Elapsed time: 0.15598797798156738 seconds.

Working on n=05, k=19, i=02
Loading data from clique_data.json
Lower and upper bounds are equal
Minimum sum: 75
Continuous lower bound achieved.
The is the sum of cliques
Elapsed time: 0.1410198211669922 seconds.

Working on n=05, k=19, i=03
Loading data from clique_data.json
Lower and upper bounds are equal
Minimum sum: 65
Continuous lower bound achieved.
The is the sum of cliques
Elapsed time: 0.14090538024902344 seconds.

Working on n=05, k=19, i=04
Loading data from clique_data.json
Lower and upper bounds are equal
Minimum sum: 55
Continuous lower bound achieved.
The is the sum of cliques
Elapsed time: 0.14615917205810547 seconds.

Working on n=05, k=19, i=05
Loading data from clique_data.json
Lower and upper bounds are equal
Minimum sum: 47
Continuous lower bound achieved.
The is the sum of cliques
Elapsed time: 0.144120454788208 seconds.

Working on n=05, k=19, i=06
Loading data from clique_data.json
Lower and upper bounds are equal
Minimum sum: 44
Continuous lower bound achieved.
The is the sum of cliques
Elapsed time: 0.14826750755310059 seconds.

Working on n=05, k=19, i=07
Loading data from clique_data.json
Lower and upper bounds are equal
Minimum sum: 40
Continuous lower bound achieved.
The is the sum of cliques
Elapsed time: 0.14272665977478027 seconds.

Working on n=05, k=19, i=08
Loading data from clique_data.json
Lower and upper bounds are equal
Minimum sum: 37
Continuous lower bound achieved.
The is the sum of cliques
Complement upper bound achieved.
Elapsed time: 0.14610981941223145 seconds.

Working on n=05, k=19, i=09
Loading data from clique_data.json
Lower and upper bounds are equal
Minimum sum: 34
Continuous lower bound achieved.
The is the sum of cliques
Complement upper bound achieved.
Elapsed time: 0.14342021942138672 seconds.

Working on n=05, k=19, i=10
Loading data from clique_data.json
Lower and upper bounds are equal
Minimum sum: 31
Continuous lower bound achieved.
The is the sum of cliques
Complement upper bound achieved.
Elapsed time: 0.1456592082977295 seconds.

Working on n=05, k=19, i=11
Loading data from clique_data.json
Lower and upper bounds are equal
Minimum sum: 30
Continuous lower bound achieved.
The is the sum of cliques
Complement upper bound achieved.
Elapsed time: 0.14423322677612305 seconds.

Working on n=05, k=19, i=12
Loading data from clique_data.json
Lower and upper bounds are equal
Minimum sum: 28
Continuous lower bound achieved.
The is the sum of cliques
Complement upper bound achieved.
Elapsed time: 0.15630602836608887 seconds.

Working on n=05, k=19, i=13
Loading data from clique_data.json
Lower and upper bounds are equal
Minimum sum: 26
Continuous lower bound achieved.
The is the sum of cliques
Complement upper bound achieved.
Elapsed time: 0.14834809303283691 seconds.

Working on n=05, k=19, i=14
Loading data from clique_data.json
Lower and upper bounds are equal
Minimum sum: 25
Continuous lower bound achieved.
The is the sum of cliques
Complement upper bound achieved.
Elapsed time: 0.14516425132751465 seconds.

Working on n=05, k=19, i=15
Loading data from clique_data.json
Lower and upper bounds are equal
Minimum sum: 23
Continuous lower bound achieved.
The is the sum of cliques
Complement upper bound achieved.
Elapsed time: 0.15468239784240723 seconds.

Working on n=05, k=19, i=16
Loading data from clique_data.json
Lower and upper bounds are equal
Minimum sum: 22
Continuous lower bound achieved.
The is the sum of cliques
Complement upper bound achieved.
Elapsed time: 0.15045833587646484 seconds.

Working on n=05, k=19, i=17
Loading data from clique_data.json
Lower and upper bounds are equal
Minimum sum: 21
Continuous lower bound achieved.
The is the sum of cliques
Complement upper bound achieved.
Elapsed time: 0.15139341354370117 seconds.

Working on n=05, k=19, i=18
Loading data from clique_data.json
Lower and upper bounds are equal
Minimum sum: 20
Continuous lower bound achieved.
The is the sum of cliques
Complement upper bound achieved.
Elapsed time: 0.15436553955078125 seconds.

Working on n=05, k=19, i=19
Loading data from clique_data.json
Lower and upper bounds are equal
Minimum sum: 19
Continuous lower bound achieved.
This is a flower.
The is the sum of cliques
Elapsed time: 0.14966773986816406 seconds.

Working on n=05, k=20, i=00
Loading data from clique_data.json
Lower and upper bounds are equal
Minimum sum: 100
Continuous lower bound achieved.
This is a flower.
The is the sum of cliques
Elapsed time: 0.16316866874694824 seconds.

Working on n=05, k=20, i=01
Loading data from clique_data.json
Lower and upper bounds are equal
Minimum sum: 90
Continuous lower bound achieved.
The is the sum of cliques
Elapsed time: 0.16254210472106934 seconds.

Working on n=05, k=20, i=02
Loading data from clique_data.json
Lower and upper bounds are equal
Minimum sum: 80
Continuous lower bound achieved.
The is the sum of cliques
Elapsed time: 0.153578519821167 seconds.

Working on n=05, k=20, i=03
Loading data from clique_data.json
Lower and upper bounds are equal
Minimum sum: 70
Continuous lower bound achieved.
The is the sum of cliques
Elapsed time: 0.1619870662689209 seconds.

Working on n=05, k=20, i=04
Loading data from clique_data.json
Lower and upper bounds are equal
Minimum sum: 60
Continuous lower bound achieved.
The is the sum of cliques
Elapsed time: 0.15951919555664062 seconds.

Working on n=05, k=20, i=05
Loading data from clique_data.json
Lower and upper bounds are equal
Minimum sum: 50
Continuous lower bound achieved.
The is the sum of cliques
Elapsed time: 0.1611800193786621 seconds.

Working on n=05, k=20, i=06
Loading data from clique_data.json
Lower and upper bounds are equal
Minimum sum: 47
Continuous lower bound achieved.
The is the sum of cliques
Elapsed time: 0.15413117408752441 seconds.

Working on n=05, k=20, i=07
Loading data from clique_data.json
Lower and upper bounds are equal
Minimum sum: 44
Continuous lower bound achieved.
The is the sum of cliques
Elapsed time: 0.15614557266235352 seconds.

Working on n=05, k=20, i=08
Loading data from clique_data.json
Lower and upper bounds are equal
Minimum sum: 40
Continuous lower bound achieved.
The is the sum of cliques
Elapsed time: 0.17043018341064453 seconds.

Working on n=05, k=20, i=09
Loading data from clique_data.json
Lower and upper bounds are equal
Minimum sum: 37
Continuous lower bound achieved.
The is the sum of cliques
Complement upper bound achieved.
Elapsed time: 0.1537330150604248 seconds.

Working on n=05, k=20, i=10
Loading data from clique_data.json
Lower and upper bounds are equal
Minimum sum: 34
Continuous lower bound achieved.
The is the sum of cliques
Complement upper bound achieved.
Elapsed time: 0.1556072235107422 seconds.

Working on n=05, k=20, i=11
Loading data from clique_data.json
Lower and upper bounds are equal
Minimum sum: 32
Continuous lower bound achieved.
The is the sum of cliques
Complement upper bound achieved.
Elapsed time: 0.1540374755859375 seconds.

Working on n=05, k=20, i=12
Loading data from clique_data.json
Lower and upper bounds are equal
Minimum sum: 30
Continuous lower bound achieved.
The is the sum of cliques
Complement upper bound achieved.
Elapsed time: 0.16428017616271973 seconds.

Working on n=05, k=20, i=13
Loading data from clique_data.json
Lower and upper bounds are equal
Minimum sum: 29
Continuous lower bound achieved.
The is the sum of cliques
Complement upper bound achieved.
Elapsed time: 0.16486072540283203 seconds.

Working on n=05, k=20, i=14
Loading data from clique_data.json
Lower and upper bounds are equal
Minimum sum: 27
Continuous lower bound achieved.
The is the sum of cliques
Complement upper bound achieved.
Elapsed time: 0.1580202579498291 seconds.

Working on n=05, k=20, i=15
Loading data from clique_data.json
Lower and upper bounds are equal
Minimum sum: 25
Continuous lower bound achieved.
The is the sum of cliques
Complement upper bound achieved.
Elapsed time: 0.16474270820617676 seconds.

Working on n=05, k=20, i=16
Loading data from clique_data.json
Lower and upper bounds are equal
Minimum sum: 24
Continuous lower bound achieved.
The is the sum of cliques
Complement upper bound achieved.
Elapsed time: 0.1588759422302246 seconds.

Working on n=05, k=20, i=17
Loading data from clique_data.json
Lower and upper bounds are equal
Minimum sum: 23
Continuous lower bound achieved.
The is the sum of cliques
Complement upper bound achieved.
Elapsed time: 0.15790295600891113 seconds.

Working on n=05, k=20, i=18
Loading data from clique_data.json
Lower and upper bounds are equal
Minimum sum: 22
Continuous lower bound achieved.
The is the sum of cliques
Complement upper bound achieved.
Elapsed time: 0.15677356719970703 seconds.

Working on n=05, k=20, i=19
Loading data from clique_data.json
Lower and upper bounds are equal
Minimum sum: 21
Continuous lower bound achieved.
The is the sum of cliques
Complement upper bound achieved.
Elapsed time: 0.1612107753753662 seconds.

Working on n=05, k=20, i=20
Loading data from clique_data.json
Lower and upper bounds are equal
Minimum sum: 20
Continuous lower bound achieved.
This is a flower.
The is the sum of cliques
Elapsed time: 0.16055083274841309 seconds.

Working on n=06, k=01, i=00
Loading data from clique_data.json
Lower and upper bounds are equal
Minimum sum: 6
Continuous lower bound achieved.
This is a flower.
Elapsed time: 0.1127166748046875 seconds.

Working on n=06, k=01, i=01
Loading data from clique_data.json
Lower and upper bounds are equal
Minimum sum: 1
Continuous lower bound achieved.
This is a flower.
Elapsed time: 0.11458516120910645 seconds.

Working on n=06, k=02, i=00
Loading data from clique_data.json
Lower and upper bounds are equal
Minimum sum: 12
Continuous lower bound achieved.
This is a flower.
The is the sum of cliques
Elapsed time: 0.11431670188903809 seconds.

Working on n=06, k=02, i=01
Loading data from clique_data.json
Lower and upper bounds are equal
Minimum sum: 7
This is a flower.
The is the sum of cliques
Elapsed time: 0.1144263744354248 seconds.

Working on n=06, k=02, i=02
Loading data from clique_data.json
Lower and upper bounds are equal
Minimum sum: 2
Continuous lower bound achieved.
This is a flower.
The is the sum of cliques
Elapsed time: 0.11738777160644531 seconds.

Working on n=06, k=03, i=00
Loading data from clique_data.json
Lower and upper bounds are equal
Minimum sum: 18
Continuous lower bound achieved.
This is a flower.
The is the sum of cliques
Elapsed time: 0.13161921501159668 seconds.

Working on n=06, k=03, i=01
Loading data from clique_data.json
Lower and upper bounds are equal
Minimum sum: 7
Continuous lower bound achieved.
Vector space upper bound achieved.
Elapsed time: 0.12018871307373047 seconds.

Working on n=06, k=03, i=02
Loading data from clique_data.json
Lower and upper bounds are equal
Minimum sum: 8
This is a flower.
The is the sum of cliques
Elapsed time: 0.11657381057739258 seconds.

Working on n=06, k=03, i=03
Loading data from clique_data.json
Lower and upper bounds are equal
Minimum sum: 3
Continuous lower bound achieved.
This is a flower.
The is the sum of cliques
Elapsed time: 0.11862730979919434 seconds.

Working on n=06, k=04, i=00
Loading data from clique_data.json
Lower and upper bounds are equal
Minimum sum: 24
Continuous lower bound achieved.
This is a flower.
The is the sum of cliques
Elapsed time: 0.11794590950012207 seconds.

Working on n=06, k=04, i=01
Loading data from clique_data.json
Minimum sum: 11
Continuous lower bound achieved.
Elapsed time: 0.15139222145080566 seconds.

Working on n=06, k=04, i=02
Loading data from clique_data.json
Lower and upper bounds are equal
Minimum sum: 7
Continuous lower bound achieved.
Complement upper bound achieved.
Elapsed time: 0.13003134727478027 seconds.

Working on n=06, k=04, i=03
Loading data from clique_data.json
Lower and upper bounds are equal
Minimum sum: 9
This is a flower.
The is the sum of cliques
Elapsed time: 0.11478567123413086 seconds.

Working on n=06, k=04, i=04
Loading data from clique_data.json
Lower and upper bounds are equal
Minimum sum: 4
Continuous lower bound achieved.
This is a flower.
The is the sum of cliques
Elapsed time: 0.11641669273376465 seconds.

Working on n=06, k=05, i=00
Loading data from clique_data.json
Lower and upper bounds are equal
Minimum sum: 30
Continuous lower bound achieved.
This is a flower.
The is the sum of cliques
Elapsed time: 0.11602282524108887 seconds.

Working on n=06, k=05, i=01
Loading data from clique_data.json
Minimum sum: 15
Continuous lower bound achieved.
Elapsed time: 0.1429433822631836 seconds.

Working on n=06, k=05, i=02
Loading data from clique_data.json
Minimum sum: 10
Continuous lower bound achieved.
Elapsed time: 0.21155333518981934 seconds.

Working on n=06, k=05, i=03
Loading data from clique_data.json
Lower and upper bounds are equal
Minimum sum: 8
Continuous lower bound achieved.
The is the sum of cliques
Complement upper bound achieved.
Elapsed time: 0.11905527114868164 seconds.

Working on n=06, k=05, i=04
Loading data from clique_data.json
Lower and upper bounds are equal
Minimum sum: 6
Continuous lower bound achieved.
Complement upper bound achieved.
Elapsed time: 0.11702466011047363 seconds.

Working on n=06, k=05, i=05
Loading data from clique_data.json
Lower and upper bounds are equal
Minimum sum: 5
Continuous lower bound achieved.
This is a flower.
The is the sum of cliques
Elapsed time: 0.11706209182739258 seconds.

Working on n=06, k=06, i=00
Loading data from clique_data.json
Lower and upper bounds are equal
Minimum sum: 36
Continuous lower bound achieved.
This is a flower.
The is the sum of cliques
Elapsed time: 0.12093544006347656 seconds.

Working on n=06, k=06, i=01
Loading data from clique_data.json
Lower and upper bounds are equal
Minimum sum: 21
Continuous lower bound achieved.
The is the sum of cliques
Elapsed time: 0.11687231063842773 seconds.

Working on n=06, k=06, i=02
Loading data from clique_data.json
Lower and upper bounds are equal
Minimum sum: 14
Continuous lower bound achieved.
The is the sum of cliques
Elapsed time: 0.12026381492614746 seconds.

Working on n=06, k=06, i=03
Loading data from clique_data.json
Lower and upper bounds are equal
Minimum sum: 11
Continuous lower bound achieved.
The is the sum of cliques
Complement upper bound achieved.
Elapsed time: 0.1170344352722168 seconds.

Working on n=06, k=06, i=04
Loading data from clique_data.json
Lower and upper bounds are equal
Minimum sum: 9
Continuous lower bound achieved.
The is the sum of cliques
Complement upper bound achieved.
Elapsed time: 0.13217735290527344 seconds.

Working on n=06, k=06, i=05
Loading data from clique_data.json
Lower and upper bounds are equal
Minimum sum: 7
Continuous lower bound achieved.
The is the sum of cliques
Complement upper bound achieved.
Elapsed time: 0.1175689697265625 seconds.

Working on n=06, k=06, i=06
Loading data from clique_data.json
Lower and upper bounds are equal
Minimum sum: 6
Continuous lower bound achieved.
This is a flower.
The is the sum of cliques
Elapsed time: 0.11783862113952637 seconds.

Working on n=06, k=07, i=00
Loading data from clique_data.json
Lower and upper bounds are equal
Minimum sum: 42
Continuous lower bound achieved.
This is a flower.
The is the sum of cliques
Elapsed time: 0.11958885192871094 seconds.

Working on n=06, k=07, i=01
Loading data from clique_data.json
Lower and upper bounds are equal
Minimum sum: 27
Continuous lower bound achieved.
The is the sum of cliques
Elapsed time: 0.11922192573547363 seconds.

Working on n=06, k=07, i=02
Loading data from clique_data.json
Lower and upper bounds are equal
Minimum sum: 18
Continuous lower bound achieved.
The is the sum of cliques
Elapsed time: 0.11955833435058594 seconds.

Working on n=06, k=07, i=03
Loading data from clique_data.json
Lower and upper bounds are equal
Minimum sum: 14
Continuous lower bound achieved.
The is the sum of cliques
Elapsed time: 0.1200258731842041 seconds.

Working on n=06, k=07, i=04
Loading data from clique_data.json
Lower and upper bounds are equal
Minimum sum: 11
Continuous lower bound achieved.
Complement upper bound achieved.
Elapsed time: 0.11736583709716797 seconds.

Working on n=06, k=07, i=05
Loading data from clique_data.json
Lower and upper bounds are equal
Minimum sum: 10
Continuous lower bound achieved.
The is the sum of cliques
Complement upper bound achieved.
Elapsed time: 0.11994528770446777 seconds.

Working on n=06, k=07, i=06
Loading data from clique_data.json
Lower and upper bounds are equal
Minimum sum: 8
Continuous lower bound achieved.
The is the sum of cliques
Complement upper bound achieved.
Elapsed time: 0.12056732177734375 seconds.

Working on n=06, k=07, i=07
Loading data from clique_data.json
Lower and upper bounds are equal
Minimum sum: 7
Continuous lower bound achieved.
This is a flower.
The is the sum of cliques
Elapsed time: 0.11765623092651367 seconds.

Working on n=06, k=08, i=00
Loading data from clique_data.json
Lower and upper bounds are equal
Minimum sum: 48
Continuous lower bound achieved.
This is a flower.
The is the sum of cliques
Elapsed time: 0.12058711051940918 seconds.

Working on n=06, k=08, i=01
Loading data from clique_data.json
Lower and upper bounds are equal
Minimum sum: 33
Continuous lower bound achieved.
The is the sum of cliques
Elapsed time: 0.1187443733215332 seconds.

Working on n=06, k=08, i=02
Loading data from clique_data.json
Lower and upper bounds are equal
Minimum sum: 22
Continuous lower bound achieved.
The is the sum of cliques
Elapsed time: 0.12028646469116211 seconds.

Working on n=06, k=08, i=03
Loading data from clique_data.json
Lower and upper bounds are equal
Minimum sum: 17
Continuous lower bound achieved.
The is the sum of cliques
Elapsed time: 0.11929512023925781 seconds.

Working on n=06, k=08, i=04
Loading data from clique_data.json
Lower and upper bounds are equal
Minimum sum: 14
Continuous lower bound achieved.
The is the sum of cliques
Complement upper bound achieved.
Elapsed time: 0.12014627456665039 seconds.

Working on n=06, k=08, i=05
Loading data from clique_data.json
Lower and upper bounds are equal
Minimum sum: 12
Continuous lower bound achieved.
The is the sum of cliques
Complement upper bound achieved.
Elapsed time: 0.12022566795349121 seconds.

Working on n=06, k=08, i=06
Loading data from clique_data.json
Lower and upper bounds are equal
Minimum sum: 11
Continuous lower bound achieved.
The is the sum of cliques
Complement upper bound achieved.
Elapsed time: 0.11971521377563477 seconds.

Working on n=06, k=08, i=07
Loading data from clique_data.json
Lower and upper bounds are equal
Minimum sum: 9
Continuous lower bound achieved.
The is the sum of cliques
Complement upper bound achieved.
Elapsed time: 0.1211404800415039 seconds.

Working on n=06, k=08, i=08
Loading data from clique_data.json
Lower and upper bounds are equal
Minimum sum: 8
Continuous lower bound achieved.
This is a flower.
The is the sum of cliques
Elapsed time: 0.12229657173156738 seconds.

Working on n=06, k=09, i=00
Loading data from clique_data.json
Lower and upper bounds are equal
Minimum sum: 54
Continuous lower bound achieved.
This is a flower.
The is the sum of cliques
Elapsed time: 0.1298503875732422 seconds.

Working on n=06, k=09, i=01
Loading data from clique_data.json
Lower and upper bounds are equal
Minimum sum: 39
Continuous lower bound achieved.
The is the sum of cliques
Elapsed time: 0.11798715591430664 seconds.

Working on n=06, k=09, i=02
Loading data from clique_data.json
Lower and upper bounds are equal
Minimum sum: 26
Continuous lower bound achieved.
The is the sum of cliques
Elapsed time: 0.12647271156311035 seconds.

Working on n=06, k=09, i=03
Loading data from clique_data.json
Lower and upper bounds are equal
Minimum sum: 21
Continuous lower bound achieved.
The is the sum of cliques
Elapsed time: 0.12073016166687012 seconds.

Working on n=06, k=09, i=04
Loading data from clique_data.json
Lower and upper bounds are equal
Minimum sum: 17
Continuous lower bound achieved.
The is the sum of cliques
Complement upper bound achieved.
Elapsed time: 0.11990833282470703 seconds.

Working on n=06, k=09, i=05
Loading data from clique_data.json
Lower and upper bounds are equal
Minimum sum: 15
Continuous lower bound achieved.
The is the sum of cliques
Complement upper bound achieved.
Elapsed time: 0.12193608283996582 seconds.

Working on n=06, k=09, i=06
Loading data from clique_data.json
Lower and upper bounds are equal
Minimum sum: 13
Continuous lower bound achieved.
The is the sum of cliques
Complement upper bound achieved.
Elapsed time: 0.12036681175231934 seconds.

Working on n=06, k=09, i=07
Loading data from clique_data.json
Lower and upper bounds are equal
Minimum sum: 12
Continuous lower bound achieved.
The is the sum of cliques
Complement upper bound achieved.
Elapsed time: 0.12244915962219238 seconds.

Working on n=06, k=09, i=08
Loading data from clique_data.json
Lower and upper bounds are equal
Minimum sum: 10
Continuous lower bound achieved.
The is the sum of cliques
Complement upper bound achieved.
Elapsed time: 0.12131166458129883 seconds.

Working on n=06, k=09, i=09
Loading data from clique_data.json
Lower and upper bounds are equal
Minimum sum: 9
Continuous lower bound achieved.
This is a flower.
The is the sum of cliques
Elapsed time: 0.12485337257385254 seconds.

Working on n=06, k=10, i=00
Loading data from clique_data.json
Lower and upper bounds are equal
Minimum sum: 60
Continuous lower bound achieved.
This is a flower.
The is the sum of cliques
Elapsed time: 0.11969518661499023 seconds.

Working on n=06, k=10, i=01
Loading data from clique_data.json
Lower and upper bounds are equal
Minimum sum: 45
Continuous lower bound achieved.
The is the sum of cliques
Elapsed time: 0.12016773223876953 seconds.

Working on n=06, k=10, i=02
Loading data from clique_data.json
Lower and upper bounds are equal
Minimum sum: 30
Continuous lower bound achieved.
The is the sum of cliques
Elapsed time: 0.12247896194458008 seconds.

Working on n=06, k=10, i=03
Loading data from clique_data.json
Lower and upper bounds are equal
Minimum sum: 25
Continuous lower bound achieved.
The is the sum of cliques
Elapsed time: 0.12444949150085449 seconds.

Working on n=06, k=10, i=04
Loading data from clique_data.json
Lower and upper bounds are equal
Minimum sum: 20
Continuous lower bound achieved.
The is the sum of cliques
Elapsed time: 0.12342405319213867 seconds.

Working on n=06, k=10, i=05
Loading data from clique_data.json
Lower and upper bounds are equal
Minimum sum: 18
Continuous lower bound achieved.
The is the sum of cliques
Complement upper bound achieved.
Elapsed time: 0.12248373031616211 seconds.

Working on n=06, k=10, i=06
Loading data from clique_data.json
Lower and upper bounds are equal
Minimum sum: 15
Continuous lower bound achieved.
Complement upper bound achieved.
Elapsed time: 0.1261429786682129 seconds.

Working on n=06, k=10, i=07
Loading data from clique_data.json
Lower and upper bounds are equal
Minimum sum: 14
Continuous lower bound achieved.
The is the sum of cliques
Complement upper bound achieved.
Elapsed time: 0.12509751319885254 seconds.

Working on n=06, k=10, i=08
Loading data from clique_data.json
Lower and upper bounds are equal
Minimum sum: 12
Continuous lower bound achieved.
The is the sum of cliques
Complement upper bound achieved.
Elapsed time: 0.12527227401733398 seconds.

Working on n=06, k=10, i=09
Loading data from clique_data.json
Lower and upper bounds are equal
Minimum sum: 11
Continuous lower bound achieved.
The is the sum of cliques
Complement upper bound achieved.
Elapsed time: 0.12317085266113281 seconds.

Working on n=06, k=10, i=10
Loading data from clique_data.json
Lower and upper bounds are equal
Minimum sum: 10
Continuous lower bound achieved.
This is a flower.
The is the sum of cliques
Elapsed time: 0.12585973739624023 seconds.

Working on n=06, k=11, i=00
Loading data from clique_data.json
Lower and upper bounds are equal
Minimum sum: 66
Continuous lower bound achieved.
This is a flower.
The is the sum of cliques
Elapsed time: 0.12459778785705566 seconds.

Working on n=06, k=11, i=01
Loading data from clique_data.json
Lower and upper bounds are equal
Minimum sum: 51
Continuous lower bound achieved.
The is the sum of cliques
Elapsed time: 0.1268784999847412 seconds.

Working on n=06, k=11, i=02
Loading data from clique_data.json
Lower and upper bounds are equal
Minimum sum: 36
Continuous lower bound achieved.
The is the sum of cliques
Elapsed time: 0.12197470664978027 seconds.

Working on n=06, k=11, i=03
Loading data from clique_data.json
Lower and upper bounds are equal
Minimum sum: 29
Continuous lower bound achieved.
The is the sum of cliques
Elapsed time: 0.12441158294677734 seconds.

Working on n=06, k=11, i=04
Loading data from clique_data.json
Lower and upper bounds are equal
Minimum sum: 24
Continuous lower bound achieved.
The is the sum of cliques
Elapsed time: 0.1261763572692871 seconds.

Working on n=06, k=11, i=05
Loading data from clique_data.json
Lower and upper bounds are equal
Minimum sum: 21
Continuous lower bound achieved.
The is the sum of cliques
Complement upper bound achieved.
Elapsed time: 0.12389564514160156 seconds.

Working on n=06, k=11, i=06
Loading data from clique_data.json
Lower and upper bounds are equal
Minimum sum: 18
Continuous lower bound achieved.
The is the sum of cliques
Complement upper bound achieved.
Elapsed time: 0.12681937217712402 seconds.

Working on n=06, k=11, i=07
Loading data from clique_data.json
Lower and upper bounds are equal
Minimum sum: 16
Continuous lower bound achieved.
The is the sum of cliques
Complement upper bound achieved.
Elapsed time: 0.12571382522583008 seconds.

Working on n=06, k=11, i=08
Loading data from clique_data.json
Lower and upper bounds are equal
Minimum sum: 15
Continuous lower bound achieved.
The is the sum of cliques
Complement upper bound achieved.
Elapsed time: 0.12693500518798828 seconds.

Working on n=06, k=11, i=09
Loading data from clique_data.json
Lower and upper bounds are equal
Minimum sum: 13
Continuous lower bound achieved.
The is the sum of cliques
Complement upper bound achieved.
Elapsed time: 0.12761211395263672 seconds.

Working on n=06, k=11, i=10
Loading data from clique_data.json
Lower and upper bounds are equal
Minimum sum: 12
Continuous lower bound achieved.
The is the sum of cliques
Complement upper bound achieved.
Elapsed time: 0.1263413429260254 seconds.

Working on n=06, k=11, i=11
Loading data from clique_data.json
Lower and upper bounds are equal
Minimum sum: 11
Continuous lower bound achieved.
This is a flower.
The is the sum of cliques
Elapsed time: 0.12882280349731445 seconds.

Working on n=06, k=12, i=00
Loading data from clique_data.json
Lower and upper bounds are equal
Minimum sum: 72
Continuous lower bound achieved.
This is a flower.
The is the sum of cliques
Elapsed time: 0.12668132781982422 seconds.

Working on n=06, k=12, i=01
Loading data from clique_data.json
Lower and upper bounds are equal
Minimum sum: 57
Continuous lower bound achieved.
The is the sum of cliques
Elapsed time: 0.12447476387023926 seconds.

Working on n=06, k=12, i=02
Loading data from clique_data.json
Lower and upper bounds are equal
Minimum sum: 42
Continuous lower bound achieved.
The is the sum of cliques
Elapsed time: 0.12562036514282227 seconds.

Working on n=06, k=12, i=03
Loading data from clique_data.json
Lower and upper bounds are equal
Minimum sum: 33
Continuous lower bound achieved.
The is the sum of cliques
Elapsed time: 0.12989020347595215 seconds.

Working on n=06, k=12, i=04
Loading data from clique_data.json
Lower and upper bounds are equal
Minimum sum: 28
Continuous lower bound achieved.
The is the sum of cliques
Elapsed time: 0.13039755821228027 seconds.

Working on n=06, k=12, i=05
Loading data from clique_data.json
Lower and upper bounds are equal
Minimum sum: 24
Continuous lower bound achieved.
The is the sum of cliques
Elapsed time: 0.12693023681640625 seconds.

Working on n=06, k=12, i=06
Loading data from clique_data.json
Lower and upper bounds are equal
Minimum sum: 21
Continuous lower bound achieved.
The is the sum of cliques
Complement upper bound achieved.
Elapsed time: 0.1282176971435547 seconds.

Working on n=06, k=12, i=07
Loading data from clique_data.json
Lower and upper bounds are equal
Minimum sum: 19
Continuous lower bound achieved.
The is the sum of cliques
Complement upper bound achieved.
Elapsed time: 0.12865948677062988 seconds.

Working on n=06, k=12, i=08
Loading data from clique_data.json
Lower and upper bounds are equal
Minimum sum: 17
Continuous lower bound achieved.
The is the sum of cliques
Complement upper bound achieved.
Elapsed time: 0.1295316219329834 seconds.

Working on n=06, k=12, i=09
Loading data from clique_data.json
Lower and upper bounds are equal
Minimum sum: 16
Continuous lower bound achieved.
The is the sum of cliques
Complement upper bound achieved.
Elapsed time: 0.12893056869506836 seconds.

Working on n=06, k=12, i=10
Loading data from clique_data.json
Lower and upper bounds are equal
Minimum sum: 14
Continuous lower bound achieved.
The is the sum of cliques
Complement upper bound achieved.
Elapsed time: 0.1309947967529297 seconds.

Working on n=06, k=12, i=11
Loading data from clique_data.json
Lower and upper bounds are equal
Minimum sum: 13
Continuous lower bound achieved.
The is the sum of cliques
Complement upper bound achieved.
Elapsed time: 0.13210320472717285 seconds.

Working on n=06, k=12, i=12
Loading data from clique_data.json
Lower and upper bounds are equal
Minimum sum: 12
Continuous lower bound achieved.
This is a flower.
The is the sum of cliques
Elapsed time: 0.1337754726409912 seconds.

Working on n=06, k=13, i=00
Loading data from clique_data.json
Lower and upper bounds are equal
Minimum sum: 78
Continuous lower bound achieved.
This is a flower.
The is the sum of cliques
Elapsed time: 0.1333320140838623 seconds.

Working on n=06, k=13, i=01
Loading data from clique_data.json
Lower and upper bounds are equal
Minimum sum: 63
Continuous lower bound achieved.
The is the sum of cliques
Elapsed time: 0.13289642333984375 seconds.

Working on n=06, k=13, i=02
Loading data from clique_data.json
Lower and upper bounds are equal
Minimum sum: 48
Continuous lower bound achieved.
The is the sum of cliques
Elapsed time: 0.12987709045410156 seconds.

Working on n=06, k=13, i=03
Loading data from clique_data.json
Lower and upper bounds are equal
Minimum sum: 37
Continuous lower bound achieved.
The is the sum of cliques
Elapsed time: 0.13057518005371094 seconds.

Working on n=06, k=13, i=04
Loading data from clique_data.json
Lower and upper bounds are equal
Minimum sum: 32
Continuous lower bound achieved.
The is the sum of cliques
Elapsed time: 0.13491344451904297 seconds.

Working on n=06, k=13, i=05
Loading data from clique_data.json
Lower and upper bounds are equal
Minimum sum: 27
Continuous lower bound achieved.
The is the sum of cliques
Elapsed time: 0.1326427459716797 seconds.

Working on n=06, k=13, i=06
Loading data from clique_data.json
Lower and upper bounds are equal
Minimum sum: 24
Continuous lower bound achieved.
The is the sum of cliques
Complement upper bound achieved.
Elapsed time: 0.133223295211792 seconds.

Working on n=06, k=13, i=07
Loading data from clique_data.json
Lower and upper bounds are equal
Minimum sum: 22
Continuous lower bound achieved.
The is the sum of cliques
Complement upper bound achieved.
Elapsed time: 0.1303110122680664 seconds.

Working on n=06, k=13, i=08
Loading data from clique_data.json
Lower and upper bounds are equal
Minimum sum: 20
Continuous lower bound achieved.
The is the sum of cliques
Complement upper bound achieved.
Elapsed time: 0.1332402229309082 seconds.

Working on n=06, k=13, i=09
Loading data from clique_data.json
Lower and upper bounds are equal
Minimum sum: 18
Continuous lower bound achieved.
The is the sum of cliques
Complement upper bound achieved.
Elapsed time: 0.13049721717834473 seconds.

Working on n=06, k=13, i=10
Loading data from clique_data.json
Lower and upper bounds are equal
Minimum sum: 17
Continuous lower bound achieved.
The is the sum of cliques
Complement upper bound achieved.
Elapsed time: 0.13170981407165527 seconds.

Working on n=06, k=13, i=11
Loading data from clique_data.json
Lower and upper bounds are equal
Minimum sum: 15
Continuous lower bound achieved.
The is the sum of cliques
Complement upper bound achieved.
Elapsed time: 0.13212895393371582 seconds.

Working on n=06, k=13, i=12
Loading data from clique_data.json
Lower and upper bounds are equal
Minimum sum: 14
Continuous lower bound achieved.
The is the sum of cliques
Complement upper bound achieved.
Elapsed time: 0.13821864128112793 seconds.

Working on n=06, k=13, i=13
Loading data from clique_data.json
Lower and upper bounds are equal
Minimum sum: 13
Continuous lower bound achieved.
This is a flower.
The is the sum of cliques
Elapsed time: 0.136275053024292 seconds.

Working on n=06, k=14, i=00
Loading data from clique_data.json
Lower and upper bounds are equal
Minimum sum: 84
Continuous lower bound achieved.
This is a flower.
The is the sum of cliques
Elapsed time: 0.13288092613220215 seconds.

Working on n=06, k=14, i=01
Loading data from clique_data.json
Lower and upper bounds are equal
Minimum sum: 69
Continuous lower bound achieved.
The is the sum of cliques
Elapsed time: 0.13805699348449707 seconds.

Working on n=06, k=14, i=02
Loading data from clique_data.json
Lower and upper bounds are equal
Minimum sum: 54
Continuous lower bound achieved.
The is the sum of cliques
Elapsed time: 0.13596153259277344 seconds.

Working on n=06, k=14, i=03
Loading data from clique_data.json
Lower and upper bounds are equal
Minimum sum: 41
Continuous lower bound achieved.
The is the sum of cliques
Elapsed time: 0.1355910301208496 seconds.

Working on n=06, k=14, i=04
Loading data from clique_data.json
Lower and upper bounds are equal
Minimum sum: 36
Continuous lower bound achieved.
The is the sum of cliques
Elapsed time: 0.13376975059509277 seconds.

Working on n=06, k=14, i=05
Loading data from clique_data.json
Lower and upper bounds are equal
Minimum sum: 31
Continuous lower bound achieved.
The is the sum of cliques
Elapsed time: 0.13791966438293457 seconds.

Working on n=06, k=14, i=06
Loading data from clique_data.json
Lower and upper bounds are equal
Minimum sum: 27
Continuous lower bound achieved.
The is the sum of cliques
Complement upper bound achieved.
Elapsed time: 0.13852906227111816 seconds.

Working on n=06, k=14, i=07
Loading data from clique_data.json
Lower and upper bounds are equal
Minimum sum: 25
Continuous lower bound achieved.
The is the sum of cliques
Complement upper bound achieved.
Elapsed time: 0.13777732849121094 seconds.

Working on n=06, k=14, i=08
Loading data from clique_data.json
Lower and upper bounds are equal
Minimum sum: 22
Continuous lower bound achieved.
The is the sum of cliques
Complement upper bound achieved.
Elapsed time: 0.13974785804748535 seconds.

Working on n=06, k=14, i=09
Loading data from clique_data.json
Lower and upper bounds are equal
Minimum sum: 21
Continuous lower bound achieved.
The is the sum of cliques
Complement upper bound achieved.
Elapsed time: 0.13675570487976074 seconds.

Working on n=06, k=14, i=10
Loading data from clique_data.json
Lower and upper bounds are equal
Minimum sum: 19
Continuous lower bound achieved.
The is the sum of cliques
Complement upper bound achieved.
Elapsed time: 0.1384279727935791 seconds.

Working on n=06, k=14, i=11
Loading data from clique_data.json
Lower and upper bounds are equal
Minimum sum: 18
Continuous lower bound achieved.
The is the sum of cliques
Complement upper bound achieved.
Elapsed time: 0.1393270492553711 seconds.

Working on n=06, k=14, i=12
Loading data from clique_data.json
Lower and upper bounds are equal
Minimum sum: 16
Continuous lower bound achieved.
The is the sum of cliques
Complement upper bound achieved.
Elapsed time: 0.14151263236999512 seconds.

Working on n=06, k=14, i=13
Loading data from clique_data.json
Lower and upper bounds are equal
Minimum sum: 15
Continuous lower bound achieved.
The is the sum of cliques
Complement upper bound achieved.
Elapsed time: 0.14301705360412598 seconds.

Working on n=06, k=14, i=14
Loading data from clique_data.json
Lower and upper bounds are equal
Minimum sum: 14
Continuous lower bound achieved.
This is a flower.
The is the sum of cliques
Elapsed time: 0.1428227424621582 seconds.

Working on n=06, k=15, i=00
Loading data from clique_data.json
Lower and upper bounds are equal
Minimum sum: 90
Continuous lower bound achieved.
This is a flower.
The is the sum of cliques
Elapsed time: 0.1388561725616455 seconds.

Working on n=06, k=15, i=01
Loading data from clique_data.json
Lower and upper bounds are equal
Minimum sum: 75
Continuous lower bound achieved.
The is the sum of cliques
Elapsed time: 0.14088201522827148 seconds.

Working on n=06, k=15, i=02
Loading data from clique_data.json
Lower and upper bounds are equal
Minimum sum: 60
Continuous lower bound achieved.
The is the sum of cliques
Elapsed time: 0.14032793045043945 seconds.

Working on n=06, k=15, i=03
Loading data from clique_data.json
Lower and upper bounds are equal
Minimum sum: 45
Continuous lower bound achieved.
The is the sum of cliques
Elapsed time: 0.13922524452209473 seconds.

Working on n=06, k=15, i=04
Loading data from clique_data.json
Lower and upper bounds are equal
Minimum sum: 40
Continuous lower bound achieved.
The is the sum of cliques
Elapsed time: 0.13961291313171387 seconds.

Working on n=06, k=15, i=05
Loading data from clique_data.json
Lower and upper bounds are equal
Minimum sum: 35
Continuous lower bound achieved.
The is the sum of cliques
Elapsed time: 0.14011836051940918 seconds.

Working on n=06, k=15, i=06
Loading data from clique_data.json
Lower and upper bounds are equal
Minimum sum: 30
Continuous lower bound achieved.
The is the sum of cliques
Elapsed time: 0.13912439346313477 seconds.

Working on n=06, k=15, i=07
Loading data from clique_data.json
Lower and upper bounds are equal
Minimum sum: 28
Continuous lower bound achieved.
The is the sum of cliques
Complement upper bound achieved.
Elapsed time: 0.14182257652282715 seconds.

Working on n=06, k=15, i=08
Loading data from clique_data.json
Lower and upper bounds are equal
Minimum sum: 25
Continuous lower bound achieved.
The is the sum of cliques
Complement upper bound achieved.
Elapsed time: 0.14213204383850098 seconds.

Working on n=06, k=15, i=09
Loading data from clique_data.json
Lower and upper bounds are equal
Minimum sum: 23
Continuous lower bound achieved.
The is the sum of cliques
Complement upper bound achieved.
Elapsed time: 0.144209623336792 seconds.

Working on n=06, k=15, i=10
Loading data from clique_data.json
Lower and upper bounds are equal
Minimum sum: 21
Continuous lower bound achieved.
The is the sum of cliques
Complement upper bound achieved.
Elapsed time: 0.1420576572418213 seconds.

Working on n=06, k=15, i=11
Loading data from clique_data.json
Lower and upper bounds are equal
Minimum sum: 20
Continuous lower bound achieved.
The is the sum of cliques
Complement upper bound achieved.
Elapsed time: 0.1445937156677246 seconds.

Working on n=06, k=15, i=12
Loading data from clique_data.json
Lower and upper bounds are equal
Minimum sum: 18
Continuous lower bound achieved.
The is the sum of cliques
Complement upper bound achieved.
Elapsed time: 0.1438140869140625 seconds.

Working on n=06, k=15, i=13
Loading data from clique_data.json
Lower and upper bounds are equal
Minimum sum: 17
Continuous lower bound achieved.
The is the sum of cliques
Complement upper bound achieved.
Elapsed time: 0.1431105136871338 seconds.

Working on n=06, k=15, i=14
Loading data from clique_data.json
Lower and upper bounds are equal
Minimum sum: 16
Continuous lower bound achieved.
The is the sum of cliques
Complement upper bound achieved.
Elapsed time: 0.15248322486877441 seconds.

Working on n=06, k=15, i=15
Loading data from clique_data.json
Lower and upper bounds are equal
Minimum sum: 15
Continuous lower bound achieved.
This is a flower.
The is the sum of cliques
Elapsed time: 0.14699673652648926 seconds.

Working on n=06, k=16, i=00
Loading data from clique_data.json
Lower and upper bounds are equal
Minimum sum: 96
Continuous lower bound achieved.
This is a flower.
The is the sum of cliques
Elapsed time: 0.1446068286895752 seconds.

Working on n=06, k=16, i=01
Loading data from clique_data.json
Lower and upper bounds are equal
Minimum sum: 81
Continuous lower bound achieved.
The is the sum of cliques
Elapsed time: 0.14397048950195312 seconds.

Working on n=06, k=16, i=02
Loading data from clique_data.json
Lower and upper bounds are equal
Minimum sum: 66
Continuous lower bound achieved.
The is the sum of cliques
Elapsed time: 0.1446821689605713 seconds.

Working on n=06, k=16, i=03
Loading data from clique_data.json
Lower and upper bounds are equal
Minimum sum: 51
Continuous lower bound achieved.
The is the sum of cliques
Elapsed time: 0.14531183242797852 seconds.

Working on n=06, k=16, i=04
Loading data from clique_data.json
Lower and upper bounds are equal
Minimum sum: 44
Continuous lower bound achieved.
The is the sum of cliques
Elapsed time: 0.1453104019165039 seconds.

Working on n=06, k=16, i=05
Loading data from clique_data.json
Lower and upper bounds are equal
Minimum sum: 39
Continuous lower bound achieved.
The is the sum of cliques
Elapsed time: 0.1484379768371582 seconds.

Working on n=06, k=16, i=06
Loading data from clique_data.json
Lower and upper bounds are equal
Minimum sum: 34
Continuous lower bound achieved.
The is the sum of cliques
Elapsed time: 0.1456589698791504 seconds.

Working on n=06, k=16, i=07
Loading data from clique_data.json
Lower and upper bounds are equal
Minimum sum: 31
Continuous lower bound achieved.
The is the sum of cliques
Complement upper bound achieved.
Elapsed time: 0.14696669578552246 seconds.

Working on n=06, k=16, i=08
Loading data from clique_data.json
Lower and upper bounds are equal
Minimum sum: 28
Continuous lower bound achieved.
The is the sum of cliques
Complement upper bound achieved.
Elapsed time: 0.14763307571411133 seconds.

Working on n=06, k=16, i=09
Loading data from clique_data.json
Lower and upper bounds are equal
Minimum sum: 26
Continuous lower bound achieved.
The is the sum of cliques
Complement upper bound achieved.
Elapsed time: 0.14908075332641602 seconds.

Working on n=06, k=16, i=10
Loading data from clique_data.json
Lower and upper bounds are equal
Minimum sum: 24
Continuous lower bound achieved.
The is the sum of cliques
Complement upper bound achieved.
Elapsed time: 0.14760994911193848 seconds.

Working on n=06, k=16, i=11
Loading data from clique_data.json
Lower and upper bounds are equal
Minimum sum: 22
Continuous lower bound achieved.
The is the sum of cliques
Complement upper bound achieved.
Elapsed time: 0.15369057655334473 seconds.

Working on n=06, k=16, i=12
Loading data from clique_data.json
Lower and upper bounds are equal
Minimum sum: 21
Continuous lower bound achieved.
The is the sum of cliques
Complement upper bound achieved.
Elapsed time: 0.15093159675598145 seconds.

Working on n=06, k=16, i=13
Loading data from clique_data.json
Lower and upper bounds are equal
Minimum sum: 19
Continuous lower bound achieved.
The is the sum of cliques
Complement upper bound achieved.
Elapsed time: 0.15138602256774902 seconds.

Working on n=06, k=16, i=14
Loading data from clique_data.json
Lower and upper bounds are equal
Minimum sum: 18
Continuous lower bound achieved.
The is the sum of cliques
Complement upper bound achieved.
Elapsed time: 0.14997506141662598 seconds.

Working on n=06, k=16, i=15
Loading data from clique_data.json
Lower and upper bounds are equal
Minimum sum: 17
Continuous lower bound achieved.
The is the sum of cliques
Complement upper bound achieved.
Elapsed time: 0.15364789962768555 seconds.

Working on n=06, k=16, i=16
Loading data from clique_data.json
Lower and upper bounds are equal
Minimum sum: 16
Continuous lower bound achieved.
This is a flower.
The is the sum of cliques
Elapsed time: 0.15083909034729004 seconds.

Working on n=06, k=17, i=00
Loading data from clique_data.json
Lower and upper bounds are equal
Minimum sum: 102
Continuous lower bound achieved.
This is a flower.
The is the sum of cliques
Elapsed time: 0.14972686767578125 seconds.

Working on n=06, k=17, i=01
Loading data from clique_data.json
Lower and upper bounds are equal
Minimum sum: 87
Continuous lower bound achieved.
The is the sum of cliques
Elapsed time: 0.1523299217224121 seconds.

Working on n=06, k=17, i=02
Loading data from clique_data.json
Lower and upper bounds are equal
Minimum sum: 72
Continuous lower bound achieved.
The is the sum of cliques
Elapsed time: 0.15249037742614746 seconds.

Working on n=06, k=17, i=03
Loading data from clique_data.json
Lower and upper bounds are equal
Minimum sum: 57
Continuous lower bound achieved.
The is the sum of cliques
Elapsed time: 0.15456032752990723 seconds.

Working on n=06, k=17, i=04
Loading data from clique_data.json
Lower and upper bounds are equal
Minimum sum: 48
Continuous lower bound achieved.
The is the sum of cliques
Elapsed time: 0.15381073951721191 seconds.

Working on n=06, k=17, i=05
Loading data from clique_data.json
Lower and upper bounds are equal
Minimum sum: 43
Continuous lower bound achieved.
The is the sum of cliques
Elapsed time: 0.156785249710083 seconds.

Working on n=06, k=17, i=06
Loading data from clique_data.json
Lower and upper bounds are equal
Minimum sum: 38
Continuous lower bound achieved.
The is the sum of cliques
Elapsed time: 0.15320563316345215 seconds.

Working on n=06, k=17, i=07
Loading data from clique_data.json
Lower and upper bounds are equal
Minimum sum: 34
Continuous lower bound achieved.
The is the sum of cliques
Elapsed time: 0.15391802787780762 seconds.

Working on n=06, k=17, i=08
Loading data from clique_data.json
Lower and upper bounds are equal
Minimum sum: 31
Continuous lower bound achieved.
The is the sum of cliques
Complement upper bound achieved.
Elapsed time: 0.15677499771118164 seconds.

Working on n=06, k=17, i=09
Loading data from clique_data.json
Lower and upper bounds are equal
Minimum sum: 29
Continuous lower bound achieved.
The is the sum of cliques
Complement upper bound achieved.
Elapsed time: 0.15524649620056152 seconds.

Working on n=06, k=17, i=10
Loading data from clique_data.json
Lower and upper bounds are equal
Minimum sum: 26
Continuous lower bound achieved.
The is the sum of cliques
Complement upper bound achieved.
Elapsed time: 0.15761327743530273 seconds.

Working on n=06, k=17, i=11
Loading data from clique_data.json
Lower and upper bounds are equal
Minimum sum: 25
Continuous lower bound achieved.
The is the sum of cliques
Complement upper bound achieved.
Elapsed time: 0.1550617218017578 seconds.

Working on n=06, k=17, i=12
Loading data from clique_data.json
Lower and upper bounds are equal
Minimum sum: 23
Continuous lower bound achieved.
The is the sum of cliques
Complement upper bound achieved.
Elapsed time: 0.15747690200805664 seconds.

Working on n=06, k=17, i=13
Loading data from clique_data.json
Lower and upper bounds are equal
Minimum sum: 22
Continuous lower bound achieved.
The is the sum of cliques
Complement upper bound achieved.
Elapsed time: 0.16164159774780273 seconds.

Working on n=06, k=17, i=14
Loading data from clique_data.json
Lower and upper bounds are equal
Minimum sum: 20
Continuous lower bound achieved.
The is the sum of cliques
Complement upper bound achieved.
Elapsed time: 0.15723943710327148 seconds.

Working on n=06, k=17, i=15
Loading data from clique_data.json
Lower and upper bounds are equal
Minimum sum: 19
Continuous lower bound achieved.
The is the sum of cliques
Complement upper bound achieved.
Elapsed time: 0.15955686569213867 seconds.

Working on n=06, k=17, i=16
Loading data from clique_data.json
Lower and upper bounds are equal
Minimum sum: 18
Continuous lower bound achieved.
The is the sum of cliques
Complement upper bound achieved.
Elapsed time: 0.15601682662963867 seconds.

Working on n=06, k=17, i=17
Loading data from clique_data.json
Lower and upper bounds are equal
Minimum sum: 17
Continuous lower bound achieved.
This is a flower.
The is the sum of cliques
Elapsed time: 0.15963530540466309 seconds.

Working on n=06, k=18, i=00
Loading data from clique_data.json
Lower and upper bounds are equal
Minimum sum: 108
Continuous lower bound achieved.
This is a flower.
The is the sum of cliques
Elapsed time: 0.15785598754882812 seconds.

Working on n=06, k=18, i=01
Loading data from clique_data.json
Lower and upper bounds are equal
Minimum sum: 93
Continuous lower bound achieved.
The is the sum of cliques
Elapsed time: 0.15740156173706055 seconds.

Working on n=06, k=18, i=02
Loading data from clique_data.json
Lower and upper bounds are equal
Minimum sum: 78
Continuous lower bound achieved.
The is the sum of cliques
Elapsed time: 0.1615006923675537 seconds.

Working on n=06, k=18, i=03
Loading data from clique_data.json
Lower and upper bounds are equal
Minimum sum: 63
Continuous lower bound achieved.
The is the sum of cliques
Elapsed time: 0.16019129753112793 seconds.

Working on n=06, k=18, i=04
Loading data from clique_data.json
Lower and upper bounds are equal
Minimum sum: 52
Continuous lower bound achieved.
The is the sum of cliques
Elapsed time: 0.16215133666992188 seconds.

Working on n=06, k=18, i=05
Loading data from clique_data.json
Lower and upper bounds are equal
Minimum sum: 47
Continuous lower bound achieved.
The is the sum of cliques
Elapsed time: 0.16095662117004395 seconds.

Working on n=06, k=18, i=06
Loading data from clique_data.json
Lower and upper bounds are equal
Minimum sum: 42
Continuous lower bound achieved.
The is the sum of cliques
Elapsed time: 0.16234588623046875 seconds.

Working on n=06, k=18, i=07
Loading data from clique_data.json
Lower and upper bounds are equal
Minimum sum: 37
Continuous lower bound achieved.
The is the sum of cliques
Elapsed time: 0.16375494003295898 seconds.

Working on n=06, k=18, i=08
Loading data from clique_data.json
Lower and upper bounds are equal
Minimum sum: 34
Continuous lower bound achieved.
The is the sum of cliques
Complement upper bound achieved.
Elapsed time: 0.16271352767944336 seconds.

Working on n=06, k=18, i=09
Loading data from clique_data.json
Lower and upper bounds are equal
Minimum sum: 32
Continuous lower bound achieved.
The is the sum of cliques
Complement upper bound achieved.
Elapsed time: 0.16385889053344727 seconds.

Working on n=06, k=18, i=10
Loading data from clique_data.json
Lower and upper bounds are equal
Minimum sum: 29
Continuous lower bound achieved.
The is the sum of cliques
Complement upper bound achieved.
Elapsed time: 0.16142892837524414 seconds.

Working on n=06, k=18, i=11
Loading data from clique_data.json
Lower and upper bounds are equal
Minimum sum: 27
Continuous lower bound achieved.
The is the sum of cliques
Complement upper bound achieved.
Elapsed time: 0.16848087310791016 seconds.

Working on n=06, k=18, i=12
Loading data from clique_data.json
Lower and upper bounds are equal
Minimum sum: 26
Continuous lower bound achieved.
The is the sum of cliques
Complement upper bound achieved.
Elapsed time: 0.16637945175170898 seconds.

Working on n=06, k=18, i=13
Loading data from clique_data.json
Lower and upper bounds are equal
Minimum sum: 24
Continuous lower bound achieved.
The is the sum of cliques
Complement upper bound achieved.
Elapsed time: 0.1648266315460205 seconds.

Working on n=06, k=18, i=14
Loading data from clique_data.json
Lower and upper bounds are equal
Minimum sum: 23
Continuous lower bound achieved.
The is the sum of cliques
Complement upper bound achieved.
Elapsed time: 0.16148734092712402 seconds.

Working on n=06, k=18, i=15
Loading data from clique_data.json
Lower and upper bounds are equal
Minimum sum: 21
Continuous lower bound achieved.
The is the sum of cliques
Complement upper bound achieved.
Elapsed time: 0.1654980182647705 seconds.

Working on n=06, k=18, i=16
Loading data from clique_data.json
Lower and upper bounds are equal
Minimum sum: 20
Continuous lower bound achieved.
The is the sum of cliques
Complement upper bound achieved.
Elapsed time: 0.16475677490234375 seconds.

Working on n=06, k=18, i=17
Loading data from clique_data.json
Lower and upper bounds are equal
Minimum sum: 19
Continuous lower bound achieved.
The is the sum of cliques
Complement upper bound achieved.
Elapsed time: 0.16965150833129883 seconds.

Working on n=06, k=18, i=18
Loading data from clique_data.json
Lower and upper bounds are equal
Minimum sum: 18
Continuous lower bound achieved.
This is a flower.
The is the sum of cliques
Elapsed time: 0.16570496559143066 seconds.

Working on n=06, k=19, i=00
Loading data from clique_data.json
Lower and upper bounds are equal
Minimum sum: 114
Continuous lower bound achieved.
This is a flower.
The is the sum of cliques
Elapsed time: 0.16772913932800293 seconds.

Working on n=06, k=19, i=01
Loading data from clique_data.json
Lower and upper bounds are equal
Minimum sum: 99
Continuous lower bound achieved.
The is the sum of cliques
Elapsed time: 0.169508695602417 seconds.

Working on n=06, k=19, i=02
Loading data from clique_data.json
Lower and upper bounds are equal
Minimum sum: 84
Continuous lower bound achieved.
The is the sum of cliques
Elapsed time: 0.16815829277038574 seconds.

Working on n=06, k=19, i=03
Loading data from clique_data.json
Lower and upper bounds are equal
Minimum sum: 69
Continuous lower bound achieved.
The is the sum of cliques
Elapsed time: 0.16722583770751953 seconds.

Working on n=06, k=19, i=04
Loading data from clique_data.json
Lower and upper bounds are equal
Minimum sum: 56
Continuous lower bound achieved.
The is the sum of cliques
Elapsed time: 0.17059683799743652 seconds.

Working on n=06, k=19, i=05
Loading data from clique_data.json
Lower and upper bounds are equal
Minimum sum: 51
Continuous lower bound achieved.
The is the sum of cliques
Elapsed time: 0.16849160194396973 seconds.

Working on n=06, k=19, i=06
Loading data from clique_data.json
Lower and upper bounds are equal
Minimum sum: 46
Continuous lower bound achieved.
The is the sum of cliques
Elapsed time: 0.16961336135864258 seconds.

Working on n=06, k=19, i=07
Loading data from clique_data.json
Lower and upper bounds are equal
Minimum sum: 41
Continuous lower bound achieved.
The is the sum of cliques
Elapsed time: 0.177443265914917 seconds.

Working on n=06, k=19, i=08
Loading data from clique_data.json
Lower and upper bounds are equal
Minimum sum: 37
Continuous lower bound achieved.
The is the sum of cliques
Complement upper bound achieved.
Elapsed time: 0.17411375045776367 seconds.

Working on n=06, k=19, i=09
Loading data from clique_data.json
Lower and upper bounds are equal
Minimum sum: 35
Continuous lower bound achieved.
The is the sum of cliques
Complement upper bound achieved.
Elapsed time: 0.1726524829864502 seconds.

Working on n=06, k=19, i=10
Loading data from clique_data.json
Lower and upper bounds are equal
Minimum sum: 32
Continuous lower bound achieved.
The is the sum of cliques
Complement upper bound achieved.
Elapsed time: 0.24147605895996094 seconds.

Working on n=06, k=19, i=11
Loading data from clique_data.json
Lower and upper bounds are equal
Minimum sum: 30
Continuous lower bound achieved.
The is the sum of cliques
Complement upper bound achieved.
Elapsed time: 0.17242097854614258 seconds.

Working on n=06, k=19, i=12
Loading data from clique_data.json
Lower and upper bounds are equal
Minimum sum: 28
Continuous lower bound achieved.
The is the sum of cliques
Complement upper bound achieved.
Elapsed time: 0.17552614212036133 seconds.

Working on n=06, k=19, i=13
Loading data from clique_data.json
Lower and upper bounds are equal
Minimum sum: 27
Continuous lower bound achieved.
The is the sum of cliques
Complement upper bound achieved.
Elapsed time: 0.17746663093566895 seconds.

Working on n=06, k=19, i=14
Loading data from clique_data.json
Lower and upper bounds are equal
Minimum sum: 25
Continuous lower bound achieved.
The is the sum of cliques
Complement upper bound achieved.
Elapsed time: 0.17446160316467285 seconds.

Working on n=06, k=19, i=15
Loading data from clique_data.json
Lower and upper bounds are equal
Minimum sum: 24
Continuous lower bound achieved.
The is the sum of cliques
Complement upper bound achieved.
Elapsed time: 0.1780102252960205 seconds.

Working on n=06, k=19, i=16
Loading data from clique_data.json
Lower and upper bounds are equal
Minimum sum: 22
Continuous lower bound achieved.
The is the sum of cliques
Complement upper bound achieved.
Elapsed time: 0.1764519214630127 seconds.

Working on n=06, k=19, i=17
Loading data from clique_data.json
Lower and upper bounds are equal
Minimum sum: 21
Continuous lower bound achieved.
The is the sum of cliques
Complement upper bound achieved.
Elapsed time: 0.1792740821838379 seconds.

Working on n=06, k=19, i=18
Loading data from clique_data.json
Lower and upper bounds are equal
Minimum sum: 20
Continuous lower bound achieved.
The is the sum of cliques
Complement upper bound achieved.
Elapsed time: 0.1765298843383789 seconds.

Working on n=06, k=19, i=19
Loading data from clique_data.json
Lower and upper bounds are equal
Minimum sum: 19
Continuous lower bound achieved.
This is a flower.
The is the sum of cliques
Elapsed time: 0.17487001419067383 seconds.

Working on n=06, k=20, i=00
Loading data from clique_data.json
Lower and upper bounds are equal
Minimum sum: 120
Continuous lower bound achieved.
This is a flower.
The is the sum of cliques
Elapsed time: 0.17810916900634766 seconds.

Working on n=06, k=20, i=01
Loading data from clique_data.json
Lower and upper bounds are equal
Minimum sum: 105
Continuous lower bound achieved.
The is the sum of cliques
Elapsed time: 0.1805107593536377 seconds.

Working on n=06, k=20, i=02
Loading data from clique_data.json
Lower and upper bounds are equal
Minimum sum: 90
Continuous lower bound achieved.
The is the sum of cliques
Elapsed time: 0.17934465408325195 seconds.

Working on n=06, k=20, i=03
Loading data from clique_data.json
Lower and upper bounds are equal
Minimum sum: 75
Continuous lower bound achieved.
The is the sum of cliques
Elapsed time: 0.18150067329406738 seconds.

Working on n=06, k=20, i=04
Loading data from clique_data.json
Lower and upper bounds are equal
Minimum sum: 60
Continuous lower bound achieved.
The is the sum of cliques
Elapsed time: 0.18085765838623047 seconds.

Working on n=06, k=20, i=05
Loading data from clique_data.json
Lower and upper bounds are equal
Minimum sum: 55
Continuous lower bound achieved.
The is the sum of cliques
Elapsed time: 0.18149900436401367 seconds.

Working on n=06, k=20, i=06
Loading data from clique_data.json
Lower and upper bounds are equal
Minimum sum: 50
Continuous lower bound achieved.
The is the sum of cliques
Elapsed time: 0.18522310256958008 seconds.

Working on n=06, k=20, i=07
Loading data from clique_data.json
Lower and upper bounds are equal
Minimum sum: 45
Continuous lower bound achieved.
The is the sum of cliques
Elapsed time: 0.18471407890319824 seconds.

Working on n=06, k=20, i=08
Loading data from clique_data.json
Lower and upper bounds are equal
Minimum sum: 40
Continuous lower bound achieved.
The is the sum of cliques
Elapsed time: 0.18456792831420898 seconds.

Working on n=06, k=20, i=09
Loading data from clique_data.json
Lower and upper bounds are equal
Minimum sum: 38
Continuous lower bound achieved.
The is the sum of cliques
Complement upper bound achieved.
Elapsed time: 0.18271446228027344 seconds.

Working on n=06, k=20, i=10
Loading data from clique_data.json
Lower and upper bounds are equal
Minimum sum: 35
Continuous lower bound achieved.
The is the sum of cliques
Complement upper bound achieved.
Elapsed time: 0.18006682395935059 seconds.

Working on n=06, k=20, i=11
Loading data from clique_data.json
Lower and upper bounds are equal
Minimum sum: 33
Continuous lower bound achieved.
The is the sum of cliques
Complement upper bound achieved.
Elapsed time: 0.17997336387634277 seconds.

Working on n=06, k=20, i=12
Loading data from clique_data.json
Lower and upper bounds are equal
Minimum sum: 30
Continuous lower bound achieved.
The is the sum of cliques
Complement upper bound achieved.
Elapsed time: 0.18718695640563965 seconds.

Working on n=06, k=20, i=13
Loading data from clique_data.json
Lower and upper bounds are equal
Minimum sum: 29
Continuous lower bound achieved.
The is the sum of cliques
Complement upper bound achieved.
Elapsed time: 0.18197154998779297 seconds.

Working on n=06, k=20, i=14
Loading data from clique_data.json
Lower and upper bounds are equal
Minimum sum: 27
Continuous lower bound achieved.
The is the sum of cliques
Complement upper bound achieved.
Elapsed time: 0.18448901176452637 seconds.

Working on n=06, k=20, i=15
Loading data from clique_data.json
Lower and upper bounds are equal
Minimum sum: 26
Continuous lower bound achieved.
The is the sum of cliques
Complement upper bound achieved.
Elapsed time: 0.18792986869812012 seconds.

Working on n=06, k=20, i=16
Loading data from clique_data.json
Lower and upper bounds are equal
Minimum sum: 24
Continuous lower bound achieved.
The is the sum of cliques
Complement upper bound achieved.
Elapsed time: 0.1887974739074707 seconds.

Working on n=06, k=20, i=17
Loading data from clique_data.json
Lower and upper bounds are equal
Minimum sum: 23
Continuous lower bound achieved.
The is the sum of cliques
Complement upper bound achieved.
Elapsed time: 0.18445825576782227 seconds.

Working on n=06, k=20, i=18
Loading data from clique_data.json
Lower and upper bounds are equal
Minimum sum: 22
Continuous lower bound achieved.
The is the sum of cliques
Complement upper bound achieved.
Elapsed time: 0.1862196922302246 seconds.

Working on n=06, k=20, i=19
Loading data from clique_data.json
Lower and upper bounds are equal
Minimum sum: 21
Continuous lower bound achieved.
The is the sum of cliques
Complement upper bound achieved.
Elapsed time: 0.18824362754821777 seconds.

Working on n=06, k=20, i=20
Loading data from clique_data.json
Lower and upper bounds are equal
Minimum sum: 20
Continuous lower bound achieved.
This is a flower.
The is the sum of cliques
Elapsed time: 0.19237089157104492 seconds.

Working on n=07, k=01, i=00
Loading data from clique_data.json
Lower and upper bounds are equal
Minimum sum: 7
Continuous lower bound achieved.
This is a flower.
Elapsed time: 0.16651535034179688 seconds.

Working on n=07, k=01, i=01
Loading data from clique_data.json
Lower and upper bounds are equal
Minimum sum: 1
Continuous lower bound achieved.
This is a flower.
Elapsed time: 0.16358661651611328 seconds.

Working on n=07, k=02, i=00
Loading data from clique_data.json
Lower and upper bounds are equal
Minimum sum: 14
Continuous lower bound achieved.
This is a flower.
The is the sum of cliques
Elapsed time: 0.16490459442138672 seconds.

Working on n=07, k=02, i=01
Loading data from clique_data.json
Lower and upper bounds are equal
Minimum sum: 8
This is a flower.
The is the sum of cliques
Elapsed time: 0.16827869415283203 seconds.

Working on n=07, k=02, i=02
Loading data from clique_data.json
Lower and upper bounds are equal
Minimum sum: 2
Continuous lower bound achieved.
This is a flower.
The is the sum of cliques
Elapsed time: 0.16793203353881836 seconds.

Working on n=07, k=03, i=00
Loading data from clique_data.json
Lower and upper bounds are equal
Minimum sum: 21
Continuous lower bound achieved.
This is a flower.
The is the sum of cliques
Elapsed time: 0.1673746109008789 seconds.

Working on n=07, k=03, i=01
Loading data from clique_data.json
Lower and upper bounds are equal
Minimum sum: 7
Continuous lower bound achieved.
Vector space upper bound achieved.
Elapsed time: 0.1668381690979004 seconds.

Working on n=07, k=03, i=02
Loading data from clique_data.json
Lower and upper bounds are equal
Minimum sum: 9
This is a flower.
The is the sum of cliques
Elapsed time: 0.16566038131713867 seconds.

Working on n=07, k=03, i=03
Loading data from clique_data.json
Lower and upper bounds are equal
Minimum sum: 3
Continuous lower bound achieved.
This is a flower.
The is the sum of cliques
Elapsed time: 0.1690824031829834 seconds.

Working on n=07, k=04, i=00
Loading data from clique_data.json
Lower and upper bounds are equal
Minimum sum: 28
Continuous lower bound achieved.
This is a flower.
The is the sum of cliques
Elapsed time: 0.16790056228637695 seconds.

Working on n=07, k=04, i=01
Loading data from clique_data.json
Minimum sum: 12
Continuous lower bound achieved.
Elapsed time: 0.2105867862701416 seconds.

Working on n=07, k=04, i=02
Loading data from clique_data.json
Lower and upper bounds are equal
Minimum sum: 7
Continuous lower bound achieved.
Complement upper bound achieved.
Elapsed time: 0.1674790382385254 seconds.

Working on n=07, k=04, i=03
Loading data from clique_data.json
Lower and upper bounds are equal
Minimum sum: 10
This is a flower.
The is the sum of cliques
Elapsed time: 0.16821503639221191 seconds.

Working on n=07, k=04, i=04
Loading data from clique_data.json
Lower and upper bounds are equal
Minimum sum: 4
Continuous lower bound achieved.
This is a flower.
The is the sum of cliques
Elapsed time: 0.16567444801330566 seconds.

Working on n=07, k=05, i=00
Loading data from clique_data.json
Lower and upper bounds are equal
Minimum sum: 35
Continuous lower bound achieved.
This is a flower.
The is the sum of cliques
Elapsed time: 0.16861295700073242 seconds.

Working on n=07, k=05, i=01
Loading data from clique_data.json
Minimum sum: 17
Continuous lower bound achieved.
Elapsed time: 0.2144920825958252 seconds.

Working on n=07, k=05, i=02
Loading data from clique_data.json
Minimum sum: 11
Continuous lower bound achieved.
Elapsed time: 0.8353908061981201 seconds.

Working on n=07, k=05, i=03
Loading data from clique_data.json
Lower and upper bounds are equal
Minimum sum: 8
Continuous lower bound achieved.
The is the sum of cliques
Complement upper bound achieved.
Elapsed time: 0.16567778587341309 seconds.

Working on n=07, k=05, i=04
Loading data from clique_data.json
Lower and upper bounds are equal
Minimum sum: 11
This is a flower.
The is the sum of cliques
Elapsed time: 0.17232155799865723 seconds.

Working on n=07, k=05, i=05
Loading data from clique_data.json
Lower and upper bounds are equal
Minimum sum: 5
Continuous lower bound achieved.
This is a flower.
The is the sum of cliques
Elapsed time: 0.16711831092834473 seconds.

Working on n=07, k=06, i=00
Loading data from clique_data.json
Lower and upper bounds are equal
Minimum sum: 42
Continuous lower bound achieved.
This is a flower.
The is the sum of cliques
Elapsed time: 0.16691994667053223 seconds.

Working on n=07, k=06, i=01
Loading data from clique_data.json
Minimum sum: 21
Continuous lower bound achieved.
Elapsed time: 0.24852919578552246 seconds.

Working on n=07, k=06, i=02
Loading data from clique_data.json
Lower and upper bounds are equal
Minimum sum: 14
Continuous lower bound achieved.
The is the sum of cliques
Elapsed time: 0.167525053024292 seconds.

Working on n=07, k=06, i=03
Loading data from clique_data.json
Lower and upper bounds are equal
Minimum sum: 11
Continuous lower bound achieved.
Complement upper bound achieved.
Elapsed time: 0.16771554946899414 seconds.

Working on n=07, k=06, i=04
Loading data from clique_data.json
Lower and upper bounds are equal
Minimum sum: 9
Continuous lower bound achieved.
The is the sum of cliques
Complement upper bound achieved.
Elapsed time: 0.16978716850280762 seconds.

Working on n=07, k=06, i=05
Loading data from clique_data.json
Lower and upper bounds are equal
Minimum sum: 7
Continuous lower bound achieved.
Complement upper bound achieved.
Elapsed time: 0.17466068267822266 seconds.

Working on n=07, k=06, i=06
Loading data from clique_data.json
Lower and upper bounds are equal
Minimum sum: 6
Continuous lower bound achieved.
This is a flower.
The is the sum of cliques
Elapsed time: 0.16744709014892578 seconds.

Working on n=07, k=07, i=00
Loading data from clique_data.json
Lower and upper bounds are equal
Minimum sum: 49
Continuous lower bound achieved.
This is a flower.
The is the sum of cliques
Elapsed time: 0.17079758644104004 seconds.

Working on n=07, k=07, i=01
Loading data from clique_data.json
Lower and upper bounds are equal
Minimum sum: 28
Continuous lower bound achieved.
The is the sum of cliques
Elapsed time: 0.1678018569946289 seconds.

Working on n=07, k=07, i=02
Loading data from clique_data.json
Lower and upper bounds are equal
Minimum sum: 19
Continuous lower bound achieved.
The is the sum of cliques
Elapsed time: 0.16800332069396973 seconds.

Working on n=07, k=07, i=03
Loading data from clique_data.json
Lower and upper bounds are equal
Minimum sum: 14
Continuous lower bound achieved.
The is the sum of cliques
Elapsed time: 0.17102789878845215 seconds.

Working on n=07, k=07, i=04
Loading data from clique_data.json
Lower and upper bounds are equal
Minimum sum: 12
Continuous lower bound achieved.
The is the sum of cliques
Complement upper bound achieved.
Elapsed time: 0.17005205154418945 seconds.

Working on n=07, k=07, i=05
Loading data from clique_data.json
Lower and upper bounds are equal
Minimum sum: 10
Continuous lower bound achieved.
The is the sum of cliques
Complement upper bound achieved.
Elapsed time: 0.1758136749267578 seconds.

Working on n=07, k=07, i=06
Loading data from clique_data.json
Lower and upper bounds are equal
Minimum sum: 8
Continuous lower bound achieved.
The is the sum of cliques
Complement upper bound achieved.
Elapsed time: 0.1722409725189209 seconds.

Working on n=07, k=07, i=07
Loading data from clique_data.json
Lower and upper bounds are equal
Minimum sum: 7
Continuous lower bound achieved.
This is a flower.
The is the sum of cliques
Elapsed time: 0.16959404945373535 seconds.

Working on n=07, k=08, i=00
Loading data from clique_data.json
Lower and upper bounds are equal
Minimum sum: 56
Continuous lower bound achieved.
This is a flower.
The is the sum of cliques
Elapsed time: 0.17026877403259277 seconds.

Working on n=07, k=08, i=01
Loading data from clique_data.json
Lower and upper bounds are equal
Minimum sum: 35
Continuous lower bound achieved.
The is the sum of cliques
Elapsed time: 0.17305827140808105 seconds.

Working on n=07, k=08, i=02
Loading data from clique_data.json
Lower and upper bounds are equal
Minimum sum: 24
Continuous lower bound achieved.
The is the sum of cliques
Elapsed time: 0.16793012619018555 seconds.

Working on n=07, k=08, i=03
Loading data from clique_data.json
Lower and upper bounds are equal
Minimum sum: 18
Continuous lower bound achieved.
The is the sum of cliques
Elapsed time: 0.17078828811645508 seconds.

Working on n=07, k=08, i=04
Loading data from clique_data.json
Lower and upper bounds are equal
Minimum sum: 14
Continuous lower bound achieved.
The is the sum of cliques
Complement upper bound achieved.
Elapsed time: 0.17053651809692383 seconds.

Working on n=07, k=08, i=05
Loading data from clique_data.json
Lower and upper bounds are equal
Minimum sum: 12
Continuous lower bound achieved.
Complement upper bound achieved.
Elapsed time: 0.17328977584838867 seconds.

Working on n=07, k=08, i=06
Loading data from clique_data.json
Lower and upper bounds are equal
Minimum sum: 11
Continuous lower bound achieved.
The is the sum of cliques
Complement upper bound achieved.
Elapsed time: 0.17405319213867188 seconds.

Working on n=07, k=08, i=07
Loading data from clique_data.json
Lower and upper bounds are equal
Minimum sum: 9
Continuous lower bound achieved.
The is the sum of cliques
Complement upper bound achieved.
Elapsed time: 0.17407441139221191 seconds.

Working on n=07, k=08, i=08
Loading data from clique_data.json
Lower and upper bounds are equal
Minimum sum: 8
Continuous lower bound achieved.
This is a flower.
The is the sum of cliques
Elapsed time: 0.17714262008666992 seconds.

Working on n=07, k=09, i=00
Loading data from clique_data.json
Lower and upper bounds are equal
Minimum sum: 63
Continuous lower bound achieved.
This is a flower.
The is the sum of cliques
Elapsed time: 0.17210793495178223 seconds.

Working on n=07, k=09, i=01
Loading data from clique_data.json
Lower and upper bounds are equal
Minimum sum: 42
Continuous lower bound achieved.
The is the sum of cliques
Elapsed time: 0.17231488227844238 seconds.

Working on n=07, k=09, i=02
Loading data from clique_data.json
Lower and upper bounds are equal
Minimum sum: 28
Continuous lower bound achieved.
The is the sum of cliques
Elapsed time: 0.17243671417236328 seconds.

Working on n=07, k=09, i=03
Loading data from clique_data.json
Lower and upper bounds are equal
Minimum sum: 21
Continuous lower bound achieved.
The is the sum of cliques
Elapsed time: 0.17273807525634766 seconds.

Working on n=07, k=09, i=04
Loading data from clique_data.json
Lower and upper bounds are equal
Minimum sum: 18
Continuous lower bound achieved.
The is the sum of cliques
Elapsed time: 0.17539405822753906 seconds.

Working on n=07, k=09, i=05
Loading data from clique_data.json
Lower and upper bounds are equal
Minimum sum: 15
Continuous lower bound achieved.
The is the sum of cliques
Complement upper bound achieved.
Elapsed time: 0.17081618309020996 seconds.

Working on n=07, k=09, i=06
Loading data from clique_data.json
Lower and upper bounds are equal
Minimum sum: 13
Continuous lower bound achieved.
The is the sum of cliques
Complement upper bound achieved.
Elapsed time: 0.17127513885498047 seconds.

Working on n=07, k=09, i=07
Loading data from clique_data.json
Lower and upper bounds are equal
Minimum sum: 12
Continuous lower bound achieved.
The is the sum of cliques
Complement upper bound achieved.
Elapsed time: 0.17731809616088867 seconds.

Working on n=07, k=09, i=08
Loading data from clique_data.json
Lower and upper bounds are equal
Minimum sum: 10
Continuous lower bound achieved.
The is the sum of cliques
Complement upper bound achieved.
Elapsed time: 0.17624568939208984 seconds.

Working on n=07, k=09, i=09
Loading data from clique_data.json
Lower and upper bounds are equal
Minimum sum: 9
Continuous lower bound achieved.
This is a flower.
The is the sum of cliques
Elapsed time: 0.1729428768157959 seconds.

Working on n=07, k=10, i=00
Loading data from clique_data.json
Lower and upper bounds are equal
Minimum sum: 70
Continuous lower bound achieved.
This is a flower.
The is the sum of cliques
Elapsed time: 0.17642807960510254 seconds.

Working on n=07, k=10, i=01
Loading data from clique_data.json
Lower and upper bounds are equal
Minimum sum: 49
Continuous lower bound achieved.
The is the sum of cliques
Elapsed time: 0.17585086822509766 seconds.

Working on n=07, k=10, i=02
Loading data from clique_data.json
Lower and upper bounds are equal
Minimum sum: 33
Continuous lower bound achieved.
The is the sum of cliques
Elapsed time: 0.17302966117858887 seconds.

Working on n=07, k=10, i=03
Loading data from clique_data.json
Lower and upper bounds are equal
Minimum sum: 26
Continuous lower bound achieved.
The is the sum of cliques
Elapsed time: 0.17261648178100586 seconds.

Working on n=07, k=10, i=04
Loading data from clique_data.json
Lower and upper bounds are equal
Minimum sum: 21
Continuous lower bound achieved.
The is the sum of cliques
Elapsed time: 0.17338848114013672 seconds.

Working on n=07, k=10, i=05
Loading data from clique_data.json
Lower and upper bounds are equal
Minimum sum: 18
Continuous lower bound achieved.
The is the sum of cliques
Complement upper bound achieved.
Elapsed time: 0.17592072486877441 seconds.

Working on n=07, k=10, i=06
Loading data from clique_data.json
Lower and upper bounds are equal
Minimum sum: 16
Continuous lower bound achieved.
The is the sum of cliques
Complement upper bound achieved.
Elapsed time: 0.17639851570129395 seconds.

Working on n=07, k=10, i=07
Loading data from clique_data.json
Lower and upper bounds are equal
Minimum sum: 14
Continuous lower bound achieved.
The is the sum of cliques
Complement upper bound achieved.
Elapsed time: 0.17581462860107422 seconds.

Working on n=07, k=10, i=08
Loading data from clique_data.json
Lower and upper bounds are equal
Minimum sum: 13
Continuous lower bound achieved.
The is the sum of cliques
Complement upper bound achieved.
Elapsed time: 0.17665481567382812 seconds.

Working on n=07, k=10, i=09
Loading data from clique_data.json
Lower and upper bounds are equal
Minimum sum: 11
Continuous lower bound achieved.
The is the sum of cliques
Complement upper bound achieved.
Elapsed time: 0.17618322372436523 seconds.

Working on n=07, k=10, i=10
Loading data from clique_data.json
Lower and upper bounds are equal
Minimum sum: 10
Continuous lower bound achieved.
This is a flower.
The is the sum of cliques
Elapsed time: 0.17659306526184082 seconds.

Working on n=07, k=11, i=00
Loading data from clique_data.json
Lower and upper bounds are equal
Minimum sum: 77
Continuous lower bound achieved.
This is a flower.
The is the sum of cliques
Elapsed time: 0.17681217193603516 seconds.

Working on n=07, k=11, i=01
Loading data from clique_data.json
Lower and upper bounds are equal
Minimum sum: 56
Continuous lower bound achieved.
The is the sum of cliques
Elapsed time: 0.17641377449035645 seconds.

Working on n=07, k=11, i=02
Loading data from clique_data.json
Lower and upper bounds are equal
Minimum sum: 38
Continuous lower bound achieved.
The is the sum of cliques
Elapsed time: 0.17689943313598633 seconds.

Working on n=07, k=11, i=03
Loading data from clique_data.json
Lower and upper bounds are equal
Minimum sum: 31
Continuous lower bound achieved.
The is the sum of cliques
Elapsed time: 0.17917847633361816 seconds.

Working on n=07, k=11, i=04
Loading data from clique_data.json
Lower and upper bounds are equal
Minimum sum: 25
Continuous lower bound achieved.
The is the sum of cliques
Elapsed time: 0.17771410942077637 seconds.

Working on n=07, k=11, i=05
Loading data from clique_data.json
Lower and upper bounds are equal
Minimum sum: 21
Continuous lower bound achieved.
The is the sum of cliques
Complement upper bound achieved.
Elapsed time: 0.17794442176818848 seconds.

Working on n=07, k=11, i=06
Loading data from clique_data.json
Lower and upper bounds are equal
Minimum sum: 19
Continuous lower bound achieved.
The is the sum of cliques
Complement upper bound achieved.
Elapsed time: 0.17519092559814453 seconds.

Working on n=07, k=11, i=07
Loading data from clique_data.json
Lower and upper bounds are equal
Minimum sum: 17
Continuous lower bound achieved.
The is the sum of cliques
Complement upper bound achieved.
Elapsed time: 0.1782238483428955 seconds.

Working on n=07, k=11, i=08
Loading data from clique_data.json
Lower and upper bounds are equal
Minimum sum: 15
Continuous lower bound achieved.
The is the sum of cliques
Complement upper bound achieved.
Elapsed time: 0.17668890953063965 seconds.

Working on n=07, k=11, i=09
Loading data from clique_data.json
Lower and upper bounds are equal
Minimum sum: 14
Continuous lower bound achieved.
The is the sum of cliques
Complement upper bound achieved.
Elapsed time: 0.1781613826751709 seconds.

Working on n=07, k=11, i=10
Loading data from clique_data.json
Lower and upper bounds are equal
Minimum sum: 12
Continuous lower bound achieved.
The is the sum of cliques
Complement upper bound achieved.
Elapsed time: 0.1822810173034668 seconds.

Working on n=07, k=11, i=11
Loading data from clique_data.json
Lower and upper bounds are equal
Minimum sum: 11
Continuous lower bound achieved.
This is a flower.
The is the sum of cliques
Elapsed time: 0.17931199073791504 seconds.

Working on n=07, k=12, i=00
Loading data from clique_data.json
Lower and upper bounds are equal
Minimum sum: 84
Continuous lower bound achieved.
This is a flower.
The is the sum of cliques
Elapsed time: 0.1790022850036621 seconds.

Working on n=07, k=12, i=01
Loading data from clique_data.json
Lower and upper bounds are equal
Minimum sum: 63
Continuous lower bound achieved.
The is the sum of cliques
Elapsed time: 0.20437192916870117 seconds.

Working on n=07, k=12, i=02
Loading data from clique_data.json
Lower and upper bounds are equal
Minimum sum: 42
Continuous lower bound achieved.
The is the sum of cliques
Elapsed time: 0.19134759902954102 seconds.

Working on n=07, k=12, i=03
Loading data from clique_data.json
Lower and upper bounds are equal
Minimum sum: 35
Continuous lower bound achieved.
The is the sum of cliques
Elapsed time: 0.18530511856079102 seconds.

Working on n=07, k=12, i=04
Loading data from clique_data.json
Lower and upper bounds are equal
Minimum sum: 28
Continuous lower bound achieved.
The is the sum of cliques
Elapsed time: 0.1897881031036377 seconds.

Working on n=07, k=12, i=05
Loading data from clique_data.json
Lower and upper bounds are equal
Minimum sum: 25
Continuous lower bound achieved.
The is the sum of cliques
Elapsed time: 0.19229412078857422 seconds.

Working on n=07, k=12, i=06
Loading data from clique_data.json
Lower and upper bounds are equal
Minimum sum: 21
Continuous lower bound achieved.
The is the sum of cliques
Complement upper bound achieved.
Elapsed time: 0.1856245994567871 seconds.

Working on n=07, k=12, i=07
Loading data from clique_data.json
Lower and upper bounds are equal
Minimum sum: 19
Continuous lower bound achieved.
The is the sum of cliques
Complement upper bound achieved.
Elapsed time: 0.18980669975280762 seconds.

Working on n=07, k=12, i=08
Loading data from clique_data.json
Lower and upper bounds are equal
Minimum sum: 17
Continuous lower bound achieved.
Complement upper bound achieved.
Elapsed time: 0.18492436408996582 seconds.

Working on n=07, k=12, i=09
Loading data from clique_data.json
Lower and upper bounds are equal
Minimum sum: 16
Continuous lower bound achieved.
The is the sum of cliques
Complement upper bound achieved.
Elapsed time: 0.1859428882598877 seconds.

Working on n=07, k=12, i=10
Loading data from clique_data.json
Lower and upper bounds are equal
Minimum sum: 14
Continuous lower bound achieved.
The is the sum of cliques
Complement upper bound achieved.
Elapsed time: 0.1892251968383789 seconds.

Working on n=07, k=12, i=11
Loading data from clique_data.json
Lower and upper bounds are equal
Minimum sum: 13
Continuous lower bound achieved.
The is the sum of cliques
Complement upper bound achieved.
Elapsed time: 0.18081903457641602 seconds.

Working on n=07, k=12, i=12
Loading data from clique_data.json
Lower and upper bounds are equal
Minimum sum: 12
Continuous lower bound achieved.
This is a flower.
The is the sum of cliques
Elapsed time: 0.18488407135009766 seconds.

Working on n=07, k=13, i=00
Loading data from clique_data.json
Lower and upper bounds are equal
Minimum sum: 91
Continuous lower bound achieved.
This is a flower.
The is the sum of cliques
Elapsed time: 0.21335387229919434 seconds.

Working on n=07, k=13, i=01
Loading data from clique_data.json
Lower and upper bounds are equal
Minimum sum: 70
Continuous lower bound achieved.
The is the sum of cliques
Elapsed time: 0.18578219413757324 seconds.

Working on n=07, k=13, i=02
Loading data from clique_data.json
Lower and upper bounds are equal
Minimum sum: 49
Continuous lower bound achieved.
The is the sum of cliques
Elapsed time: 0.19037389755249023 seconds.

Working on n=07, k=13, i=03
Loading data from clique_data.json
Lower and upper bounds are equal
Minimum sum: 40
Continuous lower bound achieved.
The is the sum of cliques
Elapsed time: 0.18866300582885742 seconds.

Working on n=07, k=13, i=04
Loading data from clique_data.json
Lower and upper bounds are equal
Minimum sum: 33
Continuous lower bound achieved.
The is the sum of cliques
Elapsed time: 0.2008681297302246 seconds.

Working on n=07, k=13, i=05
Loading data from clique_data.json
Lower and upper bounds are equal
Minimum sum: 28
Continuous lower bound achieved.
The is the sum of cliques
Elapsed time: 0.18508601188659668 seconds.

Working on n=07, k=13, i=06
Loading data from clique_data.json
Lower and upper bounds are equal
Minimum sum: 25
Continuous lower bound achieved.
The is the sum of cliques
Complement upper bound achieved.
Elapsed time: 0.18591547012329102 seconds.

Working on n=07, k=13, i=07
Loading data from clique_data.json
Lower and upper bounds are equal
Minimum sum: 22
Continuous lower bound achieved.
The is the sum of cliques
Complement upper bound achieved.
Elapsed time: 0.18855929374694824 seconds.

Working on n=07, k=13, i=08
Loading data from clique_data.json
Lower and upper bounds are equal
Minimum sum: 20
Continuous lower bound achieved.
The is the sum of cliques
Complement upper bound achieved.
Elapsed time: 0.18686294555664062 seconds.

Working on n=07, k=13, i=09
Loading data from clique_data.json
Lower and upper bounds are equal
Minimum sum: 18
Continuous lower bound achieved.
The is the sum of cliques
Complement upper bound achieved.
Elapsed time: 0.19004440307617188 seconds.

Working on n=07, k=13, i=10
Loading data from clique_data.json
Lower and upper bounds are equal
Minimum sum: 17
Continuous lower bound achieved.
The is the sum of cliques
Complement upper bound achieved.
Elapsed time: 0.18941235542297363 seconds.

Working on n=07, k=13, i=11
Loading data from clique_data.json
Lower and upper bounds are equal
Minimum sum: 15
Continuous lower bound achieved.
The is the sum of cliques
Complement upper bound achieved.
Elapsed time: 0.19680142402648926 seconds.

Working on n=07, k=13, i=12
Loading data from clique_data.json
Lower and upper bounds are equal
Minimum sum: 14
Continuous lower bound achieved.
The is the sum of cliques
Complement upper bound achieved.
Elapsed time: 0.19291114807128906 seconds.

Working on n=07, k=13, i=13
Loading data from clique_data.json
Lower and upper bounds are equal
Minimum sum: 13
Continuous lower bound achieved.
This is a flower.
The is the sum of cliques
Elapsed time: 0.19527459144592285 seconds.

Working on n=07, k=14, i=00
Loading data from clique_data.json
Lower and upper bounds are equal
Minimum sum: 98
Continuous lower bound achieved.
This is a flower.
The is the sum of cliques
Elapsed time: 0.19076037406921387 seconds.

Working on n=07, k=14, i=01
Loading data from clique_data.json
Lower and upper bounds are equal
Minimum sum: 77
Continuous lower bound achieved.
The is the sum of cliques
Elapsed time: 0.19333624839782715 seconds.

Working on n=07, k=14, i=02
Loading data from clique_data.json
Lower and upper bounds are equal
Minimum sum: 56
Continuous lower bound achieved.
The is the sum of cliques
Elapsed time: 0.21016573905944824 seconds.

Working on n=07, k=14, i=03
Loading data from clique_data.json
Lower and upper bounds are equal
Minimum sum: 45
Continuous lower bound achieved.
The is the sum of cliques
Elapsed time: 0.18682217597961426 seconds.

Working on n=07, k=14, i=04
Loading data from clique_data.json
Lower and upper bounds are equal
Minimum sum: 38
Continuous lower bound achieved.
The is the sum of cliques
Elapsed time: 0.21761608123779297 seconds.

Working on n=07, k=14, i=05
Loading data from clique_data.json
Lower and upper bounds are equal
Minimum sum: 32
Continuous lower bound achieved.
The is the sum of cliques
Elapsed time: 0.1917719841003418 seconds.

Working on n=07, k=14, i=06
Loading data from clique_data.json
Lower and upper bounds are equal
Minimum sum: 28
Continuous lower bound achieved.
The is the sum of cliques
Elapsed time: 0.19324564933776855 seconds.

Working on n=07, k=14, i=07
Loading data from clique_data.json
Lower and upper bounds are equal
Minimum sum: 25
Continuous lower bound achieved.
The is the sum of cliques
Complement upper bound achieved.
Elapsed time: 0.18982434272766113 seconds.

Working on n=07, k=14, i=08
Loading data from clique_data.json
Lower and upper bounds are equal
Minimum sum: 23
Continuous lower bound achieved.
The is the sum of cliques
Complement upper bound achieved.
Elapsed time: 0.1904006004333496 seconds.

Working on n=07, k=14, i=09
Loading data from clique_data.json
Lower and upper bounds are equal
Minimum sum: 21
Continuous lower bound achieved.
The is the sum of cliques
Complement upper bound achieved.
Elapsed time: 0.19085693359375 seconds.

Working on n=07, k=14, i=10
Loading data from clique_data.json
Lower and upper bounds are equal
Minimum sum: 19
Continuous lower bound achieved.
The is the sum of cliques
Complement upper bound achieved.
Elapsed time: 0.19554519653320312 seconds.

Working on n=07, k=14, i=11
Loading data from clique_data.json
Lower and upper bounds are equal
Minimum sum: 18
Continuous lower bound achieved.
The is the sum of cliques
Complement upper bound achieved.
Elapsed time: 0.1932079792022705 seconds.

Working on n=07, k=14, i=12
Loading data from clique_data.json
Lower and upper bounds are equal
Minimum sum: 16
Continuous lower bound achieved.
The is the sum of cliques
Complement upper bound achieved.
Elapsed time: 0.19281339645385742 seconds.

Working on n=07, k=14, i=13
Loading data from clique_data.json
Lower and upper bounds are equal
Minimum sum: 15
Continuous lower bound achieved.
The is the sum of cliques
Complement upper bound achieved.
Elapsed time: 0.19425725936889648 seconds.

Working on n=07, k=14, i=14
Loading data from clique_data.json
Lower and upper bounds are equal
Minimum sum: 14
Continuous lower bound achieved.
This is a flower.
The is the sum of cliques
Elapsed time: 0.1916821002960205 seconds.

Working on n=07, k=15, i=00
Loading data from clique_data.json
Lower and upper bounds are equal
Minimum sum: 105
Continuous lower bound achieved.
This is a flower.
The is the sum of cliques
Elapsed time: 0.2006995677947998 seconds.

Working on n=07, k=15, i=01
Loading data from clique_data.json
Lower and upper bounds are equal
Minimum sum: 84
Continuous lower bound achieved.
The is the sum of cliques
Elapsed time: 0.19740962982177734 seconds.

Working on n=07, k=15, i=02
Loading data from clique_data.json
Lower and upper bounds are equal
Minimum sum: 63
Continuous lower bound achieved.
The is the sum of cliques
Elapsed time: 0.20142841339111328 seconds.

Working on n=07, k=15, i=03
Loading data from clique_data.json
Lower and upper bounds are equal
Minimum sum: 49
Continuous lower bound achieved.
The is the sum of cliques
Elapsed time: 0.19711709022521973 seconds.

Working on n=07, k=15, i=04
Loading data from clique_data.json
Lower and upper bounds are equal
Minimum sum: 42
Continuous lower bound achieved.
The is the sum of cliques
Elapsed time: 0.19530153274536133 seconds.

Working on n=07, k=15, i=05
Loading data from clique_data.json
Lower and upper bounds are equal
Minimum sum: 35
Continuous lower bound achieved.
The is the sum of cliques
Elapsed time: 0.19921135902404785 seconds.

Working on n=07, k=15, i=06
Loading data from clique_data.json
Lower and upper bounds are equal
Minimum sum: 32
Continuous lower bound achieved.
The is the sum of cliques
Elapsed time: 0.19407415390014648 seconds.

Working on n=07, k=15, i=07
Loading data from clique_data.json
Lower and upper bounds are equal
Minimum sum: 28
Continuous lower bound achieved.
The is the sum of cliques
Complement upper bound achieved.
Elapsed time: 0.19466090202331543 seconds.

Working on n=07, k=15, i=08
Loading data from clique_data.json
Lower and upper bounds are equal
Minimum sum: 26
Continuous lower bound achieved.
The is the sum of cliques
Complement upper bound achieved.
Elapsed time: 0.1986689567565918 seconds.

Working on n=07, k=15, i=09
Loading data from clique_data.json
Lower and upper bounds are equal
Minimum sum: 24
Continuous lower bound achieved.
The is the sum of cliques
Complement upper bound achieved.
Elapsed time: 0.19726848602294922 seconds.

Working on n=07, k=15, i=10
Loading data from clique_data.json
Lower and upper bounds are equal
Minimum sum: 21
Continuous lower bound achieved.
Complement upper bound achieved.
Elapsed time: 0.20027494430541992 seconds.

Working on n=07, k=15, i=11
Loading data from clique_data.json
Lower and upper bounds are equal
Minimum sum: 20
Continuous lower bound achieved.
The is the sum of cliques
Complement upper bound achieved.
Elapsed time: 0.19866180419921875 seconds.

Working on n=07, k=15, i=12
Loading data from clique_data.json
Lower and upper bounds are equal
Minimum sum: 19
Continuous lower bound achieved.
The is the sum of cliques
Complement upper bound achieved.
Elapsed time: 0.19852733612060547 seconds.

Working on n=07, k=15, i=13
Loading data from clique_data.json
Lower and upper bounds are equal
Minimum sum: 17
Continuous lower bound achieved.
The is the sum of cliques
Complement upper bound achieved.
Elapsed time: 0.1962733268737793 seconds.

Working on n=07, k=15, i=14
Loading data from clique_data.json
Lower and upper bounds are equal
Minimum sum: 16
Continuous lower bound achieved.
The is the sum of cliques
Complement upper bound achieved.
Elapsed time: 0.20807862281799316 seconds.

Working on n=07, k=15, i=15
Loading data from clique_data.json
Lower and upper bounds are equal
Minimum sum: 15
Continuous lower bound achieved.
This is a flower.
The is the sum of cliques
Elapsed time: 0.1974811553955078 seconds.

Working on n=07, k=16, i=00
Loading data from clique_data.json
Lower and upper bounds are equal
Minimum sum: 112
Continuous lower bound achieved.
This is a flower.
The is the sum of cliques
Elapsed time: 0.19571328163146973 seconds.

Working on n=07, k=16, i=01
Loading data from clique_data.json
Lower and upper bounds are equal
Minimum sum: 91
Continuous lower bound achieved.
The is the sum of cliques
Elapsed time: 0.20396113395690918 seconds.

Working on n=07, k=16, i=02
Loading data from clique_data.json
Lower and upper bounds are equal
Minimum sum: 70
Continuous lower bound achieved.
The is the sum of cliques
Elapsed time: 0.2038877010345459 seconds.

Working on n=07, k=16, i=03
Loading data from clique_data.json
Lower and upper bounds are equal
Minimum sum: 54
Continuous lower bound achieved.
The is the sum of cliques
Elapsed time: 0.20526742935180664 seconds.

Working on n=07, k=16, i=04
Loading data from clique_data.json
Lower and upper bounds are equal
Minimum sum: 47
Continuous lower bound achieved.
The is the sum of cliques
Elapsed time: 0.20194411277770996 seconds.

Working on n=07, k=16, i=05
Loading data from clique_data.json
Lower and upper bounds are equal
Minimum sum: 40
Continuous lower bound achieved.
The is the sum of cliques
Elapsed time: 0.20406723022460938 seconds.

Working on n=07, k=16, i=06
Loading data from clique_data.json
Lower and upper bounds are equal
Minimum sum: 35
Continuous lower bound achieved.
The is the sum of cliques
Elapsed time: 0.20735430717468262 seconds.

Working on n=07, k=16, i=07
Loading data from clique_data.json
Lower and upper bounds are equal
Minimum sum: 32
Continuous lower bound achieved.
The is the sum of cliques
Elapsed time: 0.20394468307495117 seconds.

Working on n=07, k=16, i=08
Loading data from clique_data.json
Lower and upper bounds are equal
Minimum sum: 28
Continuous lower bound achieved.
The is the sum of cliques
Complement upper bound achieved.
Elapsed time: 0.20388317108154297 seconds.

Working on n=07, k=16, i=09
Loading data from clique_data.json
Lower and upper bounds are equal
Minimum sum: 26
Continuous lower bound achieved.
The is the sum of cliques
Complement upper bound achieved.
Elapsed time: 0.20444512367248535 seconds.

Working on n=07, k=16, i=10
Loading data from clique_data.json
Lower and upper bounds are equal
Minimum sum: 24
Continuous lower bound achieved.
The is the sum of cliques
Complement upper bound achieved.
Elapsed time: 0.20720505714416504 seconds.

Working on n=07, k=16, i=11
Loading data from clique_data.json
Lower and upper bounds are equal
Minimum sum: 22
Continuous lower bound achieved.
The is the sum of cliques
Complement upper bound achieved.
Elapsed time: 0.20909428596496582 seconds.

Working on n=07, k=16, i=12
Loading data from clique_data.json
Lower and upper bounds are equal
Minimum sum: 21
Continuous lower bound achieved.
The is the sum of cliques
Complement upper bound achieved.
Elapsed time: 0.2131946086883545 seconds.

Working on n=07, k=16, i=13
Loading data from clique_data.json
Lower and upper bounds are equal
Minimum sum: 20
Continuous lower bound achieved.
The is the sum of cliques
Complement upper bound achieved.
Elapsed time: 0.20521926879882812 seconds.

Working on n=07, k=16, i=14
Loading data from clique_data.json
Lower and upper bounds are equal
Minimum sum: 18
Continuous lower bound achieved.
The is the sum of cliques
Complement upper bound achieved.
Elapsed time: 0.20685410499572754 seconds.

Working on n=07, k=16, i=15
Loading data from clique_data.json
Lower and upper bounds are equal
Minimum sum: 17
Continuous lower bound achieved.
The is the sum of cliques
Complement upper bound achieved.
Elapsed time: 0.20954155921936035 seconds.

Working on n=07, k=16, i=16
Loading data from clique_data.json
Lower and upper bounds are equal
Minimum sum: 16
Continuous lower bound achieved.
This is a flower.
The is the sum of cliques
Elapsed time: 0.21084952354431152 seconds.

Working on n=07, k=17, i=00
Loading data from clique_data.json
Lower and upper bounds are equal
Minimum sum: 119
Continuous lower bound achieved.
This is a flower.
The is the sum of cliques
Elapsed time: 0.21235084533691406 seconds.

Working on n=07, k=17, i=01
Loading data from clique_data.json
Lower and upper bounds are equal
Minimum sum: 98
Continuous lower bound achieved.
The is the sum of cliques
Elapsed time: 0.2071998119354248 seconds.

Working on n=07, k=17, i=02
Loading data from clique_data.json
Lower and upper bounds are equal
Minimum sum: 77
Continuous lower bound achieved.
The is the sum of cliques
Elapsed time: 0.2107999324798584 seconds.

Working on n=07, k=17, i=03
Loading data from clique_data.json
Lower and upper bounds are equal
Minimum sum: 59
Continuous lower bound achieved.
The is the sum of cliques
Elapsed time: 0.20770573616027832 seconds.

Working on n=07, k=17, i=04
Loading data from clique_data.json
Lower and upper bounds are equal
Minimum sum: 52
Continuous lower bound achieved.
The is the sum of cliques
Elapsed time: 0.21214604377746582 seconds.

Working on n=07, k=17, i=05
Loading data from clique_data.json
Lower and upper bounds are equal
Minimum sum: 45
Continuous lower bound achieved.
The is the sum of cliques
Elapsed time: 0.2164294719696045 seconds.

Working on n=07, k=17, i=06
Loading data from clique_data.json
Lower and upper bounds are equal
Minimum sum: 39
Continuous lower bound achieved.
The is the sum of cliques
Elapsed time: 0.20958399772644043 seconds.

Working on n=07, k=17, i=07
Loading data from clique_data.json
Lower and upper bounds are equal
Minimum sum: 35
Continuous lower bound achieved.
The is the sum of cliques
Elapsed time: 0.21143341064453125 seconds.

Working on n=07, k=17, i=08
Loading data from clique_data.json
Lower and upper bounds are equal
Minimum sum: 32
Continuous lower bound achieved.
The is the sum of cliques
Complement upper bound achieved.
Elapsed time: 0.20896673202514648 seconds.

Working on n=07, k=17, i=09
Loading data from clique_data.json
Lower and upper bounds are equal
Minimum sum: 29
Continuous lower bound achieved.
The is the sum of cliques
Complement upper bound achieved.
Elapsed time: 0.21592330932617188 seconds.

Working on n=07, k=17, i=10
Loading data from clique_data.json
Lower and upper bounds are equal
Minimum sum: 27
Continuous lower bound achieved.
The is the sum of cliques
Complement upper bound achieved.
Elapsed time: 0.21098732948303223 seconds.

Working on n=07, k=17, i=11
Loading data from clique_data.json
Lower and upper bounds are equal
Minimum sum: 25
Continuous lower bound achieved.
The is the sum of cliques
Complement upper bound achieved.
Elapsed time: 0.21454787254333496 seconds.

Working on n=07, k=17, i=12
Loading data from clique_data.json
Lower and upper bounds are equal
Minimum sum: 23
Continuous lower bound achieved.
The is the sum of cliques
Complement upper bound achieved.
Elapsed time: 0.2153615951538086 seconds.

Working on n=07, k=17, i=13
Loading data from clique_data.json
Lower and upper bounds are equal
Minimum sum: 22
Continuous lower bound achieved.
The is the sum of cliques
Complement upper bound achieved.
Elapsed time: 0.21161866188049316 seconds.

Working on n=07, k=17, i=14
Loading data from clique_data.json
Lower and upper bounds are equal
Minimum sum: 21
Continuous lower bound achieved.
The is the sum of cliques
Complement upper bound achieved.
Elapsed time: 0.21374273300170898 seconds.

Working on n=07, k=17, i=15
Loading data from clique_data.json
Lower and upper bounds are equal
Minimum sum: 19
Continuous lower bound achieved.
The is the sum of cliques
Complement upper bound achieved.
Elapsed time: 0.2145078182220459 seconds.

Working on n=07, k=17, i=16
Loading data from clique_data.json
Lower and upper bounds are equal
Minimum sum: 18
Continuous lower bound achieved.
The is the sum of cliques
Complement upper bound achieved.
Elapsed time: 0.21233296394348145 seconds.

Working on n=07, k=17, i=17
Loading data from clique_data.json
Lower and upper bounds are equal
Minimum sum: 17
Continuous lower bound achieved.
This is a flower.
The is the sum of cliques
Elapsed time: 0.21962761878967285 seconds.

Working on n=07, k=18, i=00
Loading data from clique_data.json
Lower and upper bounds are equal
Minimum sum: 126
Continuous lower bound achieved.
This is a flower.
The is the sum of cliques
Elapsed time: 0.2176074981689453 seconds.

Working on n=07, k=18, i=01
Loading data from clique_data.json
Lower and upper bounds are equal
Minimum sum: 105
Continuous lower bound achieved.
The is the sum of cliques
Elapsed time: 0.21487760543823242 seconds.

Working on n=07, k=18, i=02
Loading data from clique_data.json
Lower and upper bounds are equal
Minimum sum: 84
Continuous lower bound achieved.
The is the sum of cliques
Elapsed time: 0.21491765975952148 seconds.

Working on n=07, k=18, i=03
Loading data from clique_data.json
Lower and upper bounds are equal
Minimum sum: 63
Continuous lower bound achieved.
The is the sum of cliques
Elapsed time: 0.21632957458496094 seconds.

Working on n=07, k=18, i=04
Loading data from clique_data.json
Lower and upper bounds are equal
Minimum sum: 56
Continuous lower bound achieved.
The is the sum of cliques
Elapsed time: 0.21730875968933105 seconds.

Working on n=07, k=18, i=05
Loading data from clique_data.json
Lower and upper bounds are equal
Minimum sum: 49
Continuous lower bound achieved.
The is the sum of cliques
Elapsed time: 0.22000503540039062 seconds.

Working on n=07, k=18, i=06
Loading data from clique_data.json
Lower and upper bounds are equal
Minimum sum: 42
Continuous lower bound achieved.
The is the sum of cliques
Elapsed time: 0.22077202796936035 seconds.

Working on n=07, k=18, i=07
Loading data from clique_data.json
Lower and upper bounds are equal
Minimum sum: 39
Continuous lower bound achieved.
The is the sum of cliques
Elapsed time: 0.22407078742980957 seconds.

Working on n=07, k=18, i=08
Loading data from clique_data.json
Lower and upper bounds are equal
Minimum sum: 35
Continuous lower bound achieved.
The is the sum of cliques
Complement upper bound achieved.
Elapsed time: 0.22315502166748047 seconds.

Working on n=07, k=18, i=09
Loading data from clique_data.json
Lower and upper bounds are equal
Minimum sum: 32
Continuous lower bound achieved.
The is the sum of cliques
Complement upper bound achieved.
Elapsed time: 0.22136855125427246 seconds.

Working on n=07, k=18, i=10
Loading data from clique_data.json
Lower and upper bounds are equal
Minimum sum: 30
Continuous lower bound achieved.
The is the sum of cliques
Complement upper bound achieved.
Elapsed time: 0.2198486328125 seconds.

Working on n=07, k=18, i=11
Loading data from clique_data.json
Lower and upper bounds are equal
Minimum sum: 28
Continuous lower bound achieved.
The is the sum of cliques
Complement upper bound achieved.
Elapsed time: 0.21981430053710938 seconds.

Working on n=07, k=18, i=12
Loading data from clique_data.json
Lower and upper bounds are equal
Minimum sum: 26
Continuous lower bound achieved.
The is the sum of cliques
Complement upper bound achieved.
Elapsed time: 0.21879315376281738 seconds.

Working on n=07, k=18, i=13
Loading data from clique_data.json
Lower and upper bounds are equal
Minimum sum: 24
Continuous lower bound achieved.
The is the sum of cliques
Complement upper bound achieved.
Elapsed time: 0.21889519691467285 seconds.

Working on n=07, k=18, i=14
Loading data from clique_data.json
Lower and upper bounds are equal
Minimum sum: 23
Continuous lower bound achieved.
The is the sum of cliques
Complement upper bound achieved.
Elapsed time: 0.22182440757751465 seconds.

Working on n=07, k=18, i=15
Loading data from clique_data.json
Lower and upper bounds are equal
Minimum sum: 21
Continuous lower bound achieved.
The is the sum of cliques
Complement upper bound achieved.
Elapsed time: 0.22255277633666992 seconds.

Working on n=07, k=18, i=16
Loading data from clique_data.json
Lower and upper bounds are equal
Minimum sum: 20
Continuous lower bound achieved.
The is the sum of cliques
Complement upper bound achieved.
Elapsed time: 0.22429156303405762 seconds.

Working on n=07, k=18, i=17
Loading data from clique_data.json
Lower and upper bounds are equal
Minimum sum: 19
Continuous lower bound achieved.
The is the sum of cliques
Complement upper bound achieved.
Elapsed time: 0.22188186645507812 seconds.

Working on n=07, k=18, i=18
Loading data from clique_data.json
Lower and upper bounds are equal
Minimum sum: 18
Continuous lower bound achieved.
This is a flower.
The is the sum of cliques
Elapsed time: 0.2222604751586914 seconds.

Working on n=07, k=19, i=00
Loading data from clique_data.json
Lower and upper bounds are equal
Minimum sum: 133
Continuous lower bound achieved.
This is a flower.
The is the sum of cliques
Elapsed time: 0.220672607421875 seconds.

Working on n=07, k=19, i=01
Loading data from clique_data.json
Lower and upper bounds are equal
Minimum sum: 112
Continuous lower bound achieved.
The is the sum of cliques
Elapsed time: 0.2225666046142578 seconds.

Working on n=07, k=19, i=02
Loading data from clique_data.json
Lower and upper bounds are equal
Minimum sum: 91
Continuous lower bound achieved.
The is the sum of cliques
Elapsed time: 0.23284602165222168 seconds.

Working on n=07, k=19, i=03
Loading data from clique_data.json
Lower and upper bounds are equal
Minimum sum: 70
Continuous lower bound achieved.
The is the sum of cliques
Elapsed time: 0.22051501274108887 seconds.

Working on n=07, k=19, i=04
Loading data from clique_data.json
Lower and upper bounds are equal
Minimum sum: 61
Continuous lower bound achieved.
The is the sum of cliques
Elapsed time: 0.22667789459228516 seconds.

Working on n=07, k=19, i=05
Loading data from clique_data.json
Lower and upper bounds are equal
Minimum sum: 54
Continuous lower bound achieved.
The is the sum of cliques
Elapsed time: 0.22604870796203613 seconds.

Working on n=07, k=19, i=06
Loading data from clique_data.json
Lower and upper bounds are equal
Minimum sum: 47
Continuous lower bound achieved.
The is the sum of cliques
Elapsed time: 0.225264310836792 seconds.

Working on n=07, k=19, i=07
Loading data from clique_data.json
Lower and upper bounds are equal
Minimum sum: 42
Continuous lower bound achieved.
The is the sum of cliques
Elapsed time: 0.23885655403137207 seconds.

Working on n=07, k=19, i=08
Loading data from clique_data.json
Lower and upper bounds are equal
Minimum sum: 39
Continuous lower bound achieved.
The is the sum of cliques
Elapsed time: 0.22581171989440918 seconds.

Working on n=07, k=19, i=09
Loading data from clique_data.json
Lower and upper bounds are equal
Minimum sum: 35
Continuous lower bound achieved.
The is the sum of cliques
Complement upper bound achieved.
Elapsed time: 0.2277076244354248 seconds.

Working on n=07, k=19, i=10
Loading data from clique_data.json
Lower and upper bounds are equal
Minimum sum: 33
Continuous lower bound achieved.
The is the sum of cliques
Complement upper bound achieved.
Elapsed time: 0.22918486595153809 seconds.

Working on n=07, k=19, i=11
Loading data from clique_data.json
Lower and upper bounds are equal
Minimum sum: 31
Continuous lower bound achieved.
The is the sum of cliques
Complement upper bound achieved.
Elapsed time: 0.23177504539489746 seconds.

Working on n=07, k=19, i=12
Loading data from clique_data.json
Lower and upper bounds are equal
Minimum sum: 28
Continuous lower bound achieved.
The is the sum of cliques
Complement upper bound achieved.
Elapsed time: 0.22705864906311035 seconds.

Working on n=07, k=19, i=13
Loading data from clique_data.json
Lower and upper bounds are equal
Minimum sum: 27
Continuous lower bound achieved.
The is the sum of cliques
Complement upper bound achieved.
Elapsed time: 0.23157930374145508 seconds.

Working on n=07, k=19, i=14
Loading data from clique_data.json
Lower and upper bounds are equal
Minimum sum: 25
Continuous lower bound achieved.
The is the sum of cliques
Complement upper bound achieved.
Elapsed time: 0.2321455478668213 seconds.

Working on n=07, k=19, i=15
Loading data from clique_data.json
Lower and upper bounds are equal
Minimum sum: 24
Continuous lower bound achieved.
The is the sum of cliques
Complement upper bound achieved.
Elapsed time: 0.2298874855041504 seconds.

Working on n=07, k=19, i=16
Loading data from clique_data.json
Lower and upper bounds are equal
Minimum sum: 22
Continuous lower bound achieved.
The is the sum of cliques
Complement upper bound achieved.
Elapsed time: 0.23390984535217285 seconds.

Working on n=07, k=19, i=17
Loading data from clique_data.json
Lower and upper bounds are equal
Minimum sum: 21
Continuous lower bound achieved.
The is the sum of cliques
Complement upper bound achieved.
Elapsed time: 0.2343151569366455 seconds.

Working on n=07, k=19, i=18
Loading data from clique_data.json
Lower and upper bounds are equal
Minimum sum: 20
Continuous lower bound achieved.
The is the sum of cliques
Complement upper bound achieved.
Elapsed time: 0.2442162036895752 seconds.

Working on n=07, k=19, i=19
Loading data from clique_data.json
Lower and upper bounds are equal
Minimum sum: 19
Continuous lower bound achieved.
This is a flower.
The is the sum of cliques
Elapsed time: 0.23967337608337402 seconds.

Working on n=07, k=20, i=00
Loading data from clique_data.json
Lower and upper bounds are equal
Minimum sum: 140
Continuous lower bound achieved.
This is a flower.
The is the sum of cliques
Elapsed time: 0.2360529899597168 seconds.

Working on n=07, k=20, i=01
Loading data from clique_data.json
Lower and upper bounds are equal
Minimum sum: 119
Continuous lower bound achieved.
The is the sum of cliques
Elapsed time: 0.2380843162536621 seconds.

Working on n=07, k=20, i=02
Loading data from clique_data.json
Lower and upper bounds are equal
Minimum sum: 98
Continuous lower bound achieved.
The is the sum of cliques
Elapsed time: 0.23589849472045898 seconds.

Working on n=07, k=20, i=03
Loading data from clique_data.json
Lower and upper bounds are equal
Minimum sum: 77
Continuous lower bound achieved.
The is the sum of cliques
Elapsed time: 0.2405712604522705 seconds.

Working on n=07, k=20, i=04
Loading data from clique_data.json
Lower and upper bounds are equal
Minimum sum: 66
Continuous lower bound achieved.
The is the sum of cliques
Elapsed time: 0.24200201034545898 seconds.

Working on n=07, k=20, i=05
Loading data from clique_data.json
Lower and upper bounds are equal
Minimum sum: 59
Continuous lower bound achieved.
The is the sum of cliques
Elapsed time: 0.24222636222839355 seconds.

Working on n=07, k=20, i=06
Loading data from clique_data.json
Lower and upper bounds are equal
Minimum sum: 52
Continuous lower bound achieved.
The is the sum of cliques
Elapsed time: 0.2436072826385498 seconds.

Working on n=07, k=20, i=07
Loading data from clique_data.json
Lower and upper bounds are equal
Minimum sum: 46
Continuous lower bound achieved.
The is the sum of cliques
Elapsed time: 0.2346498966217041 seconds.

Working on n=07, k=20, i=08
Loading data from clique_data.json
Lower and upper bounds are equal
Minimum sum: 42
Continuous lower bound achieved.
The is the sum of cliques
Elapsed time: 0.24087834358215332 seconds.

Working on n=07, k=20, i=09
Loading data from clique_data.json
Lower and upper bounds are equal
Minimum sum: 39
Continuous lower bound achieved.
The is the sum of cliques
Complement upper bound achieved.
Elapsed time: 0.24438261985778809 seconds.

Working on n=07, k=20, i=10
Loading data from clique_data.json
Lower and upper bounds are equal
Minimum sum: 35
Continuous lower bound achieved.
The is the sum of cliques
Complement upper bound achieved.
Elapsed time: 0.250124454498291 seconds.

Working on n=07, k=20, i=11
Loading data from clique_data.json
Lower and upper bounds are equal
Minimum sum: 33
Continuous lower bound achieved.
The is the sum of cliques
Complement upper bound achieved.
Elapsed time: 0.23755168914794922 seconds.

Working on n=07, k=20, i=12
Loading data from clique_data.json
Lower and upper bounds are equal
Minimum sum: 31
Continuous lower bound achieved.
The is the sum of cliques
Complement upper bound achieved.
Elapsed time: 0.23738932609558105 seconds.

Working on n=07, k=20, i=13
Loading data from clique_data.json
Lower and upper bounds are equal
Minimum sum: 29
Continuous lower bound achieved.
The is the sum of cliques
Complement upper bound achieved.
Elapsed time: 0.24053406715393066 seconds.

Working on n=07, k=20, i=14
Loading data from clique_data.json
Lower and upper bounds are equal
Minimum sum: 28
Continuous lower bound achieved.
The is the sum of cliques
Complement upper bound achieved.
Elapsed time: 0.2526857852935791 seconds.

Working on n=07, k=20, i=15
Loading data from clique_data.json
Lower and upper bounds are equal
Minimum sum: 26
Continuous lower bound achieved.
The is the sum of cliques
Complement upper bound achieved.
Elapsed time: 0.24909138679504395 seconds.

Working on n=07, k=20, i=16
Loading data from clique_data.json
Lower and upper bounds are equal
Minimum sum: 25
Continuous lower bound achieved.
The is the sum of cliques
Complement upper bound achieved.
Elapsed time: 0.2409076690673828 seconds.

Working on n=07, k=20, i=17
Loading data from clique_data.json
Lower and upper bounds are equal
Minimum sum: 23
Continuous lower bound achieved.
The is the sum of cliques
Complement upper bound achieved.
Elapsed time: 0.24222469329833984 seconds.

Working on n=07, k=20, i=18
Loading data from clique_data.json
Lower and upper bounds are equal
Minimum sum: 22
Continuous lower bound achieved.
The is the sum of cliques
Complement upper bound achieved.
Elapsed time: 0.24813032150268555 seconds.

Working on n=07, k=20, i=19
Loading data from clique_data.json
Lower and upper bounds are equal
Minimum sum: 21
Continuous lower bound achieved.
The is the sum of cliques
Complement upper bound achieved.
Elapsed time: 0.24746203422546387 seconds.

Working on n=07, k=20, i=20
Loading data from clique_data.json
Lower and upper bounds are equal
Minimum sum: 20
Continuous lower bound achieved.
This is a flower.
The is the sum of cliques
Elapsed time: 0.25137877464294434 seconds.

Working on n=08, k=01, i=00
Loading data from clique_data.json
Lower and upper bounds are equal
Minimum sum: 8
Continuous lower bound achieved.
This is a flower.
Elapsed time: 0.268352746963501 seconds.

Working on n=08, k=01, i=01
Loading data from clique_data.json
Lower and upper bounds are equal
Minimum sum: 1
Continuous lower bound achieved.
This is a flower.
Elapsed time: 0.27309632301330566 seconds.

Working on n=08, k=02, i=00
Loading data from clique_data.json
Lower and upper bounds are equal
Minimum sum: 16
Continuous lower bound achieved.
This is a flower.
The is the sum of cliques
Elapsed time: 0.27960944175720215 seconds.

Working on n=08, k=02, i=01
Loading data from clique_data.json
Lower and upper bounds are equal
Minimum sum: 9
This is a flower.
The is the sum of cliques
Elapsed time: 0.2735023498535156 seconds.

Working on n=08, k=02, i=02
Loading data from clique_data.json
Lower and upper bounds are equal
Minimum sum: 2
Continuous lower bound achieved.
This is a flower.
The is the sum of cliques
Elapsed time: 0.2749197483062744 seconds.

Working on n=08, k=03, i=00
Loading data from clique_data.json
Lower and upper bounds are equal
Minimum sum: 24
Continuous lower bound achieved.
This is a flower.
The is the sum of cliques
Elapsed time: 0.27770447731018066 seconds.

Working on n=08, k=03, i=01
Loading data from clique_data.json
Lower and upper bounds are equal
Minimum sum: 17
This is a flower.
The is the sum of cliques
Elapsed time: 0.39212846755981445 seconds.

Working on n=08, k=03, i=02
Loading data from clique_data.json
Lower and upper bounds are equal
Minimum sum: 10
This is a flower.
The is the sum of cliques
Elapsed time: 0.2813704013824463 seconds.

Working on n=08, k=03, i=03
Loading data from clique_data.json
Lower and upper bounds are equal
Minimum sum: 3
Continuous lower bound achieved.
This is a flower.
The is the sum of cliques
Elapsed time: 0.28776025772094727 seconds.

Working on n=08, k=04, i=00
Loading data from clique_data.json
Lower and upper bounds are equal
Minimum sum: 32
Continuous lower bound achieved.
This is a flower.
The is the sum of cliques
Elapsed time: 0.28436923027038574 seconds.

Working on n=08, k=04, i=01
Loading data from clique_data.json
Minimum sum: 12
Continuous lower bound achieved.
Elapsed time: 0.4312264919281006 seconds.

Working on n=08, k=04, i=02
Loading data from clique_data.json
Minimum sum: 18
This is a flower.
The is the sum of cliques
Elapsed time: 214.06450605392456 seconds.

Working on n=08, k=04, i=03
Loading data from clique_data.json
Lower and upper bounds are equal
Minimum sum: 11
This is a flower.
The is the sum of cliques
Elapsed time: 0.28565049171447754 seconds.

Working on n=08, k=04, i=04
Loading data from clique_data.json
Lower and upper bounds are equal
Minimum sum: 4
Continuous lower bound achieved.
This is a flower.
The is the sum of cliques
Elapsed time: 0.2680032253265381 seconds.

Working on n=08, k=05, i=00
Loading data from clique_data.json
Lower and upper bounds are equal
Minimum sum: 40
Continuous lower bound achieved.
This is a flower.
The is the sum of cliques
Elapsed time: 0.27654385566711426 seconds.

Working on n=08, k=05, i=01
Loading data from clique_data.json
Minimum sum: 18
Continuous lower bound achieved.
Elapsed time: 0.426882266998291 seconds.

Working on n=08, k=05, i=02
Loading data from clique_data.json
Minimum sum: 11
Continuous lower bound achieved.
Elapsed time: 7.499237775802612 seconds.

Working on n=08, k=05, i=03
Loading data from clique_data.json
Minimum sum: 19
This is a flower.
The is the sum of cliques
Elapsed time: 350.2443220615387 seconds.

Working on n=08, k=05, i=04
Loading data from clique_data.json
Lower and upper bounds are equal
Minimum sum: 12
This is a flower.
The is the sum of cliques
Elapsed time: 0.2736942768096924 seconds.

Working on n=08, k=05, i=05
Loading data from clique_data.json
Lower and upper bounds are equal
Minimum sum: 5
Continuous lower bound achieved.
This is a flower.
The is the sum of cliques
Elapsed time: 0.27309679985046387 seconds.

Working on n=08, k=06, i=00
Loading data from clique_data.json
Lower and upper bounds are equal
Minimum sum: 48
Continuous lower bound achieved.
This is a flower.
The is the sum of cliques
Elapsed time: 0.26885008811950684 seconds.

Working on n=08, k=06, i=01
Loading data from clique_data.json
Minimum sum: 23
Continuous lower bound achieved.
Elapsed time: 1.0849614143371582 seconds.

Working on n=08, k=06, i=02
Loading data from clique_data.json
Minimum sum: 15
Continuous lower bound achieved.
Elapsed time: 6.644165277481079 seconds.

Working on n=08, k=06, i=03
Loading data from clique_data.json
Lower and upper bounds are equal
Minimum sum: 11
Continuous lower bound achieved.
Complement upper bound achieved.
Elapsed time: 0.28368425369262695 seconds.

Working on n=08, k=06, i=04
Loading data from clique_data.json
Minimum sum: 20
This is a flower.
The is the sum of cliques
Elapsed time: 423.29351830482483 seconds.

Working on n=08, k=06, i=05
Loading data from clique_data.json
Lower and upper bounds are equal
Minimum sum: 13
This is a flower.
The is the sum of cliques
Elapsed time: 0.27895355224609375 seconds.

Working on n=08, k=06, i=06
Loading data from clique_data.json
Lower and upper bounds are equal
Minimum sum: 6
Continuous lower bound achieved.
This is a flower.
The is the sum of cliques
Elapsed time: 0.2803061008453369 seconds.

Working on n=08, k=07, i=00
Loading data from clique_data.json
Lower and upper bounds are equal
Minimum sum: 56
Continuous lower bound achieved.
This is a flower.
The is the sum of cliques
Elapsed time: 0.27665066719055176 seconds.

Working on n=08, k=07, i=01
Loading data from clique_data.json
Minimum sum: 28
Continuous lower bound achieved.
Elapsed time: 0.5181765556335449 seconds.

Working on n=08, k=07, i=02
Loading data from clique_data.json
Minimum sum: 19
Continuous lower bound achieved.
Elapsed time: 3.7011630535125732 seconds.

Working on n=08, k=07, i=03
Loading data from clique_data.json
Minimum sum: 14
Continuous lower bound achieved.
Elapsed time: 2.257723808288574 seconds.

Working on n=08, k=07, i=04
Loading data from clique_data.json
Lower and upper bounds are equal
Minimum sum: 12
Continuous lower bound achieved.
The is the sum of cliques
Complement upper bound achieved.
Elapsed time: 0.2735261917114258 seconds.

Working on n=08, k=07, i=05
Loading data from clique_data.json
Minimum sum: 21
This is a flower.
The is the sum of cliques
Elapsed time: 381.63481879234314 seconds.

Working on n=08, k=07, i=06
Loading data from clique_data.json
Lower and upper bounds are equal
Minimum sum: 8
Continuous lower bound achieved.
Complement upper bound achieved.
Elapsed time: 0.35842180252075195 seconds.

Working on n=08, k=07, i=07
Loading data from clique_data.json
Lower and upper bounds are equal
Minimum sum: 7
Continuous lower bound achieved.
This is a flower.
The is the sum of cliques
Elapsed time: 0.35822629928588867 seconds.

Working on n=08, k=08, i=00
Loading data from clique_data.json
Lower and upper bounds are equal
Minimum sum: 64
Continuous lower bound achieved.
This is a flower.
The is the sum of cliques
Elapsed time: 0.3597402572631836 seconds.

Working on n=08, k=08, i=01
Loading data from clique_data.json
Lower and upper bounds are equal
Minimum sum: 36
Continuous lower bound achieved.
The is the sum of cliques
Elapsed time: 0.3557775020599365 seconds.

Working on n=08, k=08, i=02
Loading data from clique_data.json
Lower and upper bounds are equal
Minimum sum: 24
Continuous lower bound achieved.
The is the sum of cliques
Elapsed time: 0.351285457611084 seconds.

Working on n=08, k=08, i=03
Loading data from clique_data.json
Minimum sum: 18
Continuous lower bound achieved.
Elapsed time: 4.2762908935546875 seconds.

Working on n=08, k=08, i=04
Loading data from clique_data.json
Lower and upper bounds are equal
Minimum sum: 15
Continuous lower bound achieved.
The is the sum of cliques
Complement upper bound achieved.
Elapsed time: 0.3454105854034424 seconds.

Working on n=08, k=08, i=05
Loading data from clique_data.json
Lower and upper bounds are equal
Minimum sum: 12
Continuous lower bound achieved.
Complement upper bound achieved.
Elapsed time: 0.34945201873779297 seconds.

Working on n=08, k=08, i=06
Loading data from clique_data.json
Minimum sum: 16
The is the sum of cliques
Elapsed time: 489.71682500839233 seconds.

Working on n=08, k=08, i=07
Loading data from clique_data.json
Lower and upper bounds are equal
Minimum sum: 9
Continuous lower bound achieved.
The is the sum of cliques
Complement upper bound achieved.
Elapsed time: 0.3493032455444336 seconds.

Working on n=08, k=08, i=08
Loading data from clique_data.json
Lower and upper bounds are equal
Minimum sum: 8
Continuous lower bound achieved.
This is a flower.
The is the sum of cliques
Elapsed time: 0.34607887268066406 seconds.

Working on n=08, k=09, i=00
Loading data from clique_data.json
Lower and upper bounds are equal
Minimum sum: 72
Continuous lower bound achieved.
This is a flower.
The is the sum of cliques
Elapsed time: 0.3544628620147705 seconds.

Working on n=08, k=09, i=01
Loading data from clique_data.json
Lower and upper bounds are equal
Minimum sum: 44
Continuous lower bound achieved.
The is the sum of cliques
Elapsed time: 0.3747706413269043 seconds.

Working on n=08, k=09, i=02
Loading data from clique_data.json
Lower and upper bounds are equal
Minimum sum: 30
Continuous lower bound achieved.
The is the sum of cliques
Elapsed time: 0.3488035202026367 seconds.

Working on n=08, k=09, i=03
Loading data from clique_data.json
Minimum sum: 22
Continuous lower bound achieved.
Elapsed time: 3.968402147293091 seconds.

Working on n=08, k=09, i=04
Loading data from clique_data.json
Minimum sum: 18
Continuous lower bound achieved.
Elapsed time: 46.19755959510803 seconds.

Working on n=08, k=09, i=05
Loading data from clique_data.json
Lower and upper bounds are equal
Minimum sum: 15
Continuous lower bound achieved.
Complement upper bound achieved.
Elapsed time: 0.35761284828186035 seconds.

Working on n=08, k=09, i=06
Loading data from clique_data.json
Lower and upper bounds are equal
Minimum sum: 13
Continuous lower bound achieved.
The is the sum of cliques
Complement upper bound achieved.
Elapsed time: 0.34738922119140625 seconds.

Working on n=08, k=09, i=07
Loading data from clique_data.json
Minimum sum: 17
The is the sum of cliques
Complement upper bound achieved.
Elapsed time: 415.8811671733856 seconds.

Working on n=08, k=09, i=08
Loading data from clique_data.json
Lower and upper bounds are equal
Minimum sum: 10
Continuous lower bound achieved.
The is the sum of cliques
Complement upper bound achieved.
Elapsed time: 0.4979979991912842 seconds.

Working on n=08, k=09, i=09
Loading data from clique_data.json
Lower and upper bounds are equal
Minimum sum: 9
Continuous lower bound achieved.
This is a flower.
The is the sum of cliques
Elapsed time: 0.36649203300476074 seconds.

Working on n=08, k=10, i=00
Loading data from clique_data.json
Lower and upper bounds are equal
Minimum sum: 80
Continuous lower bound achieved.
This is a flower.
The is the sum of cliques
Elapsed time: 0.3543970584869385 seconds.

Working on n=08, k=10, i=01
Loading data from clique_data.json
Lower and upper bounds are equal
Minimum sum: 52
Continuous lower bound achieved.
The is the sum of cliques
Elapsed time: 0.35019755363464355 seconds.

Working on n=08, k=10, i=02
Loading data from clique_data.json
Lower and upper bounds are equal
Minimum sum: 35
Continuous lower bound achieved.
The is the sum of cliques
Elapsed time: 0.3572683334350586 seconds.

Working on n=08, k=10, i=03
Loading data from clique_data.json
Minimum sum: 26
Continuous lower bound achieved.
Elapsed time: 3.056056261062622 seconds.

Working on n=08, k=10, i=04
Loading data from clique_data.json
Lower and upper bounds are equal
Minimum sum: 22
Continuous lower bound achieved.
The is the sum of cliques
Elapsed time: 0.3626213073730469 seconds.

Working on n=08, k=10, i=05
Loading data from clique_data.json
Lower and upper bounds are equal
Minimum sum: 18
Continuous lower bound achieved.
Complement upper bound achieved.
Elapsed time: 0.36240577697753906 seconds.

Working on n=08, k=10, i=06
Loading data from clique_data.json
Lower and upper bounds are equal
Minimum sum: 16
Continuous lower bound achieved.
The is the sum of cliques
Complement upper bound achieved.
Elapsed time: 0.36430883407592773 seconds.

Working on n=08, k=10, i=07
Loading data from clique_data.json
Lower and upper bounds are equal
Minimum sum: 14
Continuous lower bound achieved.
The is the sum of cliques
Complement upper bound achieved.
Elapsed time: 0.3684866428375244 seconds.

Working on n=08, k=10, i=08
Loading data from clique_data.json
Minimum sum: 18
The is the sum of cliques
Complement upper bound achieved.
Elapsed time: 342.14797949790955 seconds.

Working on n=08, k=10, i=09
Loading data from clique_data.json
Lower and upper bounds are equal
Minimum sum: 11
Continuous lower bound achieved.
The is the sum of cliques
Complement upper bound achieved.
Elapsed time: 0.36847591400146484 seconds.

Working on n=08, k=10, i=10
Loading data from clique_data.json
Lower and upper bounds are equal
Minimum sum: 10
Continuous lower bound achieved.
This is a flower.
The is the sum of cliques
Elapsed time: 0.4390699863433838 seconds.

Working on n=08, k=11, i=00
Loading data from clique_data.json
Lower and upper bounds are equal
Minimum sum: 88
Continuous lower bound achieved.
This is a flower.
The is the sum of cliques
Elapsed time: 0.3729691505432129 seconds.

Working on n=08, k=11, i=01
Loading data from clique_data.json
Lower and upper bounds are equal
Minimum sum: 60
Continuous lower bound achieved.
The is the sum of cliques
Elapsed time: 0.3591020107269287 seconds.

Working on n=08, k=11, i=02
Loading data from clique_data.json
Lower and upper bounds are equal
Minimum sum: 40
Continuous lower bound achieved.
The is the sum of cliques
Elapsed time: 0.34972047805786133 seconds.

Working on n=08, k=11, i=03
Loading data from clique_data.json
Lower and upper bounds are equal
Minimum sum: 31
Continuous lower bound achieved.
The is the sum of cliques
Elapsed time: 0.3549799919128418 seconds.

Working on n=08, k=11, i=04
Loading data from clique_data.json
Lower and upper bounds are equal
Minimum sum: 26
Continuous lower bound achieved.
The is the sum of cliques
Elapsed time: 0.3521416187286377 seconds.

Working on n=08, k=11, i=05
Loading data from clique_data.json
Lower and upper bounds are equal
Minimum sum: 22
Continuous lower bound achieved.
The is the sum of cliques
Elapsed time: 0.3529045581817627 seconds.

Working on n=08, k=11, i=06
Loading data from clique_data.json
Lower and upper bounds are equal
Minimum sum: 19
Continuous lower bound achieved.
The is the sum of cliques
Complement upper bound achieved.
Elapsed time: 0.370067834854126 seconds.

Working on n=08, k=11, i=07
Loading data from clique_data.json
Lower and upper bounds are equal
Minimum sum: 17
Continuous lower bound achieved.
The is the sum of cliques
Complement upper bound achieved.
Elapsed time: 0.36801600456237793 seconds.

Working on n=08, k=11, i=08
Loading data from clique_data.json
Lower and upper bounds are equal
Minimum sum: 15
Continuous lower bound achieved.
The is the sum of cliques
Complement upper bound achieved.
Elapsed time: 0.37575578689575195 seconds.

Working on n=08, k=11, i=09
Loading data from clique_data.json
Minimum sum: 19
The is the sum of cliques
Complement upper bound achieved.
Elapsed time: 366.22433280944824 seconds.

Working on n=08, k=11, i=10
Loading data from clique_data.json
Lower and upper bounds are equal
Minimum sum: 12
Continuous lower bound achieved.
The is the sum of cliques
Complement upper bound achieved.
Elapsed time: 0.47228121757507324 seconds.

Working on n=08, k=11, i=11
Loading data from clique_data.json
Lower and upper bounds are equal
Minimum sum: 11
Continuous lower bound achieved.
This is a flower.
The is the sum of cliques
Elapsed time: 0.381122350692749 seconds.

Working on n=08, k=12, i=00
Loading data from clique_data.json
Lower and upper bounds are equal
Minimum sum: 96
Continuous lower bound achieved.
This is a flower.
The is the sum of cliques
Elapsed time: 0.3932216167449951 seconds.

Working on n=08, k=12, i=01
Loading data from clique_data.json
Lower and upper bounds are equal
Minimum sum: 68
Continuous lower bound achieved.
The is the sum of cliques
Elapsed time: 0.3884880542755127 seconds.

Working on n=08, k=12, i=02
Loading data from clique_data.json
Lower and upper bounds are equal
Minimum sum: 46
Continuous lower bound achieved.
The is the sum of cliques
Elapsed time: 0.39557862281799316 seconds.

Working on n=08, k=12, i=03
Loading data from clique_data.json
Lower and upper bounds are equal
Minimum sum: 36
Continuous lower bound achieved.
The is the sum of cliques
Elapsed time: 0.42029619216918945 seconds.

Working on n=08, k=12, i=04
Loading data from clique_data.json
Lower and upper bounds are equal
Minimum sum: 30
Continuous lower bound achieved.
The is the sum of cliques
Elapsed time: 0.4210689067840576 seconds.

Working on n=08, k=12, i=05
Loading data from clique_data.json
Lower and upper bounds are equal
Minimum sum: 25
Continuous lower bound achieved.
The is the sum of cliques
Elapsed time: 0.43126940727233887 seconds.

Working on n=08, k=12, i=06
Loading data from clique_data.json
Lower and upper bounds are equal
Minimum sum: 22
Continuous lower bound achieved.
The is the sum of cliques
Complement upper bound achieved.
Elapsed time: 0.38334059715270996 seconds.

Working on n=08, k=12, i=07
Loading data from clique_data.json
Lower and upper bounds are equal
Minimum sum: 19
Continuous lower bound achieved.
Complement upper bound achieved.
Elapsed time: 0.3635892868041992 seconds.

Working on n=08, k=12, i=08
Loading data from clique_data.json
Lower and upper bounds are equal
Minimum sum: 18
Continuous lower bound achieved.
The is the sum of cliques
Complement upper bound achieved.
Elapsed time: 0.3736836910247803 seconds.

Working on n=08, k=12, i=09
Loading data from clique_data.json
Lower and upper bounds are equal
Minimum sum: 16
Continuous lower bound achieved.
The is the sum of cliques
Complement upper bound achieved.
Elapsed time: 0.3899521827697754 seconds.

Working on n=08, k=12, i=10
Loading data from clique_data.json
Minimum sum: 20
The is the sum of cliques
Complement upper bound achieved.
Elapsed time: 439.00818705558777 seconds.

Working on n=08, k=12, i=11
Loading data from clique_data.json
Lower and upper bounds are equal
Minimum sum: 13
Continuous lower bound achieved.
The is the sum of cliques
Complement upper bound achieved.
Elapsed time: 0.3646509647369385 seconds.

Working on n=08, k=12, i=12
Loading data from clique_data.json
Lower and upper bounds are equal
Minimum sum: 12
Continuous lower bound achieved.
This is a flower.
The is the sum of cliques
Elapsed time: 0.3897738456726074 seconds.

Working on n=08, k=13, i=00
Loading data from clique_data.json
Lower and upper bounds are equal
Minimum sum: 104
Continuous lower bound achieved.
This is a flower.
The is the sum of cliques
Elapsed time: 0.3791971206665039 seconds.

Working on n=08, k=13, i=01
Loading data from clique_data.json
Lower and upper bounds are equal
Minimum sum: 76
Continuous lower bound achieved.
The is the sum of cliques
Elapsed time: 0.6159811019897461 seconds.

Working on n=08, k=13, i=02
Loading data from clique_data.json
Lower and upper bounds are equal
Minimum sum: 51
Continuous lower bound achieved.
The is the sum of cliques
Elapsed time: 0.44886112213134766 seconds.

Working on n=08, k=13, i=03
Loading data from clique_data.json
Lower and upper bounds are equal
Minimum sum: 42
Continuous lower bound achieved.
The is the sum of cliques
Elapsed time: 0.36377620697021484 seconds.

Working on n=08, k=13, i=04
Loading data from clique_data.json
Lower and upper bounds are equal
Minimum sum: 34
Continuous lower bound achieved.
The is the sum of cliques
Elapsed time: 0.37132763862609863 seconds.

Working on n=08, k=13, i=05
Loading data from clique_data.json
Lower and upper bounds are equal
Minimum sum: 29
Continuous lower bound achieved.
The is the sum of cliques
Elapsed time: 0.37525177001953125 seconds.

Working on n=08, k=13, i=06
Loading data from clique_data.json
Lower and upper bounds are equal
Minimum sum: 25
Continuous lower bound achieved.
The is the sum of cliques
Complement upper bound achieved.
Elapsed time: 0.38093090057373047 seconds.

Working on n=08, k=13, i=07
Loading data from clique_data.json
Lower and upper bounds are equal
Minimum sum: 22
Continuous lower bound achieved.
Complement upper bound achieved.
Elapsed time: 0.3877849578857422 seconds.

Working on n=08, k=13, i=08
Loading data from clique_data.json
Lower and upper bounds are equal
Minimum sum: 20
Continuous lower bound achieved.
The is the sum of cliques
Complement upper bound achieved.
Elapsed time: 0.390841007232666 seconds.

Working on n=08, k=13, i=09
Loading data from clique_data.json
Lower and upper bounds are equal
Minimum sum: 18
Continuous lower bound achieved.
Complement upper bound achieved.
Elapsed time: 0.37427663803100586 seconds.

Working on n=08, k=13, i=10
Loading data from clique_data.json
Lower and upper bounds are equal
Minimum sum: 17
Continuous lower bound achieved.
The is the sum of cliques
Complement upper bound achieved.
Elapsed time: 0.3759489059448242 seconds.

Working on n=08, k=13, i=11
Loading data from clique_data.json
Minimum sum: 21
The is the sum of cliques
Complement upper bound achieved.
Elapsed time: 422.27063059806824 seconds.

Working on n=08, k=13, i=12
Loading data from clique_data.json
Lower and upper bounds are equal
Minimum sum: 14
Continuous lower bound achieved.
The is the sum of cliques
Complement upper bound achieved.
Elapsed time: 0.3742997646331787 seconds.

Working on n=08, k=13, i=13
Loading data from clique_data.json
Lower and upper bounds are equal
Minimum sum: 13
Continuous lower bound achieved.
This is a flower.
The is the sum of cliques
Elapsed time: 0.37801408767700195 seconds.

Working on n=08, k=14, i=00
Loading data from clique_data.json
Lower and upper bounds are equal
Minimum sum: 112
Continuous lower bound achieved.
This is a flower.
The is the sum of cliques
Elapsed time: 0.37184619903564453 seconds.

Working on n=08, k=14, i=01
Loading data from clique_data.json
Lower and upper bounds are equal
Minimum sum: 84
Continuous lower bound achieved.
The is the sum of cliques
Elapsed time: 0.42284560203552246 seconds.

Working on n=08, k=14, i=02
Loading data from clique_data.json
Lower and upper bounds are equal
Minimum sum: 56
Continuous lower bound achieved.
The is the sum of cliques
Elapsed time: 0.3777298927307129 seconds.

Working on n=08, k=14, i=03
Loading data from clique_data.json
Lower and upper bounds are equal
Minimum sum: 47
Continuous lower bound achieved.
The is the sum of cliques
Elapsed time: 0.3805398941040039 seconds.

Working on n=08, k=14, i=04
Loading data from clique_data.json
Lower and upper bounds are equal
Minimum sum: 38
Continuous lower bound achieved.
The is the sum of cliques
Elapsed time: 0.37008047103881836 seconds.

Working on n=08, k=14, i=05
Loading data from clique_data.json
Lower and upper bounds are equal
Minimum sum: 33
Continuous lower bound achieved.
The is the sum of cliques
Elapsed time: 0.3666374683380127 seconds.

Working on n=08, k=14, i=06
Loading data from clique_data.json
Lower and upper bounds are equal
Minimum sum: 28
Continuous lower bound achieved.
The is the sum of cliques
Elapsed time: 0.3847346305847168 seconds.

Working on n=08, k=14, i=07
Loading data from clique_data.json
Lower and upper bounds are equal
Minimum sum: 26
Continuous lower bound achieved.
The is the sum of cliques
Complement upper bound achieved.
Elapsed time: 0.37881922721862793 seconds.

Working on n=08, k=14, i=08
Loading data from clique_data.json
Lower and upper bounds are equal
Minimum sum: 23
Continuous lower bound achieved.
The is the sum of cliques
Complement upper bound achieved.
Elapsed time: 0.3746068477630615 seconds.

Working on n=08, k=14, i=09
Loading data from clique_data.json
Lower and upper bounds are equal
Minimum sum: 21
Continuous lower bound achieved.
The is the sum of cliques
Complement upper bound achieved.
Elapsed time: 0.3938617706298828 seconds.

Working on n=08, k=14, i=10
Loading data from clique_data.json
Lower and upper bounds are equal
Minimum sum: 19
Continuous lower bound achieved.
The is the sum of cliques
Complement upper bound achieved.
Elapsed time: 0.4018893241882324 seconds.

Working on n=08, k=14, i=11
Loading data from clique_data.json
Lower and upper bounds are equal
Minimum sum: 18
Continuous lower bound achieved.
The is the sum of cliques
Complement upper bound achieved.
Elapsed time: 0.3885319232940674 seconds.

Working on n=08, k=14, i=12
Loading data from clique_data.json
Lower and upper bounds are equal
Minimum sum: 16
Continuous lower bound achieved.
The is the sum of cliques
Complement upper bound achieved.
Elapsed time: 0.3787269592285156 seconds.

Working on n=08, k=14, i=13
Loading data from clique_data.json
Lower and upper bounds are equal
Minimum sum: 15
Continuous lower bound achieved.
The is the sum of cliques
Complement upper bound achieved.
Elapsed time: 0.377683162689209 seconds.

Working on n=08, k=14, i=14
Loading data from clique_data.json
Lower and upper bounds are equal
Minimum sum: 14
Continuous lower bound achieved.
This is a flower.
The is the sum of cliques
Elapsed time: 0.3797323703765869 seconds.

Working on n=08, k=15, i=00
Loading data from clique_data.json
Lower and upper bounds are equal
Minimum sum: 120
Continuous lower bound achieved.
This is a flower.
The is the sum of cliques
Elapsed time: 0.37159276008605957 seconds.

Working on n=08, k=15, i=01
Loading data from clique_data.json
Lower and upper bounds are equal
Minimum sum: 92
Continuous lower bound achieved.
The is the sum of cliques
Elapsed time: 0.3832070827484131 seconds.

Working on n=08, k=15, i=02
Loading data from clique_data.json
Lower and upper bounds are equal
Minimum sum: 64
Continuous lower bound achieved.
The is the sum of cliques
Elapsed time: 0.38767504692077637 seconds.

Working on n=08, k=15, i=03
Loading data from clique_data.json
Lower and upper bounds are equal
Minimum sum: 52
Continuous lower bound achieved.
The is the sum of cliques
Elapsed time: 0.4123268127441406 seconds.

Working on n=08, k=15, i=04
Loading data from clique_data.json
Lower and upper bounds are equal
Minimum sum: 43
Continuous lower bound achieved.
The is the sum of cliques
Elapsed time: 0.39933156967163086 seconds.

Working on n=08, k=15, i=05
Loading data from clique_data.json
Lower and upper bounds are equal
Minimum sum: 37
Continuous lower bound achieved.
The is the sum of cliques
Elapsed time: 0.3813812732696533 seconds.

Working on n=08, k=15, i=06
Loading data from clique_data.json
Lower and upper bounds are equal
Minimum sum: 32
Continuous lower bound achieved.
The is the sum of cliques
Elapsed time: 0.3784942626953125 seconds.

Working on n=08, k=15, i=07
Loading data from clique_data.json
Lower and upper bounds are equal
Minimum sum: 29
Continuous lower bound achieved.
The is the sum of cliques
Complement upper bound achieved.
Elapsed time: 0.37180447578430176 seconds.

Working on n=08, k=15, i=08
Loading data from clique_data.json
Lower and upper bounds are equal
Minimum sum: 26
Continuous lower bound achieved.
The is the sum of cliques
Complement upper bound achieved.
Elapsed time: 0.3811831474304199 seconds.

Working on n=08, k=15, i=09
Loading data from clique_data.json
Lower and upper bounds are equal
Minimum sum: 24
Continuous lower bound achieved.
The is the sum of cliques
Complement upper bound achieved.
Elapsed time: 0.38077592849731445 seconds.

Working on n=08, k=15, i=10
Loading data from clique_data.json
Lower and upper bounds are equal
Minimum sum: 22
Continuous lower bound achieved.
The is the sum of cliques
Complement upper bound achieved.
Elapsed time: 0.3907155990600586 seconds.

Working on n=08, k=15, i=11
Loading data from clique_data.json
Lower and upper bounds are equal
Minimum sum: 20
Continuous lower bound achieved.
The is the sum of cliques
Complement upper bound achieved.
Elapsed time: 0.38347673416137695 seconds.

Working on n=08, k=15, i=12
Loading data from clique_data.json
Lower and upper bounds are equal
Minimum sum: 19
Continuous lower bound achieved.
The is the sum of cliques
Complement upper bound achieved.
Elapsed time: 0.4659383296966553 seconds.

Working on n=08, k=15, i=13
Loading data from clique_data.json
Lower and upper bounds are equal
Minimum sum: 17
Continuous lower bound achieved.
The is the sum of cliques
Complement upper bound achieved.
Elapsed time: 0.3877379894256592 seconds.

Working on n=08, k=15, i=14
Loading data from clique_data.json
Lower and upper bounds are equal
Minimum sum: 16
Continuous lower bound achieved.
The is the sum of cliques
Complement upper bound achieved.
Elapsed time: 0.38992857933044434 seconds.

Working on n=08, k=15, i=15
Loading data from clique_data.json
Lower and upper bounds are equal
Minimum sum: 15
Continuous lower bound achieved.
This is a flower.
The is the sum of cliques
Elapsed time: 0.3877277374267578 seconds.

Working on n=08, k=16, i=00
Loading data from clique_data.json
Lower and upper bounds are equal
Minimum sum: 128
Continuous lower bound achieved.
This is a flower.
The is the sum of cliques
Elapsed time: 0.3987889289855957 seconds.

Working on n=08, k=16, i=01
Loading data from clique_data.json
Lower and upper bounds are equal
Minimum sum: 100
Continuous lower bound achieved.
The is the sum of cliques
Elapsed time: 0.37906670570373535 seconds.

Working on n=08, k=16, i=02
Loading data from clique_data.json
Lower and upper bounds are equal
Minimum sum: 72
Continuous lower bound achieved.
The is the sum of cliques
Elapsed time: 0.38179779052734375 seconds.

Working on n=08, k=16, i=03
Loading data from clique_data.json
Lower and upper bounds are equal
Minimum sum: 58
Continuous lower bound achieved.
The is the sum of cliques
Elapsed time: 0.39154601097106934 seconds.

Working on n=08, k=16, i=04
Loading data from clique_data.json
Lower and upper bounds are equal
Minimum sum: 48
Continuous lower bound achieved.
The is the sum of cliques
Elapsed time: 0.39726877212524414 seconds.

Working on n=08, k=16, i=05
Loading data from clique_data.json
Lower and upper bounds are equal
Minimum sum: 41
Continuous lower bound achieved.
The is the sum of cliques
Elapsed time: 0.411975622177124 seconds.

Working on n=08, k=16, i=06
Loading data from clique_data.json
Lower and upper bounds are equal
Minimum sum: 36
Continuous lower bound achieved.
The is the sum of cliques
Elapsed time: 0.3872065544128418 seconds.

Working on n=08, k=16, i=07
Loading data from clique_data.json
Lower and upper bounds are equal
Minimum sum: 32
Continuous lower bound achieved.
The is the sum of cliques
Elapsed time: 0.3926682472229004 seconds.

Working on n=08, k=16, i=08
Loading data from clique_data.json
Lower and upper bounds are equal
Minimum sum: 29
Continuous lower bound achieved.
The is the sum of cliques
Complement upper bound achieved.
Elapsed time: 0.3983633518218994 seconds.

Working on n=08, k=16, i=09
Loading data from clique_data.json
Lower and upper bounds are equal
Minimum sum: 26
Continuous lower bound achieved.
Complement upper bound achieved.
Elapsed time: 0.3956265449523926 seconds.

Working on n=08, k=16, i=10
Loading data from clique_data.json
Lower and upper bounds are equal
Minimum sum: 24
Continuous lower bound achieved.
The is the sum of cliques
Complement upper bound achieved.
Elapsed time: 0.390178918838501 seconds.

Working on n=08, k=16, i=11
Loading data from clique_data.json
Lower and upper bounds are equal
Minimum sum: 23
Continuous lower bound achieved.
The is the sum of cliques
Complement upper bound achieved.
Elapsed time: 0.38410115242004395 seconds.

Working on n=08, k=16, i=12
Loading data from clique_data.json
Lower and upper bounds are equal
Minimum sum: 21
Continuous lower bound achieved.
The is the sum of cliques
Complement upper bound achieved.
Elapsed time: 0.4020528793334961 seconds.

Working on n=08, k=16, i=13
Loading data from clique_data.json
Lower and upper bounds are equal
Minimum sum: 20
Continuous lower bound achieved.
The is the sum of cliques
Complement upper bound achieved.
Elapsed time: 0.3911137580871582 seconds.

Working on n=08, k=16, i=14
Loading data from clique_data.json
Lower and upper bounds are equal
Minimum sum: 18
Continuous lower bound achieved.
The is the sum of cliques
Complement upper bound achieved.
Elapsed time: 0.424879789352417 seconds.

Working on n=08, k=16, i=15
Loading data from clique_data.json
Lower and upper bounds are equal
Minimum sum: 17
Continuous lower bound achieved.
The is the sum of cliques
Complement upper bound achieved.
Elapsed time: 0.637596845626831 seconds.

Working on n=08, k=16, i=16
Loading data from clique_data.json
Lower and upper bounds are equal
Minimum sum: 16
Continuous lower bound achieved.
This is a flower.
The is the sum of cliques
Elapsed time: 0.39377903938293457 seconds.

Working on n=08, k=17, i=00
Loading data from clique_data.json
Lower and upper bounds are equal
Minimum sum: 136
Continuous lower bound achieved.
This is a flower.
The is the sum of cliques
Elapsed time: 0.4118010997772217 seconds.

Working on n=08, k=17, i=01
Loading data from clique_data.json
Lower and upper bounds are equal
Minimum sum: 108
Continuous lower bound achieved.
The is the sum of cliques
Elapsed time: 0.3904378414154053 seconds.

Working on n=08, k=17, i=02
Loading data from clique_data.json
Lower and upper bounds are equal
Minimum sum: 80
Continuous lower bound achieved.
The is the sum of cliques
Elapsed time: 0.3955564498901367 seconds.

Working on n=08, k=17, i=03
Loading data from clique_data.json
Lower and upper bounds are equal
Minimum sum: 63
Continuous lower bound achieved.
The is the sum of cliques
Elapsed time: 0.3955066204071045 seconds.

Working on n=08, k=17, i=04
Loading data from clique_data.json
Lower and upper bounds are equal
Minimum sum: 54
Continuous lower bound achieved.
The is the sum of cliques
Elapsed time: 0.3920621871948242 seconds.

Working on n=08, k=17, i=05
Loading data from clique_data.json
Lower and upper bounds are equal
Minimum sum: 45
Continuous lower bound achieved.
The is the sum of cliques
Elapsed time: 0.4319159984588623 seconds.

Working on n=08, k=17, i=06
Loading data from clique_data.json
Lower and upper bounds are equal
Minimum sum: 40
Continuous lower bound achieved.
The is the sum of cliques
Elapsed time: 0.4028949737548828 seconds.

Working on n=08, k=17, i=07
Loading data from clique_data.json
Lower and upper bounds are equal
Minimum sum: 36
Continuous lower bound achieved.
The is the sum of cliques
Elapsed time: 0.4047720432281494 seconds.

Working on n=08, k=17, i=08
Loading data from clique_data.json
Lower and upper bounds are equal
Minimum sum: 32
Continuous lower bound achieved.
The is the sum of cliques
Complement upper bound achieved.
Elapsed time: 0.41693568229675293 seconds.

Working on n=08, k=17, i=09
Loading data from clique_data.json
Lower and upper bounds are equal
Minimum sum: 30
Continuous lower bound achieved.
The is the sum of cliques
Complement upper bound achieved.
Elapsed time: 0.4080526828765869 seconds.

Working on n=08, k=17, i=10
Loading data from clique_data.json
Lower and upper bounds are equal
Minimum sum: 27
Continuous lower bound achieved.
The is the sum of cliques
Complement upper bound achieved.
Elapsed time: 0.39557361602783203 seconds.

Working on n=08, k=17, i=11
Loading data from clique_data.json
Lower and upper bounds are equal
Minimum sum: 25
Continuous lower bound achieved.
The is the sum of cliques
Complement upper bound achieved.
Elapsed time: 0.4238612651824951 seconds.

Working on n=08, k=17, i=12
Loading data from clique_data.json
Lower and upper bounds are equal
Minimum sum: 23
Continuous lower bound achieved.
Complement upper bound achieved.
Elapsed time: 0.4006166458129883 seconds.

Working on n=08, k=17, i=13
Loading data from clique_data.json
Lower and upper bounds are equal
Minimum sum: 22
Continuous lower bound achieved.
The is the sum of cliques
Complement upper bound achieved.
Elapsed time: 0.40816259384155273 seconds.

Working on n=08, k=17, i=14
Loading data from clique_data.json
Lower and upper bounds are equal
Minimum sum: 21
Continuous lower bound achieved.
The is the sum of cliques
Complement upper bound achieved.
Elapsed time: 0.39543938636779785 seconds.

Working on n=08, k=17, i=15
Loading data from clique_data.json
Lower and upper bounds are equal
Minimum sum: 19
Continuous lower bound achieved.
The is the sum of cliques
Complement upper bound achieved.
Elapsed time: 0.39286255836486816 seconds.

Working on n=08, k=17, i=16
Loading data from clique_data.json
Lower and upper bounds are equal
Minimum sum: 18
Continuous lower bound achieved.
The is the sum of cliques
Complement upper bound achieved.
Elapsed time: 0.3992316722869873 seconds.

Working on n=08, k=17, i=17
Loading data from clique_data.json
Lower and upper bounds are equal
Minimum sum: 17
Continuous lower bound achieved.
This is a flower.
The is the sum of cliques
Elapsed time: 0.4022970199584961 seconds.

Working on n=08, k=18, i=00
Loading data from clique_data.json
Lower and upper bounds are equal
Minimum sum: 144
Continuous lower bound achieved.
This is a flower.
The is the sum of cliques
Elapsed time: 0.5562050342559814 seconds.

Working on n=08, k=18, i=01
Loading data from clique_data.json
Lower and upper bounds are equal
Minimum sum: 116
Continuous lower bound achieved.
The is the sum of cliques
Elapsed time: 0.40181565284729004 seconds.

Working on n=08, k=18, i=02
Loading data from clique_data.json
Lower and upper bounds are equal
Minimum sum: 88
Continuous lower bound achieved.
The is the sum of cliques
Elapsed time: 0.3962440490722656 seconds.

Working on n=08, k=18, i=03
Loading data from clique_data.json
Lower and upper bounds are equal
Minimum sum: 68
Continuous lower bound achieved.
The is the sum of cliques
Elapsed time: 0.396986722946167 seconds.

Working on n=08, k=18, i=04
Loading data from clique_data.json
Lower and upper bounds are equal
Minimum sum: 59
Continuous lower bound achieved.
The is the sum of cliques
Elapsed time: 0.40836334228515625 seconds.

Working on n=08, k=18, i=05
Loading data from clique_data.json
Lower and upper bounds are equal
Minimum sum: 50
Continuous lower bound achieved.
The is the sum of cliques
Elapsed time: 0.4090707302093506 seconds.

Working on n=08, k=18, i=06
Loading data from clique_data.json
Lower and upper bounds are equal
Minimum sum: 44
Continuous lower bound achieved.
The is the sum of cliques
Elapsed time: 0.40271759033203125 seconds.

Working on n=08, k=18, i=07
Loading data from clique_data.json
Lower and upper bounds are equal
Minimum sum: 40
Continuous lower bound achieved.
The is the sum of cliques
Elapsed time: 0.40846729278564453 seconds.

Working on n=08, k=18, i=08
Loading data from clique_data.json
Lower and upper bounds are equal
Minimum sum: 36
Continuous lower bound achieved.
The is the sum of cliques
Elapsed time: 0.41968512535095215 seconds.

Working on n=08, k=18, i=09
Loading data from clique_data.json
Lower and upper bounds are equal
Minimum sum: 33
Continuous lower bound achieved.
The is the sum of cliques
Complement upper bound achieved.
Elapsed time: 0.41384172439575195 seconds.

Working on n=08, k=18, i=10
Loading data from clique_data.json
Lower and upper bounds are equal
Minimum sum: 30
Continuous lower bound achieved.
The is the sum of cliques
Complement upper bound achieved.
Elapsed time: 0.40819859504699707 seconds.

Working on n=08, k=18, i=11
Loading data from clique_data.json
Lower and upper bounds are equal
Minimum sum: 28
Continuous lower bound achieved.
The is the sum of cliques
Complement upper bound achieved.
Elapsed time: 0.40517377853393555 seconds.

Working on n=08, k=18, i=12
Loading data from clique_data.json
Lower and upper bounds are equal
Minimum sum: 26
Continuous lower bound achieved.
The is the sum of cliques
Complement upper bound achieved.
Elapsed time: 0.4283285140991211 seconds.

Working on n=08, k=18, i=13
Loading data from clique_data.json
Lower and upper bounds are equal
Minimum sum: 24
Continuous lower bound achieved.
The is the sum of cliques
Complement upper bound achieved.
Elapsed time: 0.41790032386779785 seconds.

Working on n=08, k=18, i=14
Loading data from clique_data.json
Lower and upper bounds are equal
Minimum sum: 23
Continuous lower bound achieved.
The is the sum of cliques
Complement upper bound achieved.
Elapsed time: 0.41706252098083496 seconds.

Working on n=08, k=18, i=15
Loading data from clique_data.json
Lower and upper bounds are equal
Minimum sum: 22
Continuous lower bound achieved.
The is the sum of cliques
Complement upper bound achieved.
Elapsed time: 0.40910840034484863 seconds.

Working on n=08, k=18, i=16
Loading data from clique_data.json
Lower and upper bounds are equal
Minimum sum: 20
Continuous lower bound achieved.
The is the sum of cliques
Complement upper bound achieved.
Elapsed time: 0.40683937072753906 seconds.

Working on n=08, k=18, i=17
Loading data from clique_data.json
Lower and upper bounds are equal
Minimum sum: 19
Continuous lower bound achieved.
The is the sum of cliques
Complement upper bound achieved.
Elapsed time: 0.4129753112792969 seconds.

Working on n=08, k=18, i=18
Loading data from clique_data.json
Lower and upper bounds are equal
Minimum sum: 18
Continuous lower bound achieved.
This is a flower.
The is the sum of cliques
Elapsed time: 0.40578460693359375 seconds.

Working on n=08, k=19, i=00
Loading data from clique_data.json
Lower and upper bounds are equal
Minimum sum: 152
Continuous lower bound achieved.
This is a flower.
The is the sum of cliques
Elapsed time: 0.7131204605102539 seconds.

Working on n=08, k=19, i=01
Loading data from clique_data.json
Lower and upper bounds are equal
Minimum sum: 124
Continuous lower bound achieved.
The is the sum of cliques
Elapsed time: 0.4131615161895752 seconds.

Working on n=08, k=19, i=02
Loading data from clique_data.json
Lower and upper bounds are equal
Minimum sum: 96
Continuous lower bound achieved.
The is the sum of cliques
Elapsed time: 0.4201850891113281 seconds.

Working on n=08, k=19, i=03
Loading data from clique_data.json
Lower and upper bounds are equal
Minimum sum: 74
Continuous lower bound achieved.
The is the sum of cliques
Elapsed time: 0.41542983055114746 seconds.

Working on n=08, k=19, i=04
Loading data from clique_data.json
Lower and upper bounds are equal
Minimum sum: 64
Continuous lower bound achieved.
The is the sum of cliques
Elapsed time: 0.4040038585662842 seconds.

Working on n=08, k=19, i=05
Loading data from clique_data.json
Lower and upper bounds are equal
Minimum sum: 55
Continuous lower bound achieved.
The is the sum of cliques
Elapsed time: 0.4302823543548584 seconds.

Working on n=08, k=19, i=06
Loading data from clique_data.json
Lower and upper bounds are equal
Minimum sum: 48
Continuous lower bound achieved.
The is the sum of cliques
Elapsed time: 0.43160319328308105 seconds.

Working on n=08, k=19, i=07
Loading data from clique_data.json
Lower and upper bounds are equal
Minimum sum: 44
Continuous lower bound achieved.
The is the sum of cliques
Elapsed time: 0.42357730865478516 seconds.

Working on n=08, k=19, i=08
Loading data from clique_data.json
Lower and upper bounds are equal
Minimum sum: 39
Continuous lower bound achieved.
The is the sum of cliques
Elapsed time: 0.4233553409576416 seconds.

Working on n=08, k=19, i=09
Loading data from clique_data.json
Lower and upper bounds are equal
Minimum sum: 36
Continuous lower bound achieved.
The is the sum of cliques
Complement upper bound achieved.
Elapsed time: 0.45340681076049805 seconds.

Working on n=08, k=19, i=10
Loading data from clique_data.json
Lower and upper bounds are equal
Minimum sum: 33
Continuous lower bound achieved.
The is the sum of cliques
Complement upper bound achieved.
Elapsed time: 0.42226123809814453 seconds.

Working on n=08, k=19, i=11
Loading data from clique_data.json
Lower and upper bounds are equal
Minimum sum: 31
Continuous lower bound achieved.
The is the sum of cliques
Complement upper bound achieved.
Elapsed time: 0.428511381149292 seconds.

Working on n=08, k=19, i=12
Loading data from clique_data.json
Lower and upper bounds are equal
Minimum sum: 29
Continuous lower bound achieved.
The is the sum of cliques
Complement upper bound achieved.
Elapsed time: 0.4360337257385254 seconds.

Working on n=08, k=19, i=13
Loading data from clique_data.json
Lower and upper bounds are equal
Minimum sum: 27
Continuous lower bound achieved.
The is the sum of cliques
Complement upper bound achieved.
Elapsed time: 0.4332735538482666 seconds.

Working on n=08, k=19, i=14
Loading data from clique_data.json
Lower and upper bounds are equal
Minimum sum: 25
Continuous lower bound achieved.
The is the sum of cliques
Complement upper bound achieved.
Elapsed time: 0.4184739589691162 seconds.

Working on n=08, k=19, i=15
Loading data from clique_data.json
Lower and upper bounds are equal
Minimum sum: 24
Continuous lower bound achieved.
The is the sum of cliques
Complement upper bound achieved.
Elapsed time: 0.4175090789794922 seconds.

Working on n=08, k=19, i=16
Loading data from clique_data.json
Lower and upper bounds are equal
Minimum sum: 23
Continuous lower bound achieved.
The is the sum of cliques
Complement upper bound achieved.
Elapsed time: 0.4159367084503174 seconds.

Working on n=08, k=19, i=17
Loading data from clique_data.json
Lower and upper bounds are equal
Minimum sum: 21
Continuous lower bound achieved.
The is the sum of cliques
Complement upper bound achieved.
Elapsed time: 0.419614315032959 seconds.

Working on n=08, k=19, i=18
Loading data from clique_data.json
Lower and upper bounds are equal
Minimum sum: 20
Continuous lower bound achieved.
The is the sum of cliques
Complement upper bound achieved.
Elapsed time: 0.4404466152191162 seconds.

Working on n=08, k=19, i=19
Loading data from clique_data.json
Lower and upper bounds are equal
Minimum sum: 19
Continuous lower bound achieved.
This is a flower.
The is the sum of cliques
Elapsed time: 0.8530149459838867 seconds.

Working on n=08, k=20, i=00
Loading data from clique_data.json
Lower and upper bounds are equal
Minimum sum: 160
Continuous lower bound achieved.
This is a flower.
The is the sum of cliques
Elapsed time: 0.4234025478363037 seconds.

Working on n=08, k=20, i=01
Loading data from clique_data.json
Lower and upper bounds are equal
Minimum sum: 132
Continuous lower bound achieved.
The is the sum of cliques
Elapsed time: 0.4257028102874756 seconds.

Working on n=08, k=20, i=02
Loading data from clique_data.json
Lower and upper bounds are equal
Minimum sum: 104
Continuous lower bound achieved.
The is the sum of cliques
Elapsed time: 0.42892932891845703 seconds.

Working on n=08, k=20, i=03
Loading data from clique_data.json
Lower and upper bounds are equal
Minimum sum: 79
Continuous lower bound achieved.
The is the sum of cliques
Elapsed time: 0.4265291690826416 seconds.

Working on n=08, k=20, i=04
Loading data from clique_data.json
Lower and upper bounds are equal
Minimum sum: 70
Continuous lower bound achieved.
The is the sum of cliques
Elapsed time: 0.4221205711364746 seconds.

Working on n=08, k=20, i=05
Loading data from clique_data.json
Lower and upper bounds are equal
Minimum sum: 60
Continuous lower bound achieved.
The is the sum of cliques
Elapsed time: 0.44730091094970703 seconds.

Working on n=08, k=20, i=06
Loading data from clique_data.json
Lower and upper bounds are equal
Minimum sum: 52
Continuous lower bound achieved.
The is the sum of cliques
Elapsed time: 0.4387493133544922 seconds.

Working on n=08, k=20, i=07
Loading data from clique_data.json
Lower and upper bounds are equal
Minimum sum: 48
Continuous lower bound achieved.
The is the sum of cliques
Elapsed time: 0.44960713386535645 seconds.

Working on n=08, k=20, i=08
Loading data from clique_data.json
Lower and upper bounds are equal
Minimum sum: 43
Continuous lower bound achieved.
The is the sum of cliques
Elapsed time: 0.46864771842956543 seconds.

Working on n=08, k=20, i=09
Loading data from clique_data.json
Lower and upper bounds are equal
Minimum sum: 39
Continuous lower bound achieved.
The is the sum of cliques
Complement upper bound achieved.
Elapsed time: 0.4346039295196533 seconds.

Working on n=08, k=20, i=10
Loading data from clique_data.json
Lower and upper bounds are equal
Minimum sum: 36
Continuous lower bound achieved.
The is the sum of cliques
Complement upper bound achieved.
Elapsed time: 0.4360642433166504 seconds.

Working on n=08, k=20, i=11
Loading data from clique_data.json
Lower and upper bounds are equal
Minimum sum: 34
Continuous lower bound achieved.
The is the sum of cliques
Complement upper bound achieved.
Elapsed time: 0.42826366424560547 seconds.

Working on n=08, k=20, i=12
Loading data from clique_data.json
Lower and upper bounds are equal
Minimum sum: 31
Continuous lower bound achieved.
The is the sum of cliques
Complement upper bound achieved.
Elapsed time: 0.44075751304626465 seconds.

Working on n=08, k=20, i=13
Loading data from clique_data.json
Lower and upper bounds are equal
Minimum sum: 30
Continuous lower bound achieved.
The is the sum of cliques
Complement upper bound achieved.
Elapsed time: 0.42960309982299805 seconds.

Working on n=08, k=20, i=14
Loading data from clique_data.json
Lower and upper bounds are equal
Minimum sum: 28
Continuous lower bound achieved.
The is the sum of cliques
Complement upper bound achieved.
Elapsed time: 0.45256519317626953 seconds.

Working on n=08, k=20, i=15
Loading data from clique_data.json
Lower and upper bounds are equal
Minimum sum: 26
Continuous lower bound achieved.
The is the sum of cliques
Complement upper bound achieved.
Elapsed time: 0.4434010982513428 seconds.

Working on n=08, k=20, i=16
Loading data from clique_data.json
Lower and upper bounds are equal
Minimum sum: 25
Continuous lower bound achieved.
The is the sum of cliques
Complement upper bound achieved.
Elapsed time: 0.4567899703979492 seconds.

Working on n=08, k=20, i=17
Loading data from clique_data.json
Lower and upper bounds are equal
Minimum sum: 24
Continuous lower bound achieved.
The is the sum of cliques
Complement upper bound achieved.
Elapsed time: 0.4545412063598633 seconds.

Working on n=08, k=20, i=18
Loading data from clique_data.json
Lower and upper bounds are equal
Minimum sum: 22
Continuous lower bound achieved.
The is the sum of cliques
Complement upper bound achieved.
Elapsed time: 0.8074746131896973 seconds.

Working on n=08, k=20, i=19
Loading data from clique_data.json
Lower and upper bounds are equal
Minimum sum: 21
Continuous lower bound achieved.
The is the sum of cliques
Complement upper bound achieved.
Elapsed time: 0.4409205913543701 seconds.

Working on n=08, k=20, i=20
Loading data from clique_data.json
Lower and upper bounds are equal
Minimum sum: 20
Continuous lower bound achieved.
This is a flower.
The is the sum of cliques
Elapsed time: 0.4376697540283203 seconds.

Working on n=09, k=01, i=00
Loading data from clique_data.json
Lower and upper bounds are equal
Minimum sum: 9
Continuous lower bound achieved.
This is a flower.
Elapsed time: 0.6317193508148193 seconds.

Working on n=09, k=01, i=01
Loading data from clique_data.json
Lower and upper bounds are equal
Minimum sum: 1
Continuous lower bound achieved.
This is a flower.
Elapsed time: 0.6357669830322266 seconds.

Working on n=09, k=02, i=00
Loading data from clique_data.json
Lower and upper bounds are equal
Minimum sum: 18
Continuous lower bound achieved.
This is a flower.
The is the sum of cliques
Elapsed time: 0.6489834785461426 seconds.

Working on n=09, k=02, i=01
Loading data from clique_data.json
Lower and upper bounds are equal
Minimum sum: 10
This is a flower.
The is the sum of cliques
Elapsed time: 0.6885428428649902 seconds.

Working on n=09, k=02, i=02
Loading data from clique_data.json
Lower and upper bounds are equal
Minimum sum: 2
Continuous lower bound achieved.
This is a flower.
The is the sum of cliques
Elapsed time: 0.6532232761383057 seconds.

Working on n=09, k=03, i=00
Loading data from clique_data.json
Lower and upper bounds are equal
Minimum sum: 27
Continuous lower bound achieved.
This is a flower.
The is the sum of cliques
Elapsed time: 0.6407091617584229 seconds.

Working on n=09, k=03, i=01
Loading data from clique_data.json
Lower and upper bounds are equal
Minimum sum: 19
This is a flower.
The is the sum of cliques
Elapsed time: 0.64312744140625 seconds.

Working on n=09, k=03, i=02
Loading data from clique_data.json
Lower and upper bounds are equal
Minimum sum: 11
This is a flower.
The is the sum of cliques
Elapsed time: 0.8789088726043701 seconds.

Working on n=09, k=03, i=03
Loading data from clique_data.json
Lower and upper bounds are equal
Minimum sum: 3
Continuous lower bound achieved.
This is a flower.
The is the sum of cliques
Elapsed time: 0.6492071151733398 seconds.

Working on n=09, k=04, i=00
Loading data from clique_data.json
Lower and upper bounds are equal
Minimum sum: 36
Continuous lower bound achieved.
This is a flower.
The is the sum of cliques
Elapsed time: 0.6364364624023438 seconds.

Working on n=09, k=04, i=01
Loading data from clique_data.json
Minimum sum: 12
Continuous lower bound achieved.
Elapsed time: 2.568051338195801 seconds.

Working on n=09, k=04, i=02
Loading data from clique_data.json
Lower and upper bounds are equal
Minimum sum: 20
This is a flower.
The is the sum of cliques
Elapsed time: 0.6597650051116943 seconds.

Working on n=09, k=04, i=03
Loading data from clique_data.json
Lower and upper bounds are equal
Minimum sum: 12
This is a flower.
The is the sum of cliques
Elapsed time: 0.6289174556732178 seconds.

Working on n=09, k=04, i=04
Loading data from clique_data.json
Lower and upper bounds are equal
Minimum sum: 4
Continuous lower bound achieved.
This is a flower.
The is the sum of cliques
Elapsed time: 0.6318228244781494 seconds.

Working on n=09, k=05, i=00
Loading data from clique_data.json
Lower and upper bounds are equal
Minimum sum: 45
Continuous lower bound achieved.
This is a flower.
The is the sum of cliques
Elapsed time: 0.6466329097747803 seconds.

Working on n=09, k=05, i=01
Loading data from clique_data.json
Minimum sum: 18
Continuous lower bound achieved.
Elapsed time: 3.1145029067993164 seconds.

Working on n=09, k=05, i=02
Loading data from clique_data.json
Minimum sum: 11
Continuous lower bound achieved.
Elapsed time: 91.77371978759766 seconds.

Working on n=09, k=05, i=03
Loading data from clique_data.json
Lower and upper bounds are equal
Minimum sum: 21
This is a flower.
The is the sum of cliques
Elapsed time: 0.6538262367248535 seconds.

Working on n=09, k=05, i=04
Loading data from clique_data.json
Lower and upper bounds are equal
Minimum sum: 13
This is a flower.
The is the sum of cliques
Elapsed time: 0.6426656246185303 seconds.

Working on n=09, k=05, i=05
Loading data from clique_data.json
Lower and upper bounds are equal
Minimum sum: 5
Continuous lower bound achieved.
This is a flower.
The is the sum of cliques
Elapsed time: 0.6433439254760742 seconds.

Working on n=09, k=06, i=00
Loading data from clique_data.json
Lower and upper bounds are equal
Minimum sum: 54
Continuous lower bound achieved.
This is a flower.
The is the sum of cliques
Elapsed time: 0.6481683254241943 seconds.

Working on n=09, k=06, i=01
Loading data from clique_data.json
Minimum sum: 24
Continuous lower bound achieved.
Elapsed time: 2.8081459999084473 seconds.

Working on n=09, k=06, i=02
Loading data from clique_data.json
Minimum sum: 15
Continuous lower bound achieved.
Elapsed time: 10.305242776870728 seconds.

Working on n=09, k=06, i=03
Loading data from clique_data.json
Lower and upper bounds are equal
Minimum sum: 11
Continuous lower bound achieved.
Complement upper bound achieved.
Elapsed time: 0.6430118083953857 seconds.

Working on n=09, k=06, i=04
Loading data from clique_data.json
Lower and upper bounds are equal
Minimum sum: 22
This is a flower.
The is the sum of cliques
Elapsed time: 0.6429879665374756 seconds.

Working on n=09, k=06, i=05
Loading data from clique_data.json
Lower and upper bounds are equal
Minimum sum: 14
This is a flower.
The is the sum of cliques
Elapsed time: 0.6432652473449707 seconds.

Working on n=09, k=06, i=06
Loading data from clique_data.json
Lower and upper bounds are equal
Minimum sum: 6
Continuous lower bound achieved.
This is a flower.
The is the sum of cliques
Elapsed time: 0.6614809036254883 seconds.

Working on n=09, k=07, i=00
Loading data from clique_data.json
Lower and upper bounds are equal
Minimum sum: 63
Continuous lower bound achieved.
This is a flower.
The is the sum of cliques
Elapsed time: 0.6499125957489014 seconds.

Working on n=09, k=07, i=01
Loading data from clique_data.json
Minimum sum: 30
Continuous lower bound achieved.
Elapsed time: 2.933189868927002 seconds.

Working on n=09, k=07, i=02
Loading data from clique_data.json
Minimum sum: 20
Continuous lower bound achieved.
Elapsed time: 83.82069683074951 seconds.

Working on n=09, k=07, i=03
Loading data from clique_data.json
Minimum sum: 15
Continuous lower bound achieved.
Elapsed time: 130.6670789718628 seconds.

Working on n=09, k=07, i=04
Loading data from clique_data.json
Lower and upper bounds are equal
Minimum sum: 12
Continuous lower bound achieved.
The is the sum of cliques
Complement upper bound achieved.
Elapsed time: 0.7428948879241943 seconds.

Working on n=09, k=07, i=05
Loading data from clique_data.json
Lower and upper bounds are equal
Minimum sum: 23
This is a flower.
The is the sum of cliques
Elapsed time: 0.6429200172424316 seconds.

Working on n=09, k=07, i=06
Loading data from clique_data.json
Lower and upper bounds are equal
Minimum sum: 15
This is a flower.
The is the sum of cliques
Elapsed time: 0.678849458694458 seconds.

Working on n=09, k=07, i=07
Loading data from clique_data.json
Lower and upper bounds are equal
Minimum sum: 7
Continuous lower bound achieved.
This is a flower.
The is the sum of cliques
Elapsed time: 0.6629736423492432 seconds.

Working on n=09, k=08, i=00
Loading data from clique_data.json
Lower and upper bounds are equal
Minimum sum: 72
Continuous lower bound achieved.
This is a flower.
The is the sum of cliques
Elapsed time: 0.6757891178131104 seconds.

Working on n=09, k=08, i=01
Loading data from clique_data.json
Minimum sum: 36
Continuous lower bound achieved.
Elapsed time: 2.7577366828918457 seconds.

Working on n=09, k=08, i=02
Loading data from clique_data.json
Lower and upper bounds are equal
Minimum sum: 24
Continuous lower bound achieved.
The is the sum of cliques
Elapsed time: 0.6636917591094971 seconds.

Working on n=09, k=08, i=03
Loading data from clique_data.json
Minimum sum: 18
Continuous lower bound achieved.
Elapsed time: 10.680492162704468 seconds.

Working on n=09, k=08, i=04
Loading data from clique_data.json
Lower and upper bounds are equal
Minimum sum: 15
Continuous lower bound achieved.
Complement upper bound achieved.
Elapsed time: 0.6821033954620361 seconds.

Working on n=09, k=08, i=05
Loading data from clique_data.json
Lower and upper bounds are equal
Minimum sum: 12
Continuous lower bound achieved.
Complement upper bound achieved.
Elapsed time: 0.6333613395690918 seconds.

Working on n=09, k=08, i=06
Loading data from clique_data.json
Minimum sum: 24
This is a flower.
The is the sum of cliques
Elapsed time: 2461.925549507141 seconds.

Working on n=09, k=08, i=07
Loading data from clique_data.json
Lower and upper bounds are equal
Minimum sum: 9
Continuous lower bound achieved.
Complement upper bound achieved.
Elapsed time: 0.6651918888092041 seconds.

Working on n=09, k=08, i=08
Loading data from clique_data.json
Lower and upper bounds are equal
Minimum sum: 8
Continuous lower bound achieved.
This is a flower.
The is the sum of cliques
Elapsed time: 0.6383216381072998 seconds.

Working on n=09, k=09, i=00
Loading data from clique_data.json
Lower and upper bounds are equal
Minimum sum: 81
Continuous lower bound achieved.
This is a flower.
The is the sum of cliques
Elapsed time: 0.679833173751831 seconds.

Working on n=09, k=09, i=01
Loading data from clique_data.json
Lower and upper bounds are equal
Minimum sum: 45
Continuous lower bound achieved.
The is the sum of cliques
Elapsed time: 0.6852905750274658 seconds.

Working on n=09, k=09, i=02
Loading data from clique_data.json
Lower and upper bounds are equal
Minimum sum: 30
Continuous lower bound achieved.
The is the sum of cliques
Elapsed time: 0.6451075077056885 seconds.

Working on n=09, k=09, i=03
Loading data from clique_data.json
Lower and upper bounds are equal
Minimum sum: 23
Continuous lower bound achieved.
The is the sum of cliques
Elapsed time: 0.6590032577514648 seconds.

Working on n=09, k=09, i=04
Loading data from clique_data.json
Minimum sum: 18
Continuous lower bound achieved.
Elapsed time: 13.008537769317627 seconds.

Working on n=09, k=09, i=05
Loading data from clique_data.json
Lower and upper bounds are equal
Minimum sum: 15
Continuous lower bound achieved.
Complement upper bound achieved.
Elapsed time: 0.6721744537353516 seconds.

Working on n=09, k=09, i=06
Loading data from clique_data.json
Lower and upper bounds are equal
Minimum sum: 13
Continuous lower bound achieved.
The is the sum of cliques
Complement upper bound achieved.
Elapsed time: 0.6603314876556396 seconds.

Working on n=09, k=09, i=07
Loading data from clique_data.json
Minimum sum: 18
The is the sum of cliques
Elapsed time: 1538.0813143253326 seconds.

Working on n=09, k=09, i=08
Loading data from clique_data.json
Lower and upper bounds are equal
Minimum sum: 10
Continuous lower bound achieved.
The is the sum of cliques
Complement upper bound achieved.
Elapsed time: 0.6504697799682617 seconds.

Working on n=09, k=09, i=09
Loading data from clique_data.json
Lower and upper bounds are equal
Minimum sum: 9
Continuous lower bound achieved.
This is a flower.
The is the sum of cliques
Elapsed time: 0.6486809253692627 seconds.

Working on n=09, k=10, i=00
Loading data from clique_data.json
Lower and upper bounds are equal
Minimum sum: 90
Continuous lower bound achieved.
This is a flower.
The is the sum of cliques
Elapsed time: 0.6374883651733398 seconds.

Working on n=09, k=10, i=01
Loading data from clique_data.json
Lower and upper bounds are equal
Minimum sum: 54
Continuous lower bound achieved.
The is the sum of cliques
Elapsed time: 0.6552481651306152 seconds.

Working on n=09, k=10, i=02
Loading data from clique_data.json
Lower and upper bounds are equal
Minimum sum: 36
Continuous lower bound achieved.
The is the sum of cliques
Elapsed time: 0.6547455787658691 seconds.

Working on n=09, k=10, i=03
Loading data from clique_data.json
Lower and upper bounds are equal
Minimum sum: 27
Continuous lower bound achieved.
The is the sum of cliques
Elapsed time: 0.6501691341400146 seconds.

Working on n=09, k=10, i=04
Loading data from clique_data.json
Lower and upper bounds are equal
Minimum sum: 22
Continuous lower bound achieved.
The is the sum of cliques
Elapsed time: 0.6477353572845459 seconds.

Working on n=09, k=10, i=05
Loading data from clique_data.json
Lower and upper bounds are equal
Minimum sum: 18
Continuous lower bound achieved.
Complement upper bound achieved.
Elapsed time: 0.6401164531707764 seconds.

Working on n=09, k=10, i=06
Loading data from clique_data.json
Lower and upper bounds are equal
Minimum sum: 16
Continuous lower bound achieved.
The is the sum of cliques
Complement upper bound achieved.
Elapsed time: 0.6475043296813965 seconds.

Working on n=09, k=10, i=07
Loading data from clique_data.json
Lower and upper bounds are equal
Minimum sum: 14
Continuous lower bound achieved.
The is the sum of cliques
Complement upper bound achieved.
Elapsed time: 0.6604416370391846 seconds.

Working on n=09, k=10, i=08
Loading data from clique_data.json
Minimum sum: 19
The is the sum of cliques
Complement upper bound achieved.
Elapsed time: 1830.404725074768 seconds.

Working on n=09, k=10, i=09
Loading data from clique_data.json
Lower and upper bounds are equal
Minimum sum: 11
Continuous lower bound achieved.
The is the sum of cliques
Complement upper bound achieved.
Elapsed time: 0.6456232070922852 seconds.

Working on n=09, k=10, i=10
Loading data from clique_data.json
Lower and upper bounds are equal
Minimum sum: 10
Continuous lower bound achieved.
This is a flower.
The is the sum of cliques
Elapsed time: 0.6607093811035156 seconds.

Working on n=09, k=11, i=00
Loading data from clique_data.json
Lower and upper bounds are equal
Minimum sum: 99
Continuous lower bound achieved.
This is a flower.
The is the sum of cliques
Elapsed time: 0.6455905437469482 seconds.

Working on n=09, k=11, i=01
Loading data from clique_data.json
Lower and upper bounds are equal
Minimum sum: 63
Continuous lower bound achieved.
The is the sum of cliques
Elapsed time: 0.6444973945617676 seconds.

Working on n=09, k=11, i=02
Loading data from clique_data.json
Lower and upper bounds are equal
Minimum sum: 42
Continuous lower bound achieved.
The is the sum of cliques
Elapsed time: 0.6664156913757324 seconds.

Working on n=09, k=11, i=03
Loading data from clique_data.json
Lower and upper bounds are equal
Minimum sum: 32
Continuous lower bound achieved.
The is the sum of cliques
Elapsed time: 0.6518123149871826 seconds.

Working on n=09, k=11, i=04
Loading data from clique_data.json
Lower and upper bounds are equal
Minimum sum: 26
Continuous lower bound achieved.
The is the sum of cliques
Elapsed time: 0.6538243293762207 seconds.

Working on n=09, k=11, i=05
Loading data from clique_data.json
Lower and upper bounds are equal
Minimum sum: 22
Continuous lower bound achieved.
The is the sum of cliques
Elapsed time: 0.6659197807312012 seconds.

Working on n=09, k=11, i=06
Loading data from clique_data.json
Lower and upper bounds are equal
Minimum sum: 19
Continuous lower bound achieved.
The is the sum of cliques
Complement upper bound achieved.
Elapsed time: 0.662947416305542 seconds.

Working on n=09, k=11, i=07
Loading data from clique_data.json
Lower and upper bounds are equal
Minimum sum: 17
Continuous lower bound achieved.
The is the sum of cliques
Complement upper bound achieved.
Elapsed time: 0.6727840900421143 seconds.

Working on n=09, k=11, i=08
Loading data from clique_data.json
Lower and upper bounds are equal
Minimum sum: 15
Continuous lower bound achieved.
The is the sum of cliques
Complement upper bound achieved.
Elapsed time: 0.6655263900756836 seconds.

Working on n=09, k=11, i=09
Loading data from clique_data.json
Minimum sum: 20
The is the sum of cliques
Complement upper bound achieved.
Elapsed time: 2385.996366739273 seconds.

Working on n=09, k=11, i=10
Loading data from clique_data.json
Lower and upper bounds are equal
Minimum sum: 12
Continuous lower bound achieved.
The is the sum of cliques
Complement upper bound achieved.
Elapsed time: 0.6646819114685059 seconds.

Working on n=09, k=11, i=11
Loading data from clique_data.json
Lower and upper bounds are equal
Minimum sum: 11
Continuous lower bound achieved.
This is a flower.
The is the sum of cliques
Elapsed time: 0.6609477996826172 seconds.

Working on n=09, k=12, i=00
Loading data from clique_data.json
Lower and upper bounds are equal
Minimum sum: 108
Continuous lower bound achieved.
This is a flower.
The is the sum of cliques
Elapsed time: 0.6616823673248291 seconds.

Working on n=09, k=12, i=01
Loading data from clique_data.json
Lower and upper bounds are equal
Minimum sum: 72
Continuous lower bound achieved.
The is the sum of cliques
Elapsed time: 0.6739270687103271 seconds.

Working on n=09, k=12, i=02
Loading data from clique_data.json
Lower and upper bounds are equal
Minimum sum: 48
Continuous lower bound achieved.
The is the sum of cliques
Elapsed time: 0.6711585521697998 seconds.

Working on n=09, k=12, i=03
Loading data from clique_data.json
Lower and upper bounds are equal
Minimum sum: 36
Continuous lower bound achieved.
The is the sum of cliques
Elapsed time: 0.6456770896911621 seconds.

Working on n=09, k=12, i=04
Loading data from clique_data.json
Lower and upper bounds are equal
Minimum sum: 30
Continuous lower bound achieved.
The is the sum of cliques
Elapsed time: 0.6734683513641357 seconds.

Working on n=09, k=12, i=05
Loading data from clique_data.json
Lower and upper bounds are equal
Minimum sum: 26
Continuous lower bound achieved.
The is the sum of cliques
Elapsed time: 0.6637599468231201 seconds.

Working on n=09, k=12, i=06
Loading data from clique_data.json
Lower and upper bounds are equal
Minimum sum: 22
Continuous lower bound achieved.
The is the sum of cliques
Complement upper bound achieved.
Elapsed time: 0.6535475254058838 seconds.

Working on n=09, k=12, i=07
Loading data from clique_data.json
Lower and upper bounds are equal
Minimum sum: 20
Continuous lower bound achieved.
The is the sum of cliques
Complement upper bound achieved.
Elapsed time: 0.6526350975036621 seconds.

Working on n=09, k=12, i=08
Loading data from clique_data.json
Lower and upper bounds are equal
Minimum sum: 18
Continuous lower bound achieved.
The is the sum of cliques
Complement upper bound achieved.
Elapsed time: 0.6634268760681152 seconds.

Working on n=09, k=12, i=09
Loading data from clique_data.json
Lower and upper bounds are equal
Minimum sum: 16
Continuous lower bound achieved.
The is the sum of cliques
Complement upper bound achieved.
Elapsed time: 0.6700787544250488 seconds.

Working on n=09, k=12, i=10
Loading data from clique_data.json
Minimum sum: 21
The is the sum of cliques
Complement upper bound achieved.
Elapsed time: 2259.599426984787 seconds.

Working on n=09, k=12, i=11
Loading data from clique_data.json
Lower and upper bounds are equal
Minimum sum: 13
Continuous lower bound achieved.
The is the sum of cliques
Complement upper bound achieved.
Elapsed time: 0.6676075458526611 seconds.

Working on n=09, k=12, i=12
Loading data from clique_data.json
Lower and upper bounds are equal
Minimum sum: 12
Continuous lower bound achieved.
This is a flower.
The is the sum of cliques
Elapsed time: 0.6991841793060303 seconds.

Working on n=09, k=13, i=00
Loading data from clique_data.json
Lower and upper bounds are equal
Minimum sum: 117
Continuous lower bound achieved.
This is a flower.
The is the sum of cliques
Elapsed time: 0.6526322364807129 seconds.

Working on n=09, k=13, i=01
Loading data from clique_data.json
Lower and upper bounds are equal
Minimum sum: 81
Continuous lower bound achieved.
The is the sum of cliques
Elapsed time: 0.6751549243927002 seconds.

Working on n=09, k=13, i=02
Loading data from clique_data.json
Lower and upper bounds are equal
Minimum sum: 54
Continuous lower bound achieved.
The is the sum of cliques
Elapsed time: 0.8308420181274414 seconds.

Working on n=09, k=13, i=03
Loading data from clique_data.json
Lower and upper bounds are equal
Minimum sum: 42
Continuous lower bound achieved.
The is the sum of cliques
Elapsed time: 0.6718816757202148 seconds.

Working on n=09, k=13, i=04
Loading data from clique_data.json
Lower and upper bounds are equal
Minimum sum: 35
Continuous lower bound achieved.
The is the sum of cliques
Elapsed time: 0.6671364307403564 seconds.

Working on n=09, k=13, i=05
Loading data from clique_data.json
Lower and upper bounds are equal
Minimum sum: 29
Continuous lower bound achieved.
The is the sum of cliques
Elapsed time: 0.6900036334991455 seconds.

Working on n=09, k=13, i=06
Loading data from clique_data.json
Lower and upper bounds are equal
Minimum sum: 26
Continuous lower bound achieved.
The is the sum of cliques
Elapsed time: 0.6716246604919434 seconds.

Working on n=09, k=13, i=07
Loading data from clique_data.json
Lower and upper bounds are equal
Minimum sum: 23
Continuous lower bound achieved.
The is the sum of cliques
Complement upper bound achieved.
Elapsed time: 0.6511824131011963 seconds.

Working on n=09, k=13, i=08
Loading data from clique_data.json
Lower and upper bounds are equal
Minimum sum: 20
Continuous lower bound achieved.
Complement upper bound achieved.
Elapsed time: 0.6739654541015625 seconds.

Working on n=09, k=13, i=09
Loading data from clique_data.json
Lower and upper bounds are equal
Minimum sum: 18
Continuous lower bound achieved.
Complement upper bound achieved.
Elapsed time: 0.6610889434814453 seconds.

Working on n=09, k=13, i=10
Loading data from clique_data.json
Lower and upper bounds are equal
Minimum sum: 17
Continuous lower bound achieved.
The is the sum of cliques
Complement upper bound achieved.
Elapsed time: 0.6619634628295898 seconds.

Working on n=09, k=13, i=11
Loading data from clique_data.json
Minimum sum: 22
The is the sum of cliques
Complement upper bound achieved.
Elapsed time: 1662.8989131450653 seconds.

Working on n=09, k=13, i=12
Loading data from clique_data.json
Lower and upper bounds are equal
Minimum sum: 14
Continuous lower bound achieved.
The is the sum of cliques
Complement upper bound achieved.
Elapsed time: 0.6789345741271973 seconds.

Working on n=09, k=13, i=13
Loading data from clique_data.json
Lower and upper bounds are equal
Minimum sum: 13
Continuous lower bound achieved.
This is a flower.
The is the sum of cliques
Elapsed time: 0.68672776222229 seconds.

Working on n=09, k=14, i=00
Loading data from clique_data.json
Lower and upper bounds are equal
Minimum sum: 126
Continuous lower bound achieved.
This is a flower.
The is the sum of cliques
Elapsed time: 0.6962213516235352 seconds.

Working on n=09, k=14, i=01
Loading data from clique_data.json
Lower and upper bounds are equal
Minimum sum: 90
Continuous lower bound achieved.
The is the sum of cliques
Elapsed time: 0.7834336757659912 seconds.

Working on n=09, k=14, i=02
Loading data from clique_data.json
Lower and upper bounds are equal
Minimum sum: 60
Continuous lower bound achieved.
The is the sum of cliques
Elapsed time: 0.6861295700073242 seconds.

Working on n=09, k=14, i=03
Loading data from clique_data.json
Lower and upper bounds are equal
Minimum sum: 48
Continuous lower bound achieved.
The is the sum of cliques
Elapsed time: 0.6798000335693359 seconds.

Working on n=09, k=14, i=04
Loading data from clique_data.json
Lower and upper bounds are equal
Minimum sum: 39
Continuous lower bound achieved.
The is the sum of cliques
Elapsed time: 0.6645336151123047 seconds.

Working on n=09, k=14, i=05
Loading data from clique_data.json
Lower and upper bounds are equal
Minimum sum: 33
Continuous lower bound achieved.
The is the sum of cliques
Elapsed time: 0.6742095947265625 seconds.

Working on n=09, k=14, i=06
Loading data from clique_data.json
Lower and upper bounds are equal
Minimum sum: 29
Continuous lower bound achieved.
The is the sum of cliques
Elapsed time: 0.690253734588623 seconds.

Working on n=09, k=14, i=07
Loading data from clique_data.json
Lower and upper bounds are equal
Minimum sum: 26
Continuous lower bound achieved.
The is the sum of cliques
Complement upper bound achieved.
Elapsed time: 0.6655118465423584 seconds.

Working on n=09, k=14, i=08
Loading data from clique_data.json
Lower and upper bounds are equal
Minimum sum: 23
Continuous lower bound achieved.
The is the sum of cliques
Complement upper bound achieved.
Elapsed time: 0.6778550148010254 seconds.

Working on n=09, k=14, i=09
Loading data from clique_data.json
Lower and upper bounds are equal
Minimum sum: 21
Continuous lower bound achieved.
The is the sum of cliques
Complement upper bound achieved.
Elapsed time: 0.6898055076599121 seconds.

Working on n=09, k=14, i=10
Loading data from clique_data.json
Lower and upper bounds are equal
Minimum sum: 19
Continuous lower bound achieved.
The is the sum of cliques
Complement upper bound achieved.
Elapsed time: 0.6825888156890869 seconds.

Working on n=09, k=14, i=11
Loading data from clique_data.json
Lower and upper bounds are equal
Minimum sum: 18
Continuous lower bound achieved.
The is the sum of cliques
Complement upper bound achieved.
Elapsed time: 0.7438664436340332 seconds.

Working on n=09, k=14, i=12
Loading data from clique_data.json
Minimum sum: 23
The is the sum of cliques
Complement upper bound achieved.
Elapsed time: 2078.353917121887 seconds.

Working on n=09, k=14, i=13
Loading data from clique_data.json
Lower and upper bounds are equal
Minimum sum: 15
Continuous lower bound achieved.
The is the sum of cliques
Complement upper bound achieved.
Elapsed time: 0.6711282730102539 seconds.

Working on n=09, k=14, i=14
Loading data from clique_data.json
Lower and upper bounds are equal
Minimum sum: 14
Continuous lower bound achieved.
This is a flower.
The is the sum of cliques
Elapsed time: 0.6664876937866211 seconds.

Working on n=09, k=15, i=00
Loading data from clique_data.json
Lower and upper bounds are equal
Minimum sum: 135
Continuous lower bound achieved.
This is a flower.
The is the sum of cliques
Elapsed time: 0.6640117168426514 seconds.

Working on n=09, k=15, i=01
Loading data from clique_data.json
Lower and upper bounds are equal
Minimum sum: 99
Continuous lower bound achieved.
The is the sum of cliques
Elapsed time: 0.6667251586914062 seconds.

Working on n=09, k=15, i=02
Loading data from clique_data.json
Lower and upper bounds are equal
Minimum sum: 66
Continuous lower bound achieved.
The is the sum of cliques
Elapsed time: 0.6711463928222656 seconds.

Working on n=09, k=15, i=03
Loading data from clique_data.json
Lower and upper bounds are equal
Minimum sum: 54
Continuous lower bound achieved.
The is the sum of cliques
Elapsed time: 0.6616778373718262 seconds.

Working on n=09, k=15, i=04
Loading data from clique_data.json
Lower and upper bounds are equal
Minimum sum: 44
Continuous lower bound achieved.
The is the sum of cliques
Elapsed time: 0.6605808734893799 seconds.

Working on n=09, k=15, i=05
Loading data from clique_data.json
Lower and upper bounds are equal
Minimum sum: 38
Continuous lower bound achieved.
The is the sum of cliques
Elapsed time: 0.6988325119018555 seconds.

Working on n=09, k=15, i=06
Loading data from clique_data.json
Lower and upper bounds are equal
Minimum sum: 33
Continuous lower bound achieved.
The is the sum of cliques
Elapsed time: 0.6944971084594727 seconds.

Working on n=09, k=15, i=07
Loading data from clique_data.json
Lower and upper bounds are equal
Minimum sum: 29
Continuous lower bound achieved.
The is the sum of cliques
Complement upper bound achieved.
Elapsed time: 0.6877903938293457 seconds.

Working on n=09, k=15, i=08
Loading data from clique_data.json
Lower and upper bounds are equal
Minimum sum: 26
Continuous lower bound achieved.
The is the sum of cliques
Complement upper bound achieved.
Elapsed time: 0.6713557243347168 seconds.

Working on n=09, k=15, i=09
Loading data from clique_data.json
Lower and upper bounds are equal
Minimum sum: 24
Continuous lower bound achieved.
The is the sum of cliques
Complement upper bound achieved.
Elapsed time: 0.669724702835083 seconds.

Working on n=09, k=15, i=10
Loading data from clique_data.json
Lower and upper bounds are equal
Minimum sum: 22
Continuous lower bound achieved.
The is the sum of cliques
Complement upper bound achieved.
Elapsed time: 0.6803429126739502 seconds.

Working on n=09, k=15, i=11
Loading data from clique_data.json
Lower and upper bounds are equal
Minimum sum: 20
Continuous lower bound achieved.
The is the sum of cliques
Complement upper bound achieved.
Elapsed time: 0.6789867877960205 seconds.

Working on n=09, k=15, i=12
Loading data from clique_data.json
Lower and upper bounds are equal
Minimum sum: 19
Continuous lower bound achieved.
The is the sum of cliques
Complement upper bound achieved.
Elapsed time: 0.6845874786376953 seconds.

Working on n=09, k=15, i=13
Loading data from clique_data.json
Minimum sum: 24
The is the sum of cliques
Complement upper bound achieved.
Elapsed time: 1905.7832779884338 seconds.

Working on n=09, k=15, i=14
Loading data from clique_data.json
Lower and upper bounds are equal
Minimum sum: 16
Continuous lower bound achieved.
The is the sum of cliques
Complement upper bound achieved.
Elapsed time: 0.6710653305053711 seconds.

Working on n=09, k=15, i=15
Loading data from clique_data.json
Lower and upper bounds are equal
Minimum sum: 15
Continuous lower bound achieved.
This is a flower.
The is the sum of cliques
Elapsed time: 0.6706123352050781 seconds.

Working on n=09, k=16, i=00
Loading data from clique_data.json
Lower and upper bounds are equal
Minimum sum: 144
Continuous lower bound achieved.
This is a flower.
The is the sum of cliques
Elapsed time: 0.6965742111206055 seconds.

Working on n=09, k=16, i=01
Loading data from clique_data.json
Lower and upper bounds are equal
Minimum sum: 108
Continuous lower bound achieved.
The is the sum of cliques
Elapsed time: 0.6720612049102783 seconds.

Working on n=09, k=16, i=02
Loading data from clique_data.json
Lower and upper bounds are equal
Minimum sum: 72
Continuous lower bound achieved.
The is the sum of cliques
Elapsed time: 0.6745476722717285 seconds.

Working on n=09, k=16, i=03
Loading data from clique_data.json
Lower and upper bounds are equal
Minimum sum: 60
Continuous lower bound achieved.
The is the sum of cliques
Elapsed time: 0.6750392913818359 seconds.

Working on n=09, k=16, i=04
Loading data from clique_data.json
Lower and upper bounds are equal
Minimum sum: 48
Continuous lower bound achieved.
The is the sum of cliques
Elapsed time: 0.6847412586212158 seconds.

Working on n=09, k=16, i=05
Loading data from clique_data.json
Lower and upper bounds are equal
Minimum sum: 42
Continuous lower bound achieved.
The is the sum of cliques
Elapsed time: 0.6670222282409668 seconds.

Working on n=09, k=16, i=06
Loading data from clique_data.json
Lower and upper bounds are equal
Minimum sum: 36
Continuous lower bound achieved.
The is the sum of cliques
Elapsed time: 0.6841013431549072 seconds.

Working on n=09, k=16, i=07
Loading data from clique_data.json
Lower and upper bounds are equal
Minimum sum: 33
Continuous lower bound achieved.
The is the sum of cliques
Elapsed time: 0.6846952438354492 seconds.

Working on n=09, k=16, i=08
Loading data from clique_data.json
Lower and upper bounds are equal
Minimum sum: 29
Continuous lower bound achieved.
The is the sum of cliques
Complement upper bound achieved.
Elapsed time: 0.6803431510925293 seconds.

Working on n=09, k=16, i=09
Loading data from clique_data.json
Lower and upper bounds are equal
Minimum sum: 27
Continuous lower bound achieved.
The is the sum of cliques
Complement upper bound achieved.
Elapsed time: 0.6881115436553955 seconds.

Working on n=09, k=16, i=10
Loading data from clique_data.json
Lower and upper bounds are equal
Minimum sum: 24
Continuous lower bound achieved.
The is the sum of cliques
Complement upper bound achieved.
Elapsed time: 0.6989929676055908 seconds.

Working on n=09, k=16, i=11
Loading data from clique_data.json
Lower and upper bounds are equal
Minimum sum: 23
Continuous lower bound achieved.
The is the sum of cliques
Complement upper bound achieved.
Elapsed time: 0.690483808517456 seconds.

Working on n=09, k=16, i=12
Loading data from clique_data.json
Lower and upper bounds are equal
Minimum sum: 21
Continuous lower bound achieved.
The is the sum of cliques
Complement upper bound achieved.
Elapsed time: 0.6897387504577637 seconds.

Working on n=09, k=16, i=13
Loading data from clique_data.json
Lower and upper bounds are equal
Minimum sum: 20
Continuous lower bound achieved.
The is the sum of cliques
Complement upper bound achieved.
Elapsed time: 0.6893577575683594 seconds.

Working on n=09, k=16, i=14
Loading data from clique_data.json
Lower and upper bounds are equal
Minimum sum: 18
Continuous lower bound achieved.
The is the sum of cliques
Complement upper bound achieved.
Elapsed time: 0.6801283359527588 seconds.

Working on n=09, k=16, i=15
Loading data from clique_data.json
Lower and upper bounds are equal
Minimum sum: 17
Continuous lower bound achieved.
The is the sum of cliques
Complement upper bound achieved.
Elapsed time: 0.695298433303833 seconds.

Working on n=09, k=16, i=16
Loading data from clique_data.json
Lower and upper bounds are equal
Minimum sum: 16
Continuous lower bound achieved.
This is a flower.
The is the sum of cliques
Elapsed time: 0.6802420616149902 seconds.

Working on n=09, k=17, i=00
Loading data from clique_data.json
Lower and upper bounds are equal
Minimum sum: 153
Continuous lower bound achieved.
This is a flower.
The is the sum of cliques
Elapsed time: 0.6992547512054443 seconds.

Working on n=09, k=17, i=01
Loading data from clique_data.json
Lower and upper bounds are equal
Minimum sum: 117
Continuous lower bound achieved.
The is the sum of cliques
Elapsed time: 0.6890194416046143 seconds.

Working on n=09, k=17, i=02
Loading data from clique_data.json
Lower and upper bounds are equal
Minimum sum: 81
Continuous lower bound achieved.
The is the sum of cliques
Elapsed time: 0.6977908611297607 seconds.

Working on n=09, k=17, i=03
Loading data from clique_data.json
Lower and upper bounds are equal
Minimum sum: 66
Continuous lower bound achieved.
The is the sum of cliques
Elapsed time: 0.6978824138641357 seconds.

Working on n=09, k=17, i=04
Loading data from clique_data.json
Lower and upper bounds are equal
Minimum sum: 54
Continuous lower bound achieved.
The is the sum of cliques
Elapsed time: 0.6897790431976318 seconds.

Working on n=09, k=17, i=05
Loading data from clique_data.json
Lower and upper bounds are equal
Minimum sum: 47
Continuous lower bound achieved.
The is the sum of cliques
Elapsed time: 0.6870195865631104 seconds.

Working on n=09, k=17, i=06
Loading data from clique_data.json
Lower and upper bounds are equal
Minimum sum: 41
Continuous lower bound achieved.
The is the sum of cliques
Elapsed time: 0.693122386932373 seconds.

Working on n=09, k=17, i=07
Loading data from clique_data.json
Lower and upper bounds are equal
Minimum sum: 36
Continuous lower bound achieved.
The is the sum of cliques
Elapsed time: 0.7055056095123291 seconds.

Working on n=09, k=17, i=08
Loading data from clique_data.json
Lower and upper bounds are equal
Minimum sum: 33
Continuous lower bound achieved.
The is the sum of cliques
Complement upper bound achieved.
Elapsed time: 0.6860060691833496 seconds.

Working on n=09, k=17, i=09
Loading data from clique_data.json
Lower and upper bounds are equal
Minimum sum: 30
Continuous lower bound achieved.
The is the sum of cliques
Complement upper bound achieved.
Elapsed time: 0.6889619827270508 seconds.

Working on n=09, k=17, i=10
Loading data from clique_data.json
Lower and upper bounds are equal
Minimum sum: 27
Continuous lower bound achieved.
The is the sum of cliques
Complement upper bound achieved.
Elapsed time: 0.698638916015625 seconds.

Working on n=09, k=17, i=11
Loading data from clique_data.json
Lower and upper bounds are equal
Minimum sum: 25
Continuous lower bound achieved.
The is the sum of cliques
Complement upper bound achieved.
Elapsed time: 0.7425832748413086 seconds.

Working on n=09, k=17, i=12
Loading data from clique_data.json
Lower and upper bounds are equal
Minimum sum: 24
Continuous lower bound achieved.
The is the sum of cliques
Complement upper bound achieved.
Elapsed time: 0.6947493553161621 seconds.

Working on n=09, k=17, i=13
Loading data from clique_data.json
Lower and upper bounds are equal
Minimum sum: 22
Continuous lower bound achieved.
The is the sum of cliques
Complement upper bound achieved.
Elapsed time: 0.7099266052246094 seconds.

Working on n=09, k=17, i=14
Loading data from clique_data.json
Lower and upper bounds are equal
Minimum sum: 21
Continuous lower bound achieved.
The is the sum of cliques
Complement upper bound achieved.
Elapsed time: 0.6854958534240723 seconds.

Working on n=09, k=17, i=15
Loading data from clique_data.json
Lower and upper bounds are equal
Minimum sum: 19
Continuous lower bound achieved.
The is the sum of cliques
Complement upper bound achieved.
Elapsed time: 0.696763277053833 seconds.

Working on n=09, k=17, i=16
Loading data from clique_data.json
Lower and upper bounds are equal
Minimum sum: 18
Continuous lower bound achieved.
The is the sum of cliques
Complement upper bound achieved.
Elapsed time: 0.7084367275238037 seconds.

Working on n=09, k=17, i=17
Loading data from clique_data.json
Lower and upper bounds are equal
Minimum sum: 17
Continuous lower bound achieved.
This is a flower.
The is the sum of cliques
Elapsed time: 0.7268576622009277 seconds.

Working on n=09, k=18, i=00
Loading data from clique_data.json
Lower and upper bounds are equal
Minimum sum: 162
Continuous lower bound achieved.
This is a flower.
The is the sum of cliques
Elapsed time: 0.7180509567260742 seconds.

Working on n=09, k=18, i=01
Loading data from clique_data.json
Lower and upper bounds are equal
Minimum sum: 126
Continuous lower bound achieved.
The is the sum of cliques
Elapsed time: 0.6987686157226562 seconds.

Working on n=09, k=18, i=02
Loading data from clique_data.json
Lower and upper bounds are equal
Minimum sum: 90
Continuous lower bound achieved.
The is the sum of cliques
Elapsed time: 0.7186884880065918 seconds.

Working on n=09, k=18, i=03
Loading data from clique_data.json
Lower and upper bounds are equal
Minimum sum: 72
Continuous lower bound achieved.
The is the sum of cliques
Elapsed time: 0.6982738971710205 seconds.

Working on n=09, k=18, i=04
Loading data from clique_data.json
Lower and upper bounds are equal
Minimum sum: 60
Continuous lower bound achieved.
The is the sum of cliques
Elapsed time: 0.6935217380523682 seconds.

Working on n=09, k=18, i=05
Loading data from clique_data.json
Lower and upper bounds are equal
Minimum sum: 51
Continuous lower bound achieved.
The is the sum of cliques
Elapsed time: 0.7056152820587158 seconds.

Working on n=09, k=18, i=06
Loading data from clique_data.json
Lower and upper bounds are equal
Minimum sum: 45
Continuous lower bound achieved.
The is the sum of cliques
Elapsed time: 0.7074649333953857 seconds.

Working on n=09, k=18, i=07
Loading data from clique_data.json
Lower and upper bounds are equal
Minimum sum: 40
Continuous lower bound achieved.
The is the sum of cliques
Elapsed time: 0.703732967376709 seconds.

Working on n=09, k=18, i=08
Loading data from clique_data.json
Lower and upper bounds are equal
Minimum sum: 36
Continuous lower bound achieved.
The is the sum of cliques
Elapsed time: 0.7145740985870361 seconds.

Working on n=09, k=18, i=09
Loading data from clique_data.json
Lower and upper bounds are equal
Minimum sum: 33
Continuous lower bound achieved.
The is the sum of cliques
Complement upper bound achieved.
Elapsed time: 0.6982567310333252 seconds.

Working on n=09, k=18, i=10
Loading data from clique_data.json
Lower and upper bounds are equal
Minimum sum: 30
Continuous lower bound achieved.
The is the sum of cliques
Complement upper bound achieved.
Elapsed time: 0.7264482975006104 seconds.

Working on n=09, k=18, i=11
Loading data from clique_data.json
Lower and upper bounds are equal
Minimum sum: 28
Continuous lower bound achieved.
The is the sum of cliques
Complement upper bound achieved.
Elapsed time: 0.7414119243621826 seconds.

Working on n=09, k=18, i=12
Loading data from clique_data.json
Lower and upper bounds are equal
Minimum sum: 26
Continuous lower bound achieved.
The is the sum of cliques
Complement upper bound achieved.
Elapsed time: 0.7110104560852051 seconds.

Working on n=09, k=18, i=13
Loading data from clique_data.json
Lower and upper bounds are equal
Minimum sum: 24
Continuous lower bound achieved.
Complement upper bound achieved.
Elapsed time: 0.7207496166229248 seconds.

Working on n=09, k=18, i=14
Loading data from clique_data.json
Lower and upper bounds are equal
Minimum sum: 23
Continuous lower bound achieved.
The is the sum of cliques
Complement upper bound achieved.
Elapsed time: 0.7055556774139404 seconds.

Working on n=09, k=18, i=15
Loading data from clique_data.json
Lower and upper bounds are equal
Minimum sum: 22
Continuous lower bound achieved.
The is the sum of cliques
Complement upper bound achieved.
Elapsed time: 0.7234365940093994 seconds.

Working on n=09, k=18, i=16
Loading data from clique_data.json
Lower and upper bounds are equal
Minimum sum: 20
Continuous lower bound achieved.
The is the sum of cliques
Complement upper bound achieved.
Elapsed time: 0.7038235664367676 seconds.

Working on n=09, k=18, i=17
Loading data from clique_data.json
Lower and upper bounds are equal
Minimum sum: 19
Continuous lower bound achieved.
The is the sum of cliques
Complement upper bound achieved.
Elapsed time: 0.7031304836273193 seconds.

Working on n=09, k=18, i=18
Loading data from clique_data.json
Lower and upper bounds are equal
Minimum sum: 18
Continuous lower bound achieved.
This is a flower.
The is the sum of cliques
Elapsed time: 0.7026166915893555 seconds.

Working on n=09, k=19, i=00
Loading data from clique_data.json
Lower and upper bounds are equal
Minimum sum: 171
Continuous lower bound achieved.
This is a flower.
The is the sum of cliques
Elapsed time: 0.7015697956085205 seconds.

Working on n=09, k=19, i=01
Loading data from clique_data.json
Lower and upper bounds are equal
Minimum sum: 135
Continuous lower bound achieved.
The is the sum of cliques
Elapsed time: 0.6972119808197021 seconds.

Working on n=09, k=19, i=02
Loading data from clique_data.json
Lower and upper bounds are equal
Minimum sum: 99
Continuous lower bound achieved.
The is the sum of cliques
Elapsed time: 0.7190868854522705 seconds.

Working on n=09, k=19, i=03
Loading data from clique_data.json
Lower and upper bounds are equal
Minimum sum: 78
Continuous lower bound achieved.
The is the sum of cliques
Elapsed time: 0.7491741180419922 seconds.

Working on n=09, k=19, i=04
Loading data from clique_data.json
Lower and upper bounds are equal
Minimum sum: 66
Continuous lower bound achieved.
The is the sum of cliques
Elapsed time: 0.7078554630279541 seconds.

Working on n=09, k=19, i=05
Loading data from clique_data.json
Lower and upper bounds are equal
Minimum sum: 56
Continuous lower bound achieved.
The is the sum of cliques
Elapsed time: 0.7117648124694824 seconds.

Working on n=09, k=19, i=06
Loading data from clique_data.json
Lower and upper bounds are equal
Minimum sum: 50
Continuous lower bound achieved.
The is the sum of cliques
Elapsed time: 0.7230274677276611 seconds.

Working on n=09, k=19, i=07
Loading data from clique_data.json
Lower and upper bounds are equal
Minimum sum: 44
Continuous lower bound achieved.
The is the sum of cliques
Elapsed time: 0.7141366004943848 seconds.

Working on n=09, k=19, i=08
Loading data from clique_data.json
Lower and upper bounds are equal
Minimum sum: 40
Continuous lower bound achieved.
The is the sum of cliques
Elapsed time: 0.721710205078125 seconds.

Working on n=09, k=19, i=09
Loading data from clique_data.json
Lower and upper bounds are equal
Minimum sum: 36
Continuous lower bound achieved.
The is the sum of cliques
Complement upper bound achieved.
Elapsed time: 0.7371585369110107 seconds.

Working on n=09, k=19, i=10
Loading data from clique_data.json
Lower and upper bounds are equal
Minimum sum: 33
Continuous lower bound achieved.
The is the sum of cliques
Complement upper bound achieved.
Elapsed time: 0.7620987892150879 seconds.

Working on n=09, k=19, i=11
Loading data from clique_data.json
Lower and upper bounds are equal
Minimum sum: 31
Continuous lower bound achieved.
The is the sum of cliques
Complement upper bound achieved.
Elapsed time: 0.7299001216888428 seconds.

Working on n=09, k=19, i=12
Loading data from clique_data.json
Lower and upper bounds are equal
Minimum sum: 29
Continuous lower bound achieved.
The is the sum of cliques
Complement upper bound achieved.
Elapsed time: 0.7172305583953857 seconds.

Working on n=09, k=19, i=13
Loading data from clique_data.json
Lower and upper bounds are equal
Minimum sum: 27
Continuous lower bound achieved.
The is the sum of cliques
Complement upper bound achieved.
Elapsed time: 0.7157659530639648 seconds.

Working on n=09, k=19, i=14
Loading data from clique_data.json
Lower and upper bounds are equal
Minimum sum: 25
Continuous lower bound achieved.
The is the sum of cliques
Complement upper bound achieved.
Elapsed time: 0.7330982685089111 seconds.

Working on n=09, k=19, i=15
Loading data from clique_data.json
Lower and upper bounds are equal
Minimum sum: 24
Continuous lower bound achieved.
The is the sum of cliques
Complement upper bound achieved.
Elapsed time: 0.7100136280059814 seconds.

Working on n=09, k=19, i=16
Loading data from clique_data.json
Lower and upper bounds are equal
Minimum sum: 23
Continuous lower bound achieved.
The is the sum of cliques
Complement upper bound achieved.
Elapsed time: 0.726266622543335 seconds.

Working on n=09, k=19, i=17
Loading data from clique_data.json
Lower and upper bounds are equal
Minimum sum: 21
Continuous lower bound achieved.
The is the sum of cliques
Complement upper bound achieved.
Elapsed time: 0.7160215377807617 seconds.

Working on n=09, k=19, i=18
Loading data from clique_data.json
Lower and upper bounds are equal
Minimum sum: 20
Continuous lower bound achieved.
The is the sum of cliques
Complement upper bound achieved.
Elapsed time: 0.7276861667633057 seconds.

Working on n=09, k=19, i=19
Loading data from clique_data.json
Lower and upper bounds are equal
Minimum sum: 19
Continuous lower bound achieved.
This is a flower.
The is the sum of cliques
Elapsed time: 0.7256519794464111 seconds.

Working on n=09, k=20, i=00
Loading data from clique_data.json
Lower and upper bounds are equal
Minimum sum: 180
Continuous lower bound achieved.
This is a flower.
The is the sum of cliques
Elapsed time: 0.7161645889282227 seconds.

Working on n=09, k=20, i=01
Loading data from clique_data.json
Lower and upper bounds are equal
Minimum sum: 144
Continuous lower bound achieved.
The is the sum of cliques
Elapsed time: 0.7189850807189941 seconds.

Working on n=09, k=20, i=02
Loading data from clique_data.json
Lower and upper bounds are equal
Minimum sum: 108
Continuous lower bound achieved.
The is the sum of cliques
Elapsed time: 0.7353219985961914 seconds.

Working on n=09, k=20, i=03
Loading data from clique_data.json
Lower and upper bounds are equal
Minimum sum: 84
Continuous lower bound achieved.
The is the sum of cliques
Elapsed time: 0.7413909435272217 seconds.

Working on n=09, k=20, i=04
Loading data from clique_data.json
Lower and upper bounds are equal
Minimum sum: 72
Continuous lower bound achieved.
The is the sum of cliques
Elapsed time: 0.7238993644714355 seconds.

Working on n=09, k=20, i=05
Loading data from clique_data.json
Lower and upper bounds are equal
Minimum sum: 60
Continuous lower bound achieved.
The is the sum of cliques
Elapsed time: 0.7389483451843262 seconds.

Working on n=09, k=20, i=06
Loading data from clique_data.json
Lower and upper bounds are equal
Minimum sum: 54
Continuous lower bound achieved.
The is the sum of cliques
Elapsed time: 0.7317028045654297 seconds.

Working on n=09, k=20, i=07
Loading data from clique_data.json
Lower and upper bounds are equal
Minimum sum: 48
Continuous lower bound achieved.
The is the sum of cliques
Elapsed time: 0.7555513381958008 seconds.

Working on n=09, k=20, i=08
Loading data from clique_data.json
Lower and upper bounds are equal
Minimum sum: 44
Continuous lower bound achieved.
The is the sum of cliques
Elapsed time: 0.7499432563781738 seconds.

Working on n=09, k=20, i=09
Loading data from clique_data.json
Lower and upper bounds are equal
Minimum sum: 40
Continuous lower bound achieved.
The is the sum of cliques
Elapsed time: 0.7291605472564697 seconds.

Working on n=09, k=20, i=10
Loading data from clique_data.json
Lower and upper bounds are equal
Minimum sum: 36
Continuous lower bound achieved.
The is the sum of cliques
Complement upper bound achieved.
Elapsed time: 0.7307252883911133 seconds.

Working on n=09, k=20, i=11
Loading data from clique_data.json
Lower and upper bounds are equal
Minimum sum: 34
Continuous lower bound achieved.
The is the sum of cliques
Complement upper bound achieved.
Elapsed time: 0.7184658050537109 seconds.

Working on n=09, k=20, i=12
Loading data from clique_data.json
Lower and upper bounds are equal
Minimum sum: 32
Continuous lower bound achieved.
The is the sum of cliques
Complement upper bound achieved.
Elapsed time: 0.733161211013794 seconds.

Working on n=09, k=20, i=13
Loading data from clique_data.json
Lower and upper bounds are equal
Minimum sum: 30
Continuous lower bound achieved.
The is the sum of cliques
Complement upper bound achieved.
Elapsed time: 0.7348966598510742 seconds.

Working on n=09, k=20, i=14
Loading data from clique_data.json
Lower and upper bounds are equal
Minimum sum: 28
Continuous lower bound achieved.
The is the sum of cliques
Complement upper bound achieved.
Elapsed time: 0.7234392166137695 seconds.

Working on n=09, k=20, i=15
Loading data from clique_data.json
Lower and upper bounds are equal
Minimum sum: 26
Continuous lower bound achieved.
The is the sum of cliques
Complement upper bound achieved.
Elapsed time: 0.7420921325683594 seconds.

Working on n=09, k=20, i=16
Loading data from clique_data.json
Lower and upper bounds are equal
Minimum sum: 25
Continuous lower bound achieved.
The is the sum of cliques
Complement upper bound achieved.
Elapsed time: 0.7193338871002197 seconds.

Working on n=09, k=20, i=17
Loading data from clique_data.json
Lower and upper bounds are equal
Minimum sum: 24
Continuous lower bound achieved.
The is the sum of cliques
Complement upper bound achieved.
Elapsed time: 0.7251687049865723 seconds.

Working on n=09, k=20, i=18
Loading data from clique_data.json
Lower and upper bounds are equal
Minimum sum: 22
Continuous lower bound achieved.
The is the sum of cliques
Complement upper bound achieved.
Elapsed time: 0.7363049983978271 seconds.

Working on n=09, k=20, i=19
Loading data from clique_data.json
Lower and upper bounds are equal
Minimum sum: 21
Continuous lower bound achieved.
The is the sum of cliques
Complement upper bound achieved.
Elapsed time: 0.7479829788208008 seconds.

Working on n=09, k=20, i=20
Loading data from clique_data.json
Lower and upper bounds are equal
Minimum sum: 20
Continuous lower bound achieved.
This is a flower.
The is the sum of cliques
Elapsed time: 0.7365291118621826 seconds.

Working on n=10, k=01, i=00
Loading data from clique_data.json
Lower and upper bounds are equal
Minimum sum: 10
Continuous lower bound achieved.
This is a flower.
Elapsed time: 1.2990920543670654 seconds.

Working on n=10, k=01, i=01
Loading data from clique_data.json
Lower and upper bounds are equal
Minimum sum: 1
Continuous lower bound achieved.
This is a flower.
Elapsed time: 1.3483707904815674 seconds.

Working on n=10, k=02, i=00
Loading data from clique_data.json
Lower and upper bounds are equal
Minimum sum: 20
Continuous lower bound achieved.
This is a flower.
The is the sum of cliques
Elapsed time: 1.2845122814178467 seconds.

Working on n=10, k=02, i=01
Loading data from clique_data.json
Lower and upper bounds are equal
Minimum sum: 11
This is a flower.
The is the sum of cliques
Elapsed time: 1.3159010410308838 seconds.

Working on n=10, k=02, i=02
Loading data from clique_data.json
Lower and upper bounds are equal
Minimum sum: 2
Continuous lower bound achieved.
This is a flower.
The is the sum of cliques
Elapsed time: 1.3429365158081055 seconds.

Working on n=10, k=03, i=00
Loading data from clique_data.json
Lower and upper bounds are equal
Minimum sum: 30
Continuous lower bound achieved.
This is a flower.
The is the sum of cliques
Elapsed time: 1.3469491004943848 seconds.

Working on n=10, k=03, i=01
Loading data from clique_data.json
Lower and upper bounds are equal
Minimum sum: 21
This is a flower.
The is the sum of cliques
Elapsed time: 1.3557207584381104 seconds.

Working on n=10, k=03, i=02
Loading data from clique_data.json
Lower and upper bounds are equal
Minimum sum: 12
This is a flower.
The is the sum of cliques
Elapsed time: 1.3034946918487549 seconds.

Working on n=10, k=03, i=03
Loading data from clique_data.json
Lower and upper bounds are equal
Minimum sum: 3
Continuous lower bound achieved.
This is a flower.
The is the sum of cliques
Elapsed time: 1.36279296875 seconds.

Working on n=10, k=04, i=00
Loading data from clique_data.json
Lower and upper bounds are equal
Minimum sum: 40
Continuous lower bound achieved.
This is a flower.
The is the sum of cliques
Elapsed time: 1.3410937786102295 seconds.

Working on n=10, k=04, i=01
Loading data from clique_data.json
Lower and upper bounds are equal
Minimum sum: 13
Continuous lower bound achieved.
Vector space upper bound achieved.
Elapsed time: 1.3295419216156006 seconds.

Working on n=10, k=04, i=02
Loading data from clique_data.json
Lower and upper bounds are equal
Minimum sum: 22
This is a flower.
The is the sum of cliques
Elapsed time: 1.3416337966918945 seconds.

Working on n=10, k=04, i=03
Loading data from clique_data.json
Lower and upper bounds are equal
Minimum sum: 13
This is a flower.
The is the sum of cliques
Elapsed time: 1.3189516067504883 seconds.

Working on n=10, k=04, i=04
Loading data from clique_data.json
Lower and upper bounds are equal
Minimum sum: 4
Continuous lower bound achieved.
This is a flower.
The is the sum of cliques
Elapsed time: 1.30812406539917 seconds.

Working on n=10, k=05, i=00
Loading data from clique_data.json
Lower and upper bounds are equal
Minimum sum: 50
Continuous lower bound achieved.
This is a flower.
The is the sum of cliques
Elapsed time: 1.2941865921020508 seconds.

Working on n=10, k=05, i=01
Loading data from clique_data.json
Minimum sum: 19
Continuous lower bound achieved.
Elapsed time: 36.74449062347412 seconds.

Working on n=10, k=05, i=02
Loading data from clique_data.json
Minimum sum: 11
Continuous lower bound achieved.
Elapsed time: 26.1089825630188 seconds.

Working on n=10, k=05, i=03
Loading data from clique_data.json
Lower and upper bounds are equal
Minimum sum: 23
This is a flower.
The is the sum of cliques
Elapsed time: 1.3215525150299072 seconds.

Working on n=10, k=05, i=04
Loading data from clique_data.json
Lower and upper bounds are equal
Minimum sum: 14
This is a flower.
The is the sum of cliques
Elapsed time: 1.3023011684417725 seconds.

Working on n=10, k=05, i=05
Loading data from clique_data.json
Lower and upper bounds are equal
Minimum sum: 5
Continuous lower bound achieved.
This is a flower.
The is the sum of cliques
Elapsed time: 1.2891483306884766 seconds.

Working on n=10, k=06, i=00
Loading data from clique_data.json
Lower and upper bounds are equal
Minimum sum: 60
Continuous lower bound achieved.
This is a flower.
The is the sum of cliques
Elapsed time: 1.4098589420318604 seconds.

Working on n=10, k=06, i=01
Loading data from clique_data.json
Minimum sum: 25
Continuous lower bound achieved.
Elapsed time: 22.369396209716797 seconds.

Working on n=10, k=06, i=02
Loading data from clique_data.json
Minimum sum: 15
Continuous lower bound achieved.
Elapsed time: 31.29308795928955 seconds.

Working on n=10, k=06, i=03
Loading data from clique_data.json
Lower and upper bounds are equal
Minimum sum: 11
Continuous lower bound achieved.
Complement upper bound achieved.
Elapsed time: 1.306422472000122 seconds.

Working on n=10, k=06, i=04
Loading data from clique_data.json
Lower and upper bounds are equal
Minimum sum: 24
This is a flower.
The is the sum of cliques
Elapsed time: 1.2873437404632568 seconds.

Working on n=10, k=06, i=05
Loading data from clique_data.json
Lower and upper bounds are equal
Minimum sum: 15
This is a flower.
The is the sum of cliques
Elapsed time: 1.3477983474731445 seconds.

Working on n=10, k=06, i=06
Loading data from clique_data.json
Lower and upper bounds are equal
Minimum sum: 6
Continuous lower bound achieved.
This is a flower.
The is the sum of cliques
Elapsed time: 1.3100886344909668 seconds.

Working on n=10, k=07, i=00
Loading data from clique_data.json
Lower and upper bounds are equal
Minimum sum: 70
Continuous lower bound achieved.
This is a flower.
The is the sum of cliques
Elapsed time: 1.4173848628997803 seconds.

Working on n=10, k=07, i=01
Loading data from clique_data.json
Minimum sum: 32
Continuous lower bound achieved.
Elapsed time: 17.789463996887207 seconds.

Working on n=10, k=07, i=02
Loading data from clique_data.json
Minimum sum: 20
Continuous lower bound achieved.
Elapsed time: 32.01288890838623 seconds.

Working on n=10, k=07, i=03
Loading data from clique_data.json
Minimum sum: 15
Continuous lower bound achieved.
Elapsed time: 110.03227114677429 seconds.

Working on n=10, k=07, i=04
Loading data from clique_data.json
Lower and upper bounds are equal
Minimum sum: 12
Continuous lower bound achieved.
The is the sum of cliques
Complement upper bound achieved.
Elapsed time: 1.313291072845459 seconds.

Working on n=10, k=07, i=05
Loading data from clique_data.json
Lower and upper bounds are equal
Minimum sum: 25
This is a flower.
The is the sum of cliques
Elapsed time: 1.2960777282714844 seconds.

Working on n=10, k=07, i=06
Loading data from clique_data.json
Lower and upper bounds are equal
Minimum sum: 16
This is a flower.
The is the sum of cliques
Elapsed time: 1.4066286087036133 seconds.

Working on n=10, k=07, i=07
Loading data from clique_data.json
Lower and upper bounds are equal
Minimum sum: 7
Continuous lower bound achieved.
This is a flower.
The is the sum of cliques
Elapsed time: 1.2891905307769775 seconds.

Working on n=10, k=08, i=00
Loading data from clique_data.json
Lower and upper bounds are equal
Minimum sum: 80
Continuous lower bound achieved.
This is a flower.
The is the sum of cliques
Elapsed time: 1.3096435070037842 seconds.

Working on n=10, k=08, i=01
Loading data from clique_data.json
Minimum sum: 39
Continuous lower bound achieved.
Elapsed time: 17.65008282661438 seconds.

Working on n=10, k=08, i=02
Loading data from clique_data.json
Minimum sum: 25
Continuous lower bound achieved.
Elapsed time: 26.517160177230835 seconds.

Working on n=10, k=08, i=03
Loading data from clique_data.json

Working on n=10, k=08, i=04
Loading data from clique_data.json
Lower and upper bounds are equal
Minimum sum: 15
Continuous lower bound achieved.
Complement upper bound achieved.
Elapsed time: 1.3118960857391357 seconds.

Working on n=10, k=08, i=05
Loading data from clique_data.json
Lower and upper bounds are equal
Minimum sum: 13
Continuous lower bound achieved.
The is the sum of cliques
Complement upper bound achieved.
Elapsed time: 1.3314220905303955 seconds.

Working on n=10, k=08, i=06
Loading data from clique_data.json
Lower and upper bounds are equal
Minimum sum: 26
This is a flower.
The is the sum of cliques
Elapsed time: 1.3438310623168945 seconds.

Working on n=10, k=08, i=07
Loading data from clique_data.json
Lower and upper bounds are equal
Minimum sum: 17
This is a flower.
The is the sum of cliques
Elapsed time: 1.3677492141723633 seconds.

Working on n=10, k=08, i=08
Loading data from clique_data.json
Lower and upper bounds are equal
Minimum sum: 8
Continuous lower bound achieved.
This is a flower.
The is the sum of cliques
Elapsed time: 1.3310656547546387 seconds.

Working on n=10, k=09, i=00
Loading data from clique_data.json
Lower and upper bounds are equal
Minimum sum: 90
Continuous lower bound achieved.
This is a flower.
The is the sum of cliques
Elapsed time: 1.3240275382995605 seconds.

Working on n=10, k=09, i=01
Loading data from clique_data.json
Minimum sum: 45
Continuous lower bound achieved.
Elapsed time: 18.87711262702942 seconds.

Working on n=10, k=09, i=02
Loading data from clique_data.json
Minimum sum: 30
Continuous lower bound achieved.
Elapsed time: 14.037871599197388 seconds.

Working on n=10, k=09, i=03
Loading data from clique_data.json
Minimum sum: 23
Continuous lower bound achieved.
Elapsed time: 1244.311625957489 seconds.

Working on n=10, k=09, i=04
Loading data from clique_data.json
Minimum sum: 18
Continuous lower bound achieved.
Elapsed time: 21.56308364868164 seconds.

Working on n=10, k=09, i=05
Loading data from clique_data.json
Lower and upper bounds are equal
Minimum sum: 15
Continuous lower bound achieved.
Complement upper bound achieved.
Elapsed time: 1.3727624416351318 seconds.

Working on n=10, k=09, i=06
Loading data from clique_data.json
Lower and upper bounds are equal
Minimum sum: 13
Continuous lower bound achieved.
Complement upper bound achieved.
Elapsed time: 1.4818336963653564 seconds.

Working on n=10, k=09, i=07
Loading data from clique_data.json
Minimum sum: 27
This is a flower.
The is the sum of cliques
Elapsed time: 16602.80519938469 seconds.

Working on n=10, k=09, i=08
Loading data from clique_data.json
Lower and upper bounds are equal
Minimum sum: 10
Continuous lower bound achieved.
Complement upper bound achieved.
Elapsed time: 1.3071246147155762 seconds.

Working on n=10, k=09, i=09
Loading data from clique_data.json
Lower and upper bounds are equal
Minimum sum: 9
Continuous lower bound achieved.
This is a flower.
The is the sum of cliques
Elapsed time: 1.324538230895996 seconds.

Working on n=10, k=10, i=00
Loading data from clique_data.json
Lower and upper bounds are equal
Minimum sum: 100
Continuous lower bound achieved.
This is a flower.
The is the sum of cliques
Elapsed time: 1.3640520572662354 seconds.

Working on n=10, k=10, i=01
Loading data from clique_data.json
Lower and upper bounds are equal
Minimum sum: 55
Continuous lower bound achieved.
The is the sum of cliques
Elapsed time: 1.292140007019043 seconds.

Working on n=10, k=10, i=02
Loading data from clique_data.json
Minimum sum: 37
Continuous lower bound achieved.
Elapsed time: 42.99575757980347 seconds.

Working on n=10, k=10, i=03
Loading data from clique_data.json
Lower and upper bounds are equal
Minimum sum: 28
Continuous lower bound achieved.
The is the sum of cliques
Elapsed time: 1.3094768524169922 seconds.

Working on n=10, k=10, i=04
Loading data from clique_data.json
Lower and upper bounds are equal
Minimum sum: 22
Continuous lower bound achieved.
The is the sum of cliques
Elapsed time: 1.3337252140045166 seconds.

Working on n=10, k=10, i=05
Loading data from clique_data.json
Lower and upper bounds are equal
Minimum sum: 19
Continuous lower bound achieved.
The is the sum of cliques
Complement upper bound achieved.
Elapsed time: 1.3077912330627441 seconds.

Working on n=10, k=10, i=06
Loading data from clique_data.json
Lower and upper bounds are equal
Minimum sum: 16
Continuous lower bound achieved.
The is the sum of cliques
Complement upper bound achieved.
Elapsed time: 1.3196415901184082 seconds.

Working on n=10, k=10, i=07
Loading data from clique_data.json
Lower and upper bounds are equal
Minimum sum: 14
Continuous lower bound achieved.
The is the sum of cliques
Complement upper bound achieved.
Elapsed time: 1.3352184295654297 seconds.

Working on n=10, k=10, i=08
Loading data from clique_data.json
Minimum sum: 20
The is the sum of cliques
Elapsed time: 12255.655081987381 seconds.

Working on n=10, k=10, i=09
Loading data from clique_data.json
Lower and upper bounds are equal
Minimum sum: 11
Continuous lower bound achieved.
The is the sum of cliques
Complement upper bound achieved.
Elapsed time: 1.4581592082977295 seconds.

Working on n=10, k=10, i=10
Loading data from clique_data.json
Lower and upper bounds are equal
Minimum sum: 10
Continuous lower bound achieved.
This is a flower.
The is the sum of cliques
Elapsed time: 1.332571268081665 seconds.

Working on n=10, k=11, i=00
Loading data from clique_data.json
Lower and upper bounds are equal
Minimum sum: 110
Continuous lower bound achieved.
This is a flower.
The is the sum of cliques
Elapsed time: 1.3027448654174805 seconds.

Working on n=10, k=11, i=01
Loading data from clique_data.json
Lower and upper bounds are equal
Minimum sum: 65
Continuous lower bound achieved.
The is the sum of cliques
Elapsed time: 1.3067734241485596 seconds.

Working on n=10, k=11, i=02
Loading data from clique_data.json
Lower and upper bounds are equal
Minimum sum: 44
Continuous lower bound achieved.
The is the sum of cliques
Elapsed time: 1.326134443283081 seconds.

Working on n=10, k=11, i=03
Loading data from clique_data.json
Lower and upper bounds are equal
Minimum sum: 33
Continuous lower bound achieved.
The is the sum of cliques
Elapsed time: 1.3466548919677734 seconds.

Working on n=10, k=11, i=04
Loading data from clique_data.json
Lower and upper bounds are equal
Minimum sum: 26
Continuous lower bound achieved.
The is the sum of cliques
Elapsed time: 1.4436461925506592 seconds.

Working on n=10, k=11, i=05
Loading data from clique_data.json
Lower and upper bounds are equal
Minimum sum: 22
Continuous lower bound achieved.
The is the sum of cliques
Elapsed time: 1.3240416049957275 seconds.

Working on n=10, k=11, i=06
Loading data from clique_data.json
Minimum sum: 19
Continuous lower bound achieved.
Elapsed time: 3174.6029150485992 seconds.

Working on n=10, k=11, i=07
Loading data from clique_data.json
Lower and upper bounds are equal
Minimum sum: 17
Continuous lower bound achieved.
The is the sum of cliques
Complement upper bound achieved.
Elapsed time: 1.4125986099243164 seconds.

Working on n=10, k=11, i=08
Loading data from clique_data.json
Lower and upper bounds are equal
Minimum sum: 15
Continuous lower bound achieved.
The is the sum of cliques
Complement upper bound achieved.
Elapsed time: 1.3682770729064941 seconds.

Working on n=10, k=11, i=09
Loading data from clique_data.json
Minimum sum: 21
The is the sum of cliques
Complement upper bound achieved.
Elapsed time: 12900.313697338104 seconds.

Working on n=10, k=11, i=10
Loading data from clique_data.json
Lower and upper bounds are equal
Minimum sum: 12
Continuous lower bound achieved.
The is the sum of cliques
Complement upper bound achieved.
Elapsed time: 1.3036692142486572 seconds.

Working on n=10, k=11, i=11
Loading data from clique_data.json
Lower and upper bounds are equal
Minimum sum: 11
Continuous lower bound achieved.
This is a flower.
The is the sum of cliques
Elapsed time: 1.3196296691894531 seconds.

Working on n=10, k=12, i=00
Loading data from clique_data.json
Lower and upper bounds are equal
Minimum sum: 120
Continuous lower bound achieved.
This is a flower.
The is the sum of cliques
Elapsed time: 1.410019874572754 seconds.

Working on n=10, k=12, i=01
Loading data from clique_data.json
Lower and upper bounds are equal
Minimum sum: 75
Continuous lower bound achieved.
The is the sum of cliques
Elapsed time: 1.3676371574401855 seconds.

Working on n=10, k=12, i=02
Loading data from clique_data.json
Lower and upper bounds are equal
Minimum sum: 50
Continuous lower bound achieved.
The is the sum of cliques
Elapsed time: 1.7028508186340332 seconds.

Working on n=10, k=12, i=03
Loading data from clique_data.json
Lower and upper bounds are equal
Minimum sum: 38
Continuous lower bound achieved.
The is the sum of cliques
Elapsed time: 1.3645076751708984 seconds.

Working on n=10, k=12, i=04
Loading data from clique_data.json
Lower and upper bounds are equal
Minimum sum: 30
Continuous lower bound achieved.
The is the sum of cliques
Elapsed time: 1.3641276359558105 seconds.

Working on n=10, k=12, i=05
Loading data from clique_data.json
Lower and upper bounds are equal
Minimum sum: 26
Continuous lower bound achieved.
The is the sum of cliques
Elapsed time: 1.375549554824829 seconds.

Working on n=10, k=12, i=06
Loading data from clique_data.json
Lower and upper bounds are equal
Minimum sum: 22
Continuous lower bound achieved.
The is the sum of cliques
Complement upper bound achieved.
Elapsed time: 1.3726222515106201 seconds.

Working on n=10, k=12, i=07
Loading data from clique_data.json
Lower and upper bounds are equal
Minimum sum: 20
Continuous lower bound achieved.
The is the sum of cliques
Elapsed time: 1.3586363792419434 seconds.

Working on n=10, k=12, i=08
Loading data from clique_data.json
Lower and upper bounds are equal
Minimum sum: 18
Continuous lower bound achieved.
The is the sum of cliques
Complement upper bound achieved.
Elapsed time: 1.3451530933380127 seconds.

Working on n=10, k=12, i=09
Loading data from clique_data.json
Lower and upper bounds are equal
Minimum sum: 16
Continuous lower bound achieved.
The is the sum of cliques
Complement upper bound achieved.
Elapsed time: 1.351905345916748 seconds.

Working on n=10, k=12, i=10
Loading data from clique_data.json
Minimum sum: 22
The is the sum of cliques
Complement upper bound achieved.
Elapsed time: 11360.764907360077 seconds.

Working on n=10, k=12, i=11
Loading data from clique_data.json
Lower and upper bounds are equal
Minimum sum: 13
Continuous lower bound achieved.
The is the sum of cliques
Complement upper bound achieved.
Elapsed time: 1.36515474319458 seconds.

Working on n=10, k=12, i=12
Loading data from clique_data.json
Lower and upper bounds are equal
Minimum sum: 12
Continuous lower bound achieved.
This is a flower.
The is the sum of cliques
Elapsed time: 1.4234321117401123 seconds.

Working on n=10, k=13, i=00
Loading data from clique_data.json
Lower and upper bounds are equal
Minimum sum: 130
Continuous lower bound achieved.
This is a flower.
The is the sum of cliques
Elapsed time: 1.3674681186676025 seconds.

Working on n=10, k=13, i=01
Loading data from clique_data.json
Lower and upper bounds are equal
Minimum sum: 85
Continuous lower bound achieved.
The is the sum of cliques
Elapsed time: 1.4072470664978027 seconds.

Working on n=10, k=13, i=02
Loading data from clique_data.json
Lower and upper bounds are equal
Minimum sum: 57
Continuous lower bound achieved.
The is the sum of cliques
Elapsed time: 1.379542350769043 seconds.

Working on n=10, k=13, i=03
Loading data from clique_data.json
Lower and upper bounds are equal
Minimum sum: 43
Continuous lower bound achieved.
The is the sum of cliques
Elapsed time: 1.3295307159423828 seconds.

Working on n=10, k=13, i=04
Loading data from clique_data.json
Lower and upper bounds are equal
Minimum sum: 35
Continuous lower bound achieved.
The is the sum of cliques
Elapsed time: 1.356445550918579 seconds.

Working on n=10, k=13, i=05
Loading data from clique_data.json
Lower and upper bounds are equal
Minimum sum: 30
Continuous lower bound achieved.
The is the sum of cliques
Elapsed time: 1.3236193656921387 seconds.

Working on n=10, k=13, i=06
Loading data from clique_data.json
Lower and upper bounds are equal
Minimum sum: 26
Continuous lower bound achieved.
The is the sum of cliques
Elapsed time: 1.401108980178833 seconds.

Working on n=10, k=13, i=07
Loading data from clique_data.json
Lower and upper bounds are equal
Minimum sum: 23
Continuous lower bound achieved.
The is the sum of cliques
Complement upper bound achieved.
Elapsed time: 1.3782844543457031 seconds.

Working on n=10, k=13, i=08
Loading data from clique_data.json
Lower and upper bounds are equal
Minimum sum: 20
Continuous lower bound achieved.
Complement upper bound achieved.
Elapsed time: 1.3570151329040527 seconds.

Working on n=10, k=13, i=09
Loading data from clique_data.json
Lower and upper bounds are equal
Minimum sum: 19
Continuous lower bound achieved.
The is the sum of cliques
Complement upper bound achieved.
Elapsed time: 1.4209096431732178 seconds.

Working on n=10, k=13, i=10
Loading data from clique_data.json
Lower and upper bounds are equal
Minimum sum: 17
Continuous lower bound achieved.
The is the sum of cliques
Complement upper bound achieved.
Elapsed time: 1.336333990097046 seconds.

Working on n=10, k=13, i=11
Loading data from clique_data.json
Minimum sum: 23
The is the sum of cliques
Complement upper bound achieved.
Elapsed time: 13915.045164346695 seconds.

Working on n=10, k=13, i=12
Loading data from clique_data.json
Lower and upper bounds are equal
Minimum sum: 14
Continuous lower bound achieved.
The is the sum of cliques
Complement upper bound achieved.
Elapsed time: 1.3163421154022217 seconds.

Working on n=10, k=13, i=13
Loading data from clique_data.json
Lower and upper bounds are equal
Minimum sum: 13
Continuous lower bound achieved.
This is a flower.
The is the sum of cliques
Elapsed time: 1.3541812896728516 seconds.

Working on n=10, k=14, i=00
Loading data from clique_data.json
Lower and upper bounds are equal
Minimum sum: 140
Continuous lower bound achieved.
This is a flower.
The is the sum of cliques
Elapsed time: 1.4044954776763916 seconds.

Working on n=10, k=14, i=01
Loading data from clique_data.json
Lower and upper bounds are equal
Minimum sum: 95
Continuous lower bound achieved.
The is the sum of cliques
Elapsed time: 1.3509209156036377 seconds.

Working on n=10, k=14, i=02
Loading data from clique_data.json
Lower and upper bounds are equal
Minimum sum: 64
Continuous lower bound achieved.
The is the sum of cliques
Elapsed time: 1.402209758758545 seconds.

Working on n=10, k=14, i=03
Loading data from clique_data.json
Lower and upper bounds are equal
Minimum sum: 49
Continuous lower bound achieved.
The is the sum of cliques
Elapsed time: 1.3260157108306885 seconds.

Working on n=10, k=14, i=04
Loading data from clique_data.json
Lower and upper bounds are equal
Minimum sum: 40
Continuous lower bound achieved.
The is the sum of cliques
Elapsed time: 1.391404151916504 seconds.

Working on n=10, k=14, i=05
Loading data from clique_data.json
Lower and upper bounds are equal
Minimum sum: 34
Continuous lower bound achieved.
The is the sum of cliques
Elapsed time: 1.474285364151001 seconds.

Working on n=10, k=14, i=06
Loading data from clique_data.json
Lower and upper bounds are equal
Minimum sum: 29
Continuous lower bound achieved.
The is the sum of cliques
Elapsed time: 1.3787562847137451 seconds.

Working on n=10, k=14, i=07
Loading data from clique_data.json
Lower and upper bounds are equal
Minimum sum: 26
Continuous lower bound achieved.
The is the sum of cliques
Complement upper bound achieved.
Elapsed time: 1.417473316192627 seconds.

Working on n=10, k=14, i=08
Loading data from clique_data.json
Lower and upper bounds are equal
Minimum sum: 23
Continuous lower bound achieved.
Complement upper bound achieved.
Elapsed time: 1.318819284439087 seconds.

Working on n=10, k=14, i=09
Loading data from clique_data.json
Lower and upper bounds are equal
Minimum sum: 21
Continuous lower bound achieved.
The is the sum of cliques
Complement upper bound achieved.
Elapsed time: 1.362553596496582 seconds.

Working on n=10, k=14, i=10
Loading data from clique_data.json
Lower and upper bounds are equal
Minimum sum: 19
Continuous lower bound achieved.
Complement upper bound achieved.
Elapsed time: 1.3291823863983154 seconds.

Working on n=10, k=14, i=11
Loading data from clique_data.json
Lower and upper bounds are equal
Minimum sum: 18
Continuous lower bound achieved.
The is the sum of cliques
Complement upper bound achieved.
Elapsed time: 1.3202102184295654 seconds.

Working on n=10, k=14, i=12
Loading data from clique_data.json
Minimum sum: 24
The is the sum of cliques
Complement upper bound achieved.
Elapsed time: 14575.188855409622 seconds.

Working on n=10, k=14, i=13
Loading data from clique_data.json
Lower and upper bounds are equal
Minimum sum: 15
Continuous lower bound achieved.
The is the sum of cliques
Complement upper bound achieved.
Elapsed time: 1.3172972202301025 seconds.

Working on n=10, k=14, i=14
Loading data from clique_data.json
Lower and upper bounds are equal
Minimum sum: 14
Continuous lower bound achieved.
This is a flower.
The is the sum of cliques
Elapsed time: 1.359546422958374 seconds.

Working on n=10, k=15, i=00
Loading data from clique_data.json
Lower and upper bounds are equal
Minimum sum: 150
Continuous lower bound achieved.
This is a flower.
The is the sum of cliques
Elapsed time: 1.3521485328674316 seconds.

Working on n=10, k=15, i=01
Loading data from clique_data.json
Lower and upper bounds are equal
Minimum sum: 105
Continuous lower bound achieved.
The is the sum of cliques
Elapsed time: 1.3419489860534668 seconds.

Working on n=10, k=15, i=02
Loading data from clique_data.json
Lower and upper bounds are equal
Minimum sum: 70
Continuous lower bound achieved.
The is the sum of cliques
Elapsed time: 1.348353385925293 seconds.

Working on n=10, k=15, i=03
Loading data from clique_data.json
Lower and upper bounds are equal
Minimum sum: 55
Continuous lower bound achieved.
The is the sum of cliques
Elapsed time: 1.363579273223877 seconds.

Working on n=10, k=15, i=04
Loading data from clique_data.json
Lower and upper bounds are equal
Minimum sum: 45
Continuous lower bound achieved.
The is the sum of cliques
Elapsed time: 1.312969446182251 seconds.

Working on n=10, k=15, i=05
Loading data from clique_data.json
Lower and upper bounds are equal
Minimum sum: 38
Continuous lower bound achieved.
The is the sum of cliques
Elapsed time: 1.3301467895507812 seconds.

Working on n=10, k=15, i=06
Loading data from clique_data.json
Lower and upper bounds are equal
Minimum sum: 33
Continuous lower bound achieved.
The is the sum of cliques
Elapsed time: 1.3655726909637451 seconds.

Working on n=10, k=15, i=07
Loading data from clique_data.json
Lower and upper bounds are equal
Minimum sum: 29
Continuous lower bound achieved.
The is the sum of cliques
Complement upper bound achieved.
Elapsed time: 1.3342478275299072 seconds.

Working on n=10, k=15, i=08
Loading data from clique_data.json
Lower and upper bounds are equal
Minimum sum: 26
Continuous lower bound achieved.
The is the sum of cliques
Complement upper bound achieved.
Elapsed time: 1.3561537265777588 seconds.

Working on n=10, k=15, i=09
Loading data from clique_data.json
Lower and upper bounds are equal
Minimum sum: 24
Continuous lower bound achieved.
The is the sum of cliques
Complement upper bound achieved.
Elapsed time: 1.3348143100738525 seconds.

Working on n=10, k=15, i=10
Loading data from clique_data.json
Lower and upper bounds are equal
Minimum sum: 22
Continuous lower bound achieved.
The is the sum of cliques
Complement upper bound achieved.
Elapsed time: 1.4040720462799072 seconds.

Working on n=10, k=15, i=11
Loading data from clique_data.json
Lower and upper bounds are equal
Minimum sum: 20
Continuous lower bound achieved.
The is the sum of cliques
Complement upper bound achieved.
Elapsed time: 1.4302749633789062 seconds.

Working on n=10, k=15, i=12
Loading data from clique_data.json
Lower and upper bounds are equal
Minimum sum: 19
Continuous lower bound achieved.
The is the sum of cliques
Complement upper bound achieved.
Elapsed time: 1.358809471130371 seconds.

Working on n=10, k=15, i=13
Loading data from clique_data.json
Minimum sum: 25
The is the sum of cliques
Complement upper bound achieved.
Elapsed time: 10762.268614292145 seconds.

Working on n=10, k=15, i=14
Loading data from clique_data.json
Lower and upper bounds are equal
Minimum sum: 16
Continuous lower bound achieved.
The is the sum of cliques
Complement upper bound achieved.
Elapsed time: 1.3260855674743652 seconds.

Working on n=10, k=15, i=15
Loading data from clique_data.json
Lower and upper bounds are equal
Minimum sum: 15
Continuous lower bound achieved.
This is a flower.
The is the sum of cliques
Elapsed time: 1.3940098285675049 seconds.

Working on n=10, k=16, i=00
Loading data from clique_data.json
Lower and upper bounds are equal
Minimum sum: 160
Continuous lower bound achieved.
This is a flower.
The is the sum of cliques
Elapsed time: 1.367056131362915 seconds.

Working on n=10, k=16, i=01
Loading data from clique_data.json
Lower and upper bounds are equal
Minimum sum: 115
Continuous lower bound achieved.
The is the sum of cliques
Elapsed time: 1.6179656982421875 seconds.

Working on n=10, k=16, i=02
Loading data from clique_data.json
Lower and upper bounds are equal
Minimum sum: 77
Continuous lower bound achieved.
The is the sum of cliques
Elapsed time: 1.3773307800292969 seconds.

Working on n=10, k=16, i=03
Loading data from clique_data.json
Lower and upper bounds are equal
Minimum sum: 62
Continuous lower bound achieved.
The is the sum of cliques
Elapsed time: 1.3866217136383057 seconds.

Working on n=10, k=16, i=04
Loading data from clique_data.json
Lower and upper bounds are equal
Minimum sum: 50
Continuous lower bound achieved.
The is the sum of cliques
Elapsed time: 1.3959836959838867 seconds.

Working on n=10, k=16, i=05
Loading data from clique_data.json
Lower and upper bounds are equal
Minimum sum: 43
Continuous lower bound achieved.
The is the sum of cliques
Elapsed time: 1.3402378559112549 seconds.

Working on n=10, k=16, i=06
Loading data from clique_data.json
Lower and upper bounds are equal
Minimum sum: 37
Continuous lower bound achieved.
The is the sum of cliques
Elapsed time: 1.396263837814331 seconds.

Working on n=10, k=16, i=07
Loading data from clique_data.json
Lower and upper bounds are equal
Minimum sum: 33
Continuous lower bound achieved.
The is the sum of cliques
Elapsed time: 1.3644394874572754 seconds.

Working on n=10, k=16, i=08
Loading data from clique_data.json
Lower and upper bounds are equal
Minimum sum: 30
Continuous lower bound achieved.
The is the sum of cliques
Complement upper bound achieved.
Elapsed time: 1.3326170444488525 seconds.

Working on n=10, k=16, i=09
Loading data from clique_data.json
Lower and upper bounds are equal
Minimum sum: 27
Continuous lower bound achieved.
The is the sum of cliques
Complement upper bound achieved.
Elapsed time: 1.3516194820404053 seconds.

Working on n=10, k=16, i=10
Loading data from clique_data.json
Lower and upper bounds are equal
Minimum sum: 25
Continuous lower bound achieved.
The is the sum of cliques
Complement upper bound achieved.
Elapsed time: 1.3326504230499268 seconds.

Working on n=10, k=16, i=11
Loading data from clique_data.json
Lower and upper bounds are equal
Minimum sum: 23
Continuous lower bound achieved.
The is the sum of cliques
Complement upper bound achieved.
Elapsed time: 1.450796365737915 seconds.

Working on n=10, k=16, i=12
Loading data from clique_data.json
Lower and upper bounds are equal
Minimum sum: 21
Continuous lower bound achieved.
The is the sum of cliques
Complement upper bound achieved.
Elapsed time: 1.402313232421875 seconds.

Working on n=10, k=16, i=13
Loading data from clique_data.json
Lower and upper bounds are equal
Minimum sum: 20
Continuous lower bound achieved.
The is the sum of cliques
Complement upper bound achieved.
Elapsed time: 1.3258318901062012 seconds.

Working on n=10, k=16, i=14
Loading data from clique_data.json
Minimum sum: 26
The is the sum of cliques
Complement upper bound achieved.
Elapsed time: 16794.238047361374 seconds.

Working on n=10, k=16, i=15
Loading data from clique_data.json
Lower and upper bounds are equal
Minimum sum: 17
Continuous lower bound achieved.
The is the sum of cliques
Complement upper bound achieved.
Elapsed time: 1.3368465900421143 seconds.

Working on n=10, k=16, i=16
Loading data from clique_data.json
Lower and upper bounds are equal
Minimum sum: 16
Continuous lower bound achieved.
This is a flower.
The is the sum of cliques
Elapsed time: 1.3867619037628174 seconds.

Working on n=10, k=17, i=00
Loading data from clique_data.json
Lower and upper bounds are equal
Minimum sum: 170
Continuous lower bound achieved.
This is a flower.
The is the sum of cliques
Elapsed time: 1.3949196338653564 seconds.

Working on n=10, k=17, i=01
Loading data from clique_data.json
Lower and upper bounds are equal
Minimum sum: 125
Continuous lower bound achieved.
The is the sum of cliques
Elapsed time: 1.3474044799804688 seconds.

Working on n=10, k=17, i=02
Loading data from clique_data.json
Lower and upper bounds are equal
Minimum sum: 84
Continuous lower bound achieved.
The is the sum of cliques
Elapsed time: 1.3800857067108154 seconds.

Working on n=10, k=17, i=03
Loading data from clique_data.json
Lower and upper bounds are equal
Minimum sum: 69
Continuous lower bound achieved.
The is the sum of cliques
Elapsed time: 1.453212022781372 seconds.

Working on n=10, k=17, i=04
Loading data from clique_data.json
Lower and upper bounds are equal
Minimum sum: 55
Continuous lower bound achieved.
The is the sum of cliques
Elapsed time: 1.4265387058258057 seconds.

Working on n=10, k=17, i=05
Loading data from clique_data.json
Lower and upper bounds are equal
Minimum sum: 48
Continuous lower bound achieved.
The is the sum of cliques
Elapsed time: 1.4036104679107666 seconds.

Working on n=10, k=17, i=06
Loading data from clique_data.json
Lower and upper bounds are equal
Minimum sum: 41
Continuous lower bound achieved.
The is the sum of cliques
Elapsed time: 1.379162073135376 seconds.

Working on n=10, k=17, i=07
Loading data from clique_data.json
Lower and upper bounds are equal
Minimum sum: 37
Continuous lower bound achieved.
The is the sum of cliques
Elapsed time: 1.4346637725830078 seconds.

Working on n=10, k=17, i=08
Loading data from clique_data.json
Lower and upper bounds are equal
Minimum sum: 33
Continuous lower bound achieved.
The is the sum of cliques
Complement upper bound achieved.
Elapsed time: 1.3494393825531006 seconds.

Working on n=10, k=17, i=09
Loading data from clique_data.json
Lower and upper bounds are equal
Minimum sum: 30
Continuous lower bound achieved.
The is the sum of cliques
Complement upper bound achieved.
Elapsed time: 1.3940818309783936 seconds.

Working on n=10, k=17, i=10
Loading data from clique_data.json
Lower and upper bounds are equal
Minimum sum: 28
Continuous lower bound achieved.
The is the sum of cliques
Complement upper bound achieved.
Elapsed time: 1.3589437007904053 seconds.

Working on n=10, k=17, i=11
Loading data from clique_data.json
Lower and upper bounds are equal
Minimum sum: 25
Continuous lower bound achieved.
Complement upper bound achieved.
Elapsed time: 1.396101713180542 seconds.

Working on n=10, k=17, i=12
Loading data from clique_data.json
Lower and upper bounds are equal
Minimum sum: 24
Continuous lower bound achieved.
The is the sum of cliques
Complement upper bound achieved.
Elapsed time: 1.3690483570098877 seconds.

Working on n=10, k=17, i=13
Loading data from clique_data.json
Lower and upper bounds are equal
Minimum sum: 22
Continuous lower bound achieved.
The is the sum of cliques
Complement upper bound achieved.
Elapsed time: 1.3934242725372314 seconds.

Working on n=10, k=17, i=14
Loading data from clique_data.json
Lower and upper bounds are equal
Minimum sum: 21
Continuous lower bound achieved.
The is the sum of cliques
Complement upper bound achieved.
Elapsed time: 1.4798555374145508 seconds.

Working on n=10, k=17, i=15
Loading data from clique_data.json
Minimum sum: 27
The is the sum of cliques
Complement upper bound achieved.
Elapsed time: 12545.313182115555 seconds.

Working on n=10, k=17, i=16
Loading data from clique_data.json
Lower and upper bounds are equal
Minimum sum: 18
Continuous lower bound achieved.
The is the sum of cliques
Complement upper bound achieved.
Elapsed time: 1.4170050621032715 seconds.

Working on n=10, k=17, i=17
Loading data from clique_data.json
Lower and upper bounds are equal
Minimum sum: 17
Continuous lower bound achieved.
This is a flower.
The is the sum of cliques
Elapsed time: 1.3816721439361572 seconds.

Working on n=10, k=18, i=00
Loading data from clique_data.json
Lower and upper bounds are equal
Minimum sum: 180
Continuous lower bound achieved.
This is a flower.
The is the sum of cliques
Elapsed time: 1.4671058654785156 seconds.

Working on n=10, k=18, i=01
Loading data from clique_data.json
Lower and upper bounds are equal
Minimum sum: 135
Continuous lower bound achieved.
The is the sum of cliques
Elapsed time: 1.3647496700286865 seconds.

Working on n=10, k=18, i=02
Loading data from clique_data.json
Lower and upper bounds are equal
Minimum sum: 90
Continuous lower bound achieved.
The is the sum of cliques
Elapsed time: 1.3801953792572021 seconds.

Working on n=10, k=18, i=03
Loading data from clique_data.json
Lower and upper bounds are equal
Minimum sum: 75
Continuous lower bound achieved.
The is the sum of cliques
Elapsed time: 1.379490613937378 seconds.

Working on n=10, k=18, i=04
Loading data from clique_data.json
Lower and upper bounds are equal
Minimum sum: 60
Continuous lower bound achieved.
The is the sum of cliques
Elapsed time: 1.3914577960968018 seconds.

Working on n=10, k=18, i=05
Loading data from clique_data.json
Lower and upper bounds are equal
Minimum sum: 53
Continuous lower bound achieved.
The is the sum of cliques
Elapsed time: 1.4063422679901123 seconds.

Working on n=10, k=18, i=06
Loading data from clique_data.json
Lower and upper bounds are equal
Minimum sum: 45
Continuous lower bound achieved.
The is the sum of cliques
Elapsed time: 1.3660027980804443 seconds.

Working on n=10, k=18, i=07
Loading data from clique_data.json
Lower and upper bounds are equal
Minimum sum: 41
Continuous lower bound achieved.
The is the sum of cliques
Elapsed time: 1.3951468467712402 seconds.

Working on n=10, k=18, i=08
Loading data from clique_data.json
Lower and upper bounds are equal
Minimum sum: 36
Continuous lower bound achieved.
The is the sum of cliques
Elapsed time: 1.3771538734436035 seconds.

Working on n=10, k=18, i=09
Loading data from clique_data.json
Lower and upper bounds are equal
Minimum sum: 33
Continuous lower bound achieved.
The is the sum of cliques
Complement upper bound achieved.
Elapsed time: 1.373624324798584 seconds.

Working on n=10, k=18, i=10
Loading data from clique_data.json
Lower and upper bounds are equal
Minimum sum: 30
Continuous lower bound achieved.
The is the sum of cliques
Complement upper bound achieved.
Elapsed time: 1.3818433284759521 seconds.

Working on n=10, k=18, i=11
Loading data from clique_data.json
Lower and upper bounds are equal
Minimum sum: 28
Continuous lower bound achieved.
The is the sum of cliques
Complement upper bound achieved.
Elapsed time: 1.4337728023529053 seconds.

Working on n=10, k=18, i=12
Loading data from clique_data.json
Lower and upper bounds are equal
Minimum sum: 26
Continuous lower bound achieved.
The is the sum of cliques
Complement upper bound achieved.
Elapsed time: 1.4533588886260986 seconds.

Working on n=10, k=18, i=13
Loading data from clique_data.json
Lower and upper bounds are equal
Minimum sum: 25
Continuous lower bound achieved.
The is the sum of cliques
Complement upper bound achieved.
Elapsed time: 1.4034302234649658 seconds.

Working on n=10, k=18, i=14
Loading data from clique_data.json
Lower and upper bounds are equal
Minimum sum: 23
Continuous lower bound achieved.
The is the sum of cliques
Complement upper bound achieved.
Elapsed time: 1.3952653408050537 seconds.

Working on n=10, k=18, i=15
Loading data from clique_data.json
Lower and upper bounds are equal
Minimum sum: 22
Continuous lower bound achieved.
The is the sum of cliques
Complement upper bound achieved.
Elapsed time: 1.4276118278503418 seconds.

Working on n=10, k=18, i=16
Loading data from clique_data.json
Lower and upper bounds are equal
Minimum sum: 20
Continuous lower bound achieved.
The is the sum of cliques
Complement upper bound achieved.
Elapsed time: 1.3734521865844727 seconds.

Working on n=10, k=18, i=17
Loading data from clique_data.json
Lower and upper bounds are equal
Minimum sum: 19
Continuous lower bound achieved.
The is the sum of cliques
Complement upper bound achieved.
Elapsed time: 1.4304146766662598 seconds.

Working on n=10, k=18, i=18
Loading data from clique_data.json
Lower and upper bounds are equal
Minimum sum: 18
Continuous lower bound achieved.
This is a flower.
The is the sum of cliques
Elapsed time: 1.3600094318389893 seconds.

Working on n=10, k=19, i=00
Loading data from clique_data.json
Lower and upper bounds are equal
Minimum sum: 190
Continuous lower bound achieved.
This is a flower.
The is the sum of cliques
Elapsed time: 1.400810956954956 seconds.

Working on n=10, k=19, i=01
Loading data from clique_data.json
Lower and upper bounds are equal
Minimum sum: 145
Continuous lower bound achieved.
The is the sum of cliques
Elapsed time: 1.3768939971923828 seconds.

Working on n=10, k=19, i=02
Loading data from clique_data.json
Lower and upper bounds are equal
Minimum sum: 100
Continuous lower bound achieved.
The is the sum of cliques
Elapsed time: 1.3858613967895508 seconds.

Working on n=10, k=19, i=03
Loading data from clique_data.json
Lower and upper bounds are equal
Minimum sum: 82
Continuous lower bound achieved.
The is the sum of cliques
Elapsed time: 1.3908436298370361 seconds.

Working on n=10, k=19, i=04
Loading data from clique_data.json
Lower and upper bounds are equal
Minimum sum: 67
Continuous lower bound achieved.
The is the sum of cliques
Elapsed time: 1.4156618118286133 seconds.

Working on n=10, k=19, i=05
Loading data from clique_data.json
Lower and upper bounds are equal
Minimum sum: 58
Continuous lower bound achieved.
The is the sum of cliques
Elapsed time: 1.3919994831085205 seconds.

Working on n=10, k=19, i=06
Loading data from clique_data.json
Lower and upper bounds are equal
Minimum sum: 50
Continuous lower bound achieved.
The is the sum of cliques
Elapsed time: 1.3823821544647217 seconds.

Working on n=10, k=19, i=07
Loading data from clique_data.json
Lower and upper bounds are equal
Minimum sum: 45
Continuous lower bound achieved.
The is the sum of cliques
Elapsed time: 1.3620355129241943 seconds.

Working on n=10, k=19, i=08
Loading data from clique_data.json
Lower and upper bounds are equal
Minimum sum: 40
Continuous lower bound achieved.
The is the sum of cliques
Elapsed time: 1.36555814743042 seconds.

Working on n=10, k=19, i=09
Loading data from clique_data.json
Lower and upper bounds are equal
Minimum sum: 37
Continuous lower bound achieved.
The is the sum of cliques
Complement upper bound achieved.
Elapsed time: 1.4825239181518555 seconds.

Working on n=10, k=19, i=10
Loading data from clique_data.json
Lower and upper bounds are equal
Minimum sum: 34
Continuous lower bound achieved.
The is the sum of cliques
Complement upper bound achieved.
Elapsed time: 1.3698527812957764 seconds.

Working on n=10, k=19, i=11
Loading data from clique_data.json
Lower and upper bounds are equal
Minimum sum: 31
Continuous lower bound achieved.
The is the sum of cliques
Complement upper bound achieved.
Elapsed time: 1.3965015411376953 seconds.

Working on n=10, k=19, i=12
Loading data from clique_data.json
Lower and upper bounds are equal
Minimum sum: 29
Continuous lower bound achieved.
The is the sum of cliques
Complement upper bound achieved.
Elapsed time: 1.3969752788543701 seconds.

Working on n=10, k=19, i=13
Loading data from clique_data.json
Lower and upper bounds are equal
Minimum sum: 27
Continuous lower bound achieved.
The is the sum of cliques
Complement upper bound achieved.
Elapsed time: 1.3692264556884766 seconds.

Working on n=10, k=19, i=14
Loading data from clique_data.json
Lower and upper bounds are equal
Minimum sum: 25
Continuous lower bound achieved.
Complement upper bound achieved.
Elapsed time: 1.4231243133544922 seconds.

Working on n=10, k=19, i=15
Loading data from clique_data.json
Lower and upper bounds are equal
Minimum sum: 24
Continuous lower bound achieved.
The is the sum of cliques
Complement upper bound achieved.
Elapsed time: 1.420116901397705 seconds.

Working on n=10, k=19, i=16
Loading data from clique_data.json
Lower and upper bounds are equal
Minimum sum: 23
Continuous lower bound achieved.
The is the sum of cliques
Complement upper bound achieved.
Elapsed time: 1.3729281425476074 seconds.

Working on n=10, k=19, i=17
Loading data from clique_data.json
Lower and upper bounds are equal
Minimum sum: 21
Continuous lower bound achieved.
The is the sum of cliques
Complement upper bound achieved.
Elapsed time: 1.4053280353546143 seconds.

Working on n=10, k=19, i=18
Loading data from clique_data.json
Lower and upper bounds are equal
Minimum sum: 20
Continuous lower bound achieved.
The is the sum of cliques
Complement upper bound achieved.
Elapsed time: 1.3888986110687256 seconds.

Working on n=10, k=19, i=19
Loading data from clique_data.json
Lower and upper bounds are equal
Minimum sum: 19
Continuous lower bound achieved.
This is a flower.
The is the sum of cliques
Elapsed time: 1.4035606384277344 seconds.

Working on n=10, k=20, i=00
Loading data from clique_data.json
Lower and upper bounds are equal
Minimum sum: 200
Continuous lower bound achieved.
This is a flower.
The is the sum of cliques
Elapsed time: 1.3987829685211182 seconds.

Working on n=10, k=20, i=01
Loading data from clique_data.json
Lower and upper bounds are equal
Minimum sum: 155
Continuous lower bound achieved.
The is the sum of cliques
Elapsed time: 1.3756446838378906 seconds.

Working on n=10, k=20, i=02
Loading data from clique_data.json
Lower and upper bounds are equal
Minimum sum: 110
Continuous lower bound achieved.
The is the sum of cliques
Elapsed time: 1.3853087425231934 seconds.

Working on n=10, k=20, i=03
Loading data from clique_data.json
Lower and upper bounds are equal
Minimum sum: 89
Continuous lower bound achieved.
The is the sum of cliques
Elapsed time: 1.4169039726257324 seconds.

Working on n=10, k=20, i=04
Loading data from clique_data.json
Lower and upper bounds are equal
Minimum sum: 74
Continuous lower bound achieved.
The is the sum of cliques
Elapsed time: 1.4354050159454346 seconds.

Working on n=10, k=20, i=05
Loading data from clique_data.json
Lower and upper bounds are equal
Minimum sum: 63
Continuous lower bound achieved.
The is the sum of cliques
Elapsed time: 1.4061965942382812 seconds.

Working on n=10, k=20, i=06
Loading data from clique_data.json
Lower and upper bounds are equal
Minimum sum: 55
Continuous lower bound achieved.
The is the sum of cliques
Elapsed time: 1.5101747512817383 seconds.

Working on n=10, k=20, i=07
Loading data from clique_data.json
Lower and upper bounds are equal
Minimum sum: 49
Continuous lower bound achieved.
The is the sum of cliques
Elapsed time: 1.411850929260254 seconds.

Working on n=10, k=20, i=08
Loading data from clique_data.json
Lower and upper bounds are equal
Minimum sum: 44
Continuous lower bound achieved.
The is the sum of cliques
Elapsed time: 1.388570785522461 seconds.

Working on n=10, k=20, i=09
Loading data from clique_data.json
Lower and upper bounds are equal
Minimum sum: 40
Continuous lower bound achieved.
The is the sum of cliques
Elapsed time: 1.4341888427734375 seconds.

Working on n=10, k=20, i=10
Loading data from clique_data.json
Lower and upper bounds are equal
Minimum sum: 37
Continuous lower bound achieved.
The is the sum of cliques
Complement upper bound achieved.
Elapsed time: 1.3790290355682373 seconds.

Working on n=10, k=20, i=11
Loading data from clique_data.json
Lower and upper bounds are equal
Minimum sum: 34
Continuous lower bound achieved.
The is the sum of cliques
Complement upper bound achieved.
Elapsed time: 1.3900527954101562 seconds.

Working on n=10, k=20, i=12
Loading data from clique_data.json
Lower and upper bounds are equal
Minimum sum: 32
Continuous lower bound achieved.
The is the sum of cliques
Complement upper bound achieved.
Elapsed time: 1.4013800621032715 seconds.

Working on n=10, k=20, i=13
Loading data from clique_data.json
Lower and upper bounds are equal
Minimum sum: 30
Continuous lower bound achieved.
The is the sum of cliques
Complement upper bound achieved.
Elapsed time: 1.3954989910125732 seconds.

Working on n=10, k=20, i=14
Loading data from clique_data.json
Lower and upper bounds are equal
Minimum sum: 28
Continuous lower bound achieved.
The is the sum of cliques
Complement upper bound achieved.
Elapsed time: 1.4163234233856201 seconds.

Working on n=10, k=20, i=15
Loading data from clique_data.json
Lower and upper bounds are equal
Minimum sum: 26
Continuous lower bound achieved.
The is the sum of cliques
Complement upper bound achieved.
Elapsed time: 1.427351474761963 seconds.

Working on n=10, k=20, i=16
Loading data from clique_data.json
Lower and upper bounds are equal
Minimum sum: 25
Continuous lower bound achieved.
The is the sum of cliques
Complement upper bound achieved.
Elapsed time: 1.39302396774292 seconds.

Working on n=10, k=20, i=17
Loading data from clique_data.json
Lower and upper bounds are equal
Minimum sum: 24
Continuous lower bound achieved.
The is the sum of cliques
Complement upper bound achieved.
Elapsed time: 1.383178949356079 seconds.

Working on n=10, k=20, i=18
Loading data from clique_data.json
Lower and upper bounds are equal
Minimum sum: 22
Continuous lower bound achieved.
The is the sum of cliques
Complement upper bound achieved.
Elapsed time: 1.4025635719299316 seconds.

Working on n=10, k=20, i=19
Loading data from clique_data.json
Lower and upper bounds are equal
Minimum sum: 21
Continuous lower bound achieved.
The is the sum of cliques
Complement upper bound achieved.
Elapsed time: 1.4154860973358154 seconds.

Working on n=10, k=20, i=20
Loading data from clique_data.json
Lower and upper bounds are equal
Minimum sum: 20
Continuous lower bound achieved.
This is a flower.
The is the sum of cliques
Elapsed time: 1.4134690761566162 seconds.

Working on n=11, k=01, i=00
Loading data from clique_data.json
Lower and upper bounds are equal
Minimum sum: 11
Continuous lower bound achieved.
This is a flower.
Elapsed time: 2.8700380325317383 seconds.

Working on n=11, k=01, i=01
Loading data from clique_data.json
Lower and upper bounds are equal
Minimum sum: 1
Continuous lower bound achieved.
This is a flower.
Elapsed time: 2.926633596420288 seconds.

Working on n=11, k=02, i=00
Loading data from clique_data.json
Lower and upper bounds are equal
Minimum sum: 22
Continuous lower bound achieved.
This is a flower.
The is the sum of cliques
Elapsed time: 2.8330726623535156 seconds.

Working on n=11, k=02, i=01
Loading data from clique_data.json
Lower and upper bounds are equal
Minimum sum: 12
This is a flower.
The is the sum of cliques
Elapsed time: 2.8671481609344482 seconds.

Working on n=11, k=02, i=02
Loading data from clique_data.json
Lower and upper bounds are equal
Minimum sum: 2
Continuous lower bound achieved.
This is a flower.
The is the sum of cliques
Elapsed time: 2.9202005863189697 seconds.

Working on n=11, k=03, i=00
Loading data from clique_data.json
Lower and upper bounds are equal
Minimum sum: 33
Continuous lower bound achieved.
This is a flower.
The is the sum of cliques
Elapsed time: 2.888313055038452 seconds.

Working on n=11, k=03, i=01
Loading data from clique_data.json
Lower and upper bounds are equal
Minimum sum: 23
This is a flower.
The is the sum of cliques
Elapsed time: 2.9259328842163086 seconds.

Working on n=11, k=03, i=02
Loading data from clique_data.json
Lower and upper bounds are equal
Minimum sum: 13
This is a flower.
The is the sum of cliques
Elapsed time: 2.889991521835327 seconds.

Working on n=11, k=03, i=03
Loading data from clique_data.json
Lower and upper bounds are equal
Minimum sum: 3
Continuous lower bound achieved.
This is a flower.
The is the sum of cliques
Elapsed time: 2.8752284049987793 seconds.

Working on n=11, k=04, i=00
Loading data from clique_data.json
Lower and upper bounds are equal
Minimum sum: 44
Continuous lower bound achieved.
This is a flower.
The is the sum of cliques
Elapsed time: 2.8660473823547363 seconds.

Working on n=11, k=04, i=01
Loading data from clique_data.json
Lower and upper bounds are equal
Minimum sum: 13
Continuous lower bound achieved.
Vector space upper bound achieved.
Elapsed time: 3.008525848388672 seconds.

Working on n=11, k=04, i=02
Loading data from clique_data.json
Lower and upper bounds are equal
Minimum sum: 24
This is a flower.
The is the sum of cliques
Elapsed time: 3.0072920322418213 seconds.

Working on n=11, k=04, i=03
Loading data from clique_data.json
Lower and upper bounds are equal
Minimum sum: 14
This is a flower.
The is the sum of cliques
Elapsed time: 2.829218626022339 seconds.

Working on n=11, k=04, i=04
Loading data from clique_data.json
Lower and upper bounds are equal
Minimum sum: 4
Continuous lower bound achieved.
This is a flower.
The is the sum of cliques
Elapsed time: 2.8383634090423584 seconds.

Working on n=11, k=05, i=00
Loading data from clique_data.json
Lower and upper bounds are equal
Minimum sum: 55
Continuous lower bound achieved.
This is a flower.
The is the sum of cliques
Elapsed time: 2.8927972316741943 seconds.

Working on n=11, k=05, i=01
Loading data from clique_data.json
Minimum sum: 19
Continuous lower bound achieved.
Elapsed time: 87.35796904563904 seconds.

Working on n=11, k=05, i=02
Loading data from clique_data.json
Minimum sum: 11
Continuous lower bound achieved.
Elapsed time: 91.90758991241455 seconds.

Working on n=11, k=05, i=03
Loading data from clique_data.json
Lower and upper bounds are equal
Minimum sum: 25
This is a flower.
The is the sum of cliques
Elapsed time: 2.871814489364624 seconds.

Working on n=11, k=05, i=04
Loading data from clique_data.json
Lower and upper bounds are equal
Minimum sum: 15
This is a flower.
The is the sum of cliques
Elapsed time: 2.8888721466064453 seconds.

Working on n=11, k=05, i=05
Loading data from clique_data.json
Lower and upper bounds are equal
Minimum sum: 5
Continuous lower bound achieved.
This is a flower.
The is the sum of cliques
Elapsed time: 2.891443967819214 seconds.

Working on n=11, k=06, i=00
Loading data from clique_data.json
Lower and upper bounds are equal
Minimum sum: 66
Continuous lower bound achieved.
This is a flower.
The is the sum of cliques
Elapsed time: 3.0881052017211914 seconds.

Working on n=11, k=06, i=01
Loading data from clique_data.json
Minimum sum: 26
Continuous lower bound achieved.
Elapsed time: 91.50948190689087 seconds.

Working on n=11, k=06, i=02
Loading data from clique_data.json
Minimum sum: 16
Continuous lower bound achieved.
Elapsed time: 2297.806946516037 seconds.

Working on n=11, k=06, i=03
Loading data from clique_data.json
Lower and upper bounds are equal
Minimum sum: 11
Continuous lower bound achieved.
Complement upper bound achieved.
Elapsed time: 2.9538307189941406 seconds.

Working on n=11, k=06, i=04
Loading data from clique_data.json
Lower and upper bounds are equal
Minimum sum: 26
This is a flower.
The is the sum of cliques
Elapsed time: 2.884887456893921 seconds.

Working on n=11, k=06, i=05
Loading data from clique_data.json
Lower and upper bounds are equal
Minimum sum: 16
This is a flower.
The is the sum of cliques
Elapsed time: 2.8923470973968506 seconds.

Working on n=11, k=06, i=06
Loading data from clique_data.json
Lower and upper bounds are equal
Minimum sum: 6
Continuous lower bound achieved.
This is a flower.
The is the sum of cliques
Elapsed time: 2.8902032375335693 seconds.

Working on n=11, k=07, i=00
Loading data from clique_data.json
Lower and upper bounds are equal
Minimum sum: 77
Continuous lower bound achieved.
This is a flower.
The is the sum of cliques
Elapsed time: 3.100327253341675 seconds.

Working on n=11, k=07, i=01
Loading data from clique_data.json
Minimum sum: 33
Continuous lower bound achieved.
Elapsed time: 60.54034638404846 seconds.

Working on n=11, k=07, i=02
Loading data from clique_data.json

Working on n=11, k=07, i=03
Loading data from clique_data.json
Minimum sum: 15
Continuous lower bound achieved.
Elapsed time: 5287.692835330963 seconds.

Working on n=11, k=07, i=04
Loading data from clique_data.json
Lower and upper bounds are equal
Minimum sum: 12
Continuous lower bound achieved.
The is the sum of cliques
Complement upper bound achieved.
Elapsed time: 3.119843006134033 seconds.

Working on n=11, k=07, i=05
Loading data from clique_data.json
Lower and upper bounds are equal
Minimum sum: 27
This is a flower.
The is the sum of cliques
Elapsed time: 2.9231438636779785 seconds.

Working on n=11, k=07, i=06
Loading data from clique_data.json
Lower and upper bounds are equal
Minimum sum: 17
This is a flower.
The is the sum of cliques
Elapsed time: 2.89990496635437 seconds.

Working on n=11, k=07, i=07
Loading data from clique_data.json
Lower and upper bounds are equal
Minimum sum: 7
Continuous lower bound achieved.
This is a flower.
The is the sum of cliques
Elapsed time: 2.870051383972168 seconds.

Working on n=11, k=08, i=00
Loading data from clique_data.json
Lower and upper bounds are equal
Minimum sum: 88
Continuous lower bound achieved.
This is a flower.
The is the sum of cliques
Elapsed time: 2.9744908809661865 seconds.

Working on n=11, k=08, i=01
Loading data from clique_data.json
Minimum sum: 41
Continuous lower bound achieved.
Elapsed time: 61.47279763221741 seconds.

Working on n=11, k=08, i=02
Loading data from clique_data.json
Lower and upper bounds are equal
Minimum sum: 26
Continuous lower bound achieved.
The is the sum of cliques
Elapsed time: 3.216951847076416 seconds.

Working on n=11, k=08, i=03
Loading data from clique_data.json

Working on n=11, k=08, i=04
Loading data from clique_data.json
Lower and upper bounds are equal
Minimum sum: 15
Continuous lower bound achieved.
Complement upper bound achieved.
Elapsed time: 2.8729336261749268 seconds.

Working on n=11, k=08, i=05
Loading data from clique_data.json
Lower and upper bounds are equal
Minimum sum: 13
Continuous lower bound achieved.
The is the sum of cliques
Complement upper bound achieved.
Elapsed time: 2.8452701568603516 seconds.

Working on n=11, k=08, i=06
Loading data from clique_data.json
Lower and upper bounds are equal
Minimum sum: 28
This is a flower.
The is the sum of cliques
Elapsed time: 2.8362903594970703 seconds.

Working on n=11, k=08, i=07
Loading data from clique_data.json
Lower and upper bounds are equal
Minimum sum: 18
This is a flower.
The is the sum of cliques
Elapsed time: 3.0579521656036377 seconds.

Working on n=11, k=08, i=08
Loading data from clique_data.json
Lower and upper bounds are equal
Minimum sum: 8
Continuous lower bound achieved.
This is a flower.
The is the sum of cliques
Elapsed time: 2.8836357593536377 seconds.

Working on n=11, k=09, i=00
Loading data from clique_data.json
Lower and upper bounds are equal
Minimum sum: 99
Continuous lower bound achieved.
This is a flower.
The is the sum of cliques
Elapsed time: 3.121704578399658 seconds.

Working on n=11, k=09, i=01
Loading data from clique_data.json
Minimum sum: 48
Continuous lower bound achieved.
Elapsed time: 76.26461124420166 seconds.

Working on n=11, k=09, i=02
Loading data from clique_data.json
Lower and upper bounds are equal
Minimum sum: 32
Continuous lower bound achieved.
The is the sum of cliques
Elapsed time: 2.8694710731506348 seconds.

Working on n=11, k=09, i=03
Loading data from clique_data.json
Lower and upper bounds are equal
Minimum sum: 24
Continuous lower bound achieved.
The is the sum of cliques
Elapsed time: 2.9368155002593994 seconds.

Working on n=11, k=09, i=04
Loading data from clique_data.json
Minimum sum: 19
Continuous lower bound achieved.
Elapsed time: 16068.083302259445 seconds.

Working on n=11, k=09, i=05
Loading data from clique_data.json
Lower and upper bounds are equal
Minimum sum: 16
Continuous lower bound achieved.
The is the sum of cliques
Complement upper bound achieved.
Elapsed time: 2.8714563846588135 seconds.

Working on n=11, k=09, i=06
Loading data from clique_data.json
Lower and upper bounds are equal
Minimum sum: 13
Continuous lower bound achieved.
Complement upper bound achieved.
Elapsed time: 2.8590927124023438 seconds.

Working on n=11, k=09, i=07
Loading data from clique_data.json
Lower and upper bounds are equal
Minimum sum: 29
This is a flower.
The is the sum of cliques
Elapsed time: 2.9802489280700684 seconds.

Working on n=11, k=09, i=08
Loading data from clique_data.json
Lower and upper bounds are equal
Minimum sum: 19
This is a flower.
The is the sum of cliques
Elapsed time: 2.9823343753814697 seconds.

Working on n=11, k=09, i=09
Loading data from clique_data.json
Lower and upper bounds are equal
Minimum sum: 9
Continuous lower bound achieved.
This is a flower.
The is the sum of cliques
Elapsed time: 2.9675469398498535 seconds.

Working on n=11, k=10, i=00
Loading data from clique_data.json
Lower and upper bounds are equal
Minimum sum: 110
Continuous lower bound achieved.
This is a flower.
The is the sum of cliques
Elapsed time: 3.0022428035736084 seconds.

Working on n=11, k=10, i=01
Loading data from clique_data.json
Minimum sum: 55
Continuous lower bound achieved.
Elapsed time: 58.96868920326233 seconds.

Working on n=11, k=10, i=02
Loading data from clique_data.json
Minimum sum: 37
Continuous lower bound achieved.
Elapsed time: 91.69401216506958 seconds.

Working on n=11, k=10, i=03
Loading data from clique_data.json
Minimum sum: 28
Continuous lower bound achieved.
Elapsed time: 12192.303339242935 seconds.

Working on n=11, k=10, i=04
Loading data from clique_data.json
Lower and upper bounds are equal
Minimum sum: 22
Continuous lower bound achieved.
The is the sum of cliques
Elapsed time: 2.895376443862915 seconds.

Working on n=11, k=10, i=05
Loading data from clique_data.json
Lower and upper bounds are equal
Minimum sum: 19
Continuous lower bound achieved.
Complement upper bound achieved.
Elapsed time: 2.9055135250091553 seconds.

Working on n=11, k=10, i=06
Loading data from clique_data.json
Lower and upper bounds are equal
Minimum sum: 16
Continuous lower bound achieved.
Complement upper bound achieved.
Elapsed time: 2.8816239833831787 seconds.

Working on n=11, k=10, i=07
Loading data from clique_data.json
Lower and upper bounds are equal
Minimum sum: 14
Continuous lower bound achieved.
The is the sum of cliques
Complement upper bound achieved.
Elapsed time: 3.134124755859375 seconds.

Working on n=11, k=10, i=08
Loading data from clique_data.json

Working on n=11, k=10, i=09
Loading data from clique_data.json
Lower and upper bounds are equal
Minimum sum: 11
Continuous lower bound achieved.
Complement upper bound achieved.
Elapsed time: 3.0863702297210693 seconds.

Working on n=11, k=10, i=10
Loading data from clique_data.json
Lower and upper bounds are equal
Minimum sum: 10
Continuous lower bound achieved.
This is a flower.
The is the sum of cliques
Elapsed time: 2.912292718887329 seconds.

Working on n=11, k=11, i=00
Loading data from clique_data.json
Lower and upper bounds are equal
Minimum sum: 121
Continuous lower bound achieved.
This is a flower.
The is the sum of cliques
Elapsed time: 3.006695508956909 seconds.

Working on n=11, k=11, i=01
Loading data from clique_data.json
Lower and upper bounds are equal
Minimum sum: 66
Continuous lower bound achieved.
The is the sum of cliques
Elapsed time: 2.957148551940918 seconds.

Working on n=11, k=11, i=02
Loading data from clique_data.json
Minimum sum: 44
Continuous lower bound achieved.
Elapsed time: 34.974311113357544 seconds.

Working on n=11, k=11, i=03
Loading data from clique_data.json
Minimum sum: 33
Continuous lower bound achieved.
Elapsed time: 106.10489296913147 seconds.

Working on n=11, k=11, i=04
Loading data from clique_data.json
Lower and upper bounds are equal
Minimum sum: 27
Continuous lower bound achieved.
The is the sum of cliques
Elapsed time: 2.9398984909057617 seconds.

Working on n=11, k=11, i=05
Loading data from clique_data.json
Lower and upper bounds are equal
Minimum sum: 22
Continuous lower bound achieved.
The is the sum of cliques
Elapsed time: 2.9652481079101562 seconds.

Working on n=11, k=11, i=06
Loading data from clique_data.json

Working on n=11, k=11, i=07
Loading data from clique_data.json
Lower and upper bounds are equal
Minimum sum: 17
Continuous lower bound achieved.
The is the sum of cliques
Complement upper bound achieved.
Elapsed time: 2.905142307281494 seconds.

Working on n=11, k=11, i=08
Loading data from clique_data.json
Lower and upper bounds are equal
Minimum sum: 15
Continuous lower bound achieved.
The is the sum of cliques
Complement upper bound achieved.
Elapsed time: 2.9391281604766846 seconds.

Working on n=11, k=11, i=09
Loading data from clique_data.json

Working on n=11, k=11, i=10
Loading data from clique_data.json
Lower and upper bounds are equal
Minimum sum: 12
Continuous lower bound achieved.
The is the sum of cliques
Complement upper bound achieved.
Elapsed time: 2.236786365509033 seconds.

Working on n=11, k=11, i=11
Loading data from clique_data.json
Lower and upper bounds are equal
Minimum sum: 11
Continuous lower bound achieved.
This is a flower.
The is the sum of cliques
Elapsed time: 2.2177629470825195 seconds.

Working on n=11, k=12, i=00
Loading data from clique_data.json
Lower and upper bounds are equal
Minimum sum: 132
Continuous lower bound achieved.
This is a flower.
The is the sum of cliques
Elapsed time: 2.301966428756714 seconds.

Working on n=11, k=12, i=01
Loading data from clique_data.json
Lower and upper bounds are equal
Minimum sum: 77
Continuous lower bound achieved.
The is the sum of cliques
Elapsed time: 2.2597970962524414 seconds.

Working on n=11, k=12, i=02
Loading data from clique_data.json
Lower and upper bounds are equal
Minimum sum: 52
Continuous lower bound achieved.
The is the sum of cliques
Elapsed time: 2.241847515106201 seconds.

Working on n=11, k=12, i=03
Loading data from clique_data.json
Lower and upper bounds are equal
Minimum sum: 39
Continuous lower bound achieved.
The is the sum of cliques
Elapsed time: 2.2968695163726807 seconds.

Working on n=11, k=12, i=04
Loading data from clique_data.json

Working on n=11, k=12, i=05
Loading data from clique_data.json
Lower and upper bounds are equal
Minimum sum: 26
Continuous lower bound achieved.
The is the sum of cliques
Elapsed time: 3.0500380992889404 seconds.

Working on n=11, k=12, i=06
Loading data from clique_data.json
Lower and upper bounds are equal
Minimum sum: 22
Continuous lower bound achieved.
The is the sum of cliques
Complement upper bound achieved.
Elapsed time: 2.935920238494873 seconds.

Working on n=11, k=12, i=07
Loading data from clique_data.json

Working on n=11, k=12, i=08
Loading data from clique_data.json
Lower and upper bounds are equal
Minimum sum: 18
Continuous lower bound achieved.
The is the sum of cliques
Complement upper bound achieved.
Elapsed time: 3.0330820083618164 seconds.

Working on n=11, k=12, i=09
Loading data from clique_data.json
Lower and upper bounds are equal
Minimum sum: 16
Continuous lower bound achieved.
The is the sum of cliques
Complement upper bound achieved.
Elapsed time: 3.099822998046875 seconds.

Working on n=11, k=12, i=10
Loading data from clique_data.json

Working on n=11, k=12, i=11
Loading data from clique_data.json
Lower and upper bounds are equal
Minimum sum: 13
Continuous lower bound achieved.
The is the sum of cliques
Complement upper bound achieved.
Elapsed time: 2.9158661365509033 seconds.

Working on n=11, k=12, i=12
Loading data from clique_data.json
Lower and upper bounds are equal
Minimum sum: 12
Continuous lower bound achieved.
This is a flower.
The is the sum of cliques
Elapsed time: 2.882582426071167 seconds.

Working on n=11, k=13, i=00
Loading data from clique_data.json
Lower and upper bounds are equal
Minimum sum: 143
Continuous lower bound achieved.
This is a flower.
The is the sum of cliques
Elapsed time: 2.904285192489624 seconds.

Working on n=11, k=13, i=01
Loading data from clique_data.json
Lower and upper bounds are equal
Minimum sum: 88
Continuous lower bound achieved.
The is the sum of cliques
Elapsed time: 2.969357490539551 seconds.

Working on n=11, k=13, i=02
Loading data from clique_data.json
Lower and upper bounds are equal
Minimum sum: 59
Continuous lower bound achieved.
The is the sum of cliques
Elapsed time: 2.903188705444336 seconds.

Working on n=11, k=13, i=03
Loading data from clique_data.json
Minimum sum: 44
Continuous lower bound achieved.
Elapsed time: 119.000324010849 seconds.

Working on n=11, k=13, i=04
Loading data from clique_data.json

Working on n=11, k=13, i=05
Loading data from clique_data.json
Minimum sum: 30
Continuous lower bound achieved.
Elapsed time: 11863.69369316101 seconds.

Working on n=11, k=13, i=06
Loading data from clique_data.json
Lower and upper bounds are equal
Minimum sum: 26
Continuous lower bound achieved.
The is the sum of cliques
Elapsed time: 3.1514055728912354 seconds.

Working on n=11, k=13, i=07
Loading data from clique_data.json
Lower and upper bounds are equal
Minimum sum: 23
Continuous lower bound achieved.
The is the sum of cliques
Complement upper bound achieved.
Elapsed time: 3.071955919265747 seconds.

Working on n=11, k=13, i=08
Loading data from clique_data.json

Working on n=11, k=13, i=09
Loading data from clique_data.json
Lower and upper bounds are equal
Minimum sum: 19
Continuous lower bound achieved.
The is the sum of cliques
Complement upper bound achieved.
Elapsed time: 3.001084327697754 seconds.

Working on n=11, k=13, i=10
Loading data from clique_data.json
Lower and upper bounds are equal
Minimum sum: 17
Continuous lower bound achieved.
The is the sum of cliques
Complement upper bound achieved.
Elapsed time: 3.021470785140991 seconds.

Working on n=11, k=13, i=11
Loading data from clique_data.json

Working on n=11, k=13, i=12
Loading data from clique_data.json
Lower and upper bounds are equal
Minimum sum: 14
Continuous lower bound achieved.
The is the sum of cliques
Complement upper bound achieved.
Elapsed time: 2.884791612625122 seconds.

Working on n=11, k=13, i=13
Loading data from clique_data.json
Lower and upper bounds are equal
Minimum sum: 13
Continuous lower bound achieved.
This is a flower.
The is the sum of cliques
Elapsed time: 2.8764588832855225 seconds.

Working on n=11, k=14, i=00
Loading data from clique_data.json
Lower and upper bounds are equal
Minimum sum: 154
Continuous lower bound achieved.
This is a flower.
The is the sum of cliques
Elapsed time: 2.9675745964050293 seconds.

Working on n=11, k=14, i=01
Loading data from clique_data.json
Lower and upper bounds are equal
Minimum sum: 99
Continuous lower bound achieved.
The is the sum of cliques
Elapsed time: 2.9414288997650146 seconds.

Working on n=11, k=14, i=02
Loading data from clique_data.json
Lower and upper bounds are equal
Minimum sum: 66
Continuous lower bound achieved.
The is the sum of cliques
Elapsed time: 2.961270570755005 seconds.

Working on n=11, k=14, i=03
Loading data from clique_data.json
Lower and upper bounds are equal
Minimum sum: 50
Continuous lower bound achieved.
The is the sum of cliques
Elapsed time: 2.8586196899414062 seconds.

Working on n=11, k=14, i=04
Loading data from clique_data.json
Lower and upper bounds are equal
Minimum sum: 41
Continuous lower bound achieved.
The is the sum of cliques
Elapsed time: 2.9219555854797363 seconds.

Working on n=11, k=14, i=05
Loading data from clique_data.json
Lower and upper bounds are equal
Minimum sum: 35
Continuous lower bound achieved.
The is the sum of cliques
Elapsed time: 3.1511080265045166 seconds.

Working on n=11, k=14, i=06
Loading data from clique_data.json
Lower and upper bounds are equal
Minimum sum: 30
Continuous lower bound achieved.
The is the sum of cliques
Elapsed time: 3.019711971282959 seconds.

Working on n=11, k=14, i=07
Loading data from clique_data.json
Lower and upper bounds are equal
Minimum sum: 26
Continuous lower bound achieved.
The is the sum of cliques
Complement upper bound achieved.
Elapsed time: 2.91398549079895 seconds.

Working on n=11, k=14, i=08
Loading data from clique_data.json
Lower and upper bounds are equal
Minimum sum: 24
Continuous lower bound achieved.
The is the sum of cliques
Complement upper bound achieved.
Elapsed time: 2.960883140563965 seconds.

Working on n=11, k=14, i=09
Loading data from clique_data.json
Minimum sum: 21
Continuous lower bound achieved.
Elapsed time: 13343.63430595398 seconds.

Working on n=11, k=14, i=10
Loading data from clique_data.json
Lower and upper bounds are equal
Minimum sum: 19
Continuous lower bound achieved.
Complement upper bound achieved.
Elapsed time: 2.9602248668670654 seconds.

Working on n=11, k=14, i=11
Loading data from clique_data.json
Lower and upper bounds are equal
Minimum sum: 18
Continuous lower bound achieved.
The is the sum of cliques
Complement upper bound achieved.
Elapsed time: 2.8592801094055176 seconds.

Working on n=11, k=14, i=12
Loading data from clique_data.json

Working on n=11, k=14, i=13
Loading data from clique_data.json
Lower and upper bounds are equal
Minimum sum: 15
Continuous lower bound achieved.
The is the sum of cliques
Complement upper bound achieved.
Elapsed time: 3.1137824058532715 seconds.

Working on n=11, k=14, i=14
Loading data from clique_data.json
Lower and upper bounds are equal
Minimum sum: 14
Continuous lower bound achieved.
This is a flower.
The is the sum of cliques
Elapsed time: 2.9824957847595215 seconds.

Working on n=11, k=15, i=00
Loading data from clique_data.json
Lower and upper bounds are equal
Minimum sum: 165
Continuous lower bound achieved.
This is a flower.
The is the sum of cliques
Elapsed time: 2.986452579498291 seconds.

Working on n=11, k=15, i=01
Loading data from clique_data.json
Lower and upper bounds are equal
Minimum sum: 110
Continuous lower bound achieved.
The is the sum of cliques
Elapsed time: 2.938462734222412 seconds.

Working on n=11, k=15, i=02
Loading data from clique_data.json
Lower and upper bounds are equal
Minimum sum: 74
Continuous lower bound achieved.
The is the sum of cliques
Elapsed time: 3.039354085922241 seconds.

Working on n=11, k=15, i=03
Loading data from clique_data.json
Minimum sum: 55
Continuous lower bound achieved.
Elapsed time: 48.5584614276886 seconds.

Working on n=11, k=15, i=04
Loading data from clique_data.json
Lower and upper bounds are equal
Minimum sum: 46
Continuous lower bound achieved.
The is the sum of cliques
Elapsed time: 3.159658670425415 seconds.

Working on n=11, k=15, i=05
Loading data from clique_data.json
Lower and upper bounds are equal
Minimum sum: 39
Continuous lower bound achieved.
The is the sum of cliques
Elapsed time: 3.019850730895996 seconds.

Working on n=11, k=15, i=06
Loading data from clique_data.json
Lower and upper bounds are equal
Minimum sum: 33
Continuous lower bound achieved.
The is the sum of cliques
Elapsed time: 3.0142269134521484 seconds.

Working on n=11, k=15, i=07
Loading data from clique_data.json
Lower and upper bounds are equal
Minimum sum: 30
Continuous lower bound achieved.
The is the sum of cliques
Elapsed time: 2.920038938522339 seconds.

Working on n=11, k=15, i=08
Loading data from clique_data.json
Lower and upper bounds are equal
Minimum sum: 27
Continuous lower bound achieved.
The is the sum of cliques
Complement upper bound achieved.
Elapsed time: 3.1285455226898193 seconds.

Working on n=11, k=15, i=09
Loading data from clique_data.json
Lower and upper bounds are equal
Minimum sum: 24
Continuous lower bound achieved.
The is the sum of cliques
Complement upper bound achieved.
Elapsed time: 3.1840364933013916 seconds.

Working on n=11, k=15, i=10
Loading data from clique_data.json
Lower and upper bounds are equal
Minimum sum: 22
Continuous lower bound achieved.
The is the sum of cliques
Elapsed time: 2.9420852661132812 seconds.

Working on n=11, k=15, i=11
Loading data from clique_data.json
Lower and upper bounds are equal
Minimum sum: 20
Continuous lower bound achieved.
The is the sum of cliques
Complement upper bound achieved.
Elapsed time: 3.2047219276428223 seconds.

Working on n=11, k=15, i=12
Loading data from clique_data.json
Lower and upper bounds are equal
Minimum sum: 19
Continuous lower bound achieved.
The is the sum of cliques
Complement upper bound achieved.
Elapsed time: 2.923004627227783 seconds.

Working on n=11, k=15, i=13
Loading data from clique_data.json

Working on n=11, k=15, i=14
Loading data from clique_data.json
Lower and upper bounds are equal
Minimum sum: 16
Continuous lower bound achieved.
The is the sum of cliques
Complement upper bound achieved.
Elapsed time: 3.3685882091522217 seconds.

Working on n=11, k=15, i=15
Loading data from clique_data.json
Lower and upper bounds are equal
Minimum sum: 15
Continuous lower bound achieved.
This is a flower.
The is the sum of cliques
Elapsed time: 3.053157091140747 seconds.

Working on n=11, k=16, i=00
Loading data from clique_data.json
Lower and upper bounds are equal
Minimum sum: 176
Continuous lower bound achieved.
This is a flower.
The is the sum of cliques
Elapsed time: 3.0616400241851807 seconds.

Working on n=11, k=16, i=01
Loading data from clique_data.json
Lower and upper bounds are equal
Minimum sum: 121
Continuous lower bound achieved.
The is the sum of cliques
Elapsed time: 2.957174777984619 seconds.

Working on n=11, k=16, i=02
Loading data from clique_data.json
Lower and upper bounds are equal
Minimum sum: 81
Continuous lower bound achieved.
The is the sum of cliques
Elapsed time: 2.956559896469116 seconds.

Working on n=11, k=16, i=03
Loading data from clique_data.json
Lower and upper bounds are equal
Minimum sum: 63
Continuous lower bound achieved.
The is the sum of cliques
Elapsed time: 3.0498297214508057 seconds.

Working on n=11, k=16, i=04
Loading data from clique_data.json
Lower and upper bounds are equal
Minimum sum: 52
Continuous lower bound achieved.
The is the sum of cliques
Elapsed time: 2.993272304534912 seconds.

Working on n=11, k=16, i=05
Loading data from clique_data.json
Minimum sum: 43
Continuous lower bound achieved.
Elapsed time: 1968.416953086853 seconds.

Working on n=11, k=16, i=06
Loading data from clique_data.json
Lower and upper bounds are equal
Minimum sum: 38
Continuous lower bound achieved.
The is the sum of cliques
Elapsed time: 3.199214220046997 seconds.

Working on n=11, k=16, i=07
Loading data from clique_data.json
Lower and upper bounds are equal
Minimum sum: 33
Continuous lower bound achieved.
The is the sum of cliques
Elapsed time: 3.025315761566162 seconds.

Working on n=11, k=16, i=08
Loading data from clique_data.json
Lower and upper bounds are equal
Minimum sum: 30
Continuous lower bound achieved.
The is the sum of cliques
Complement upper bound achieved.
Elapsed time: 3.0126874446868896 seconds.

Working on n=11, k=16, i=09
Loading data from clique_data.json
Lower and upper bounds are equal
Minimum sum: 27
Continuous lower bound achieved.
The is the sum of cliques
Complement upper bound achieved.
Elapsed time: 3.017664670944214 seconds.

Working on n=11, k=16, i=10
Loading data from clique_data.json
Lower and upper bounds are equal
Minimum sum: 25
Continuous lower bound achieved.
The is the sum of cliques
Complement upper bound achieved.
Elapsed time: 2.9405710697174072 seconds.

Working on n=11, k=16, i=11
Loading data from clique_data.json
Lower and upper bounds are equal
Minimum sum: 23
Continuous lower bound achieved.
The is the sum of cliques
Elapsed time: 2.8962395191192627 seconds.

Working on n=11, k=16, i=12
Loading data from clique_data.json
Lower and upper bounds are equal
Minimum sum: 21
Continuous lower bound achieved.
The is the sum of cliques
Complement upper bound achieved.
Elapsed time: 2.9817144870758057 seconds.

Working on n=11, k=16, i=13
Loading data from clique_data.json
Lower and upper bounds are equal
Minimum sum: 20
Continuous lower bound achieved.
The is the sum of cliques
Complement upper bound achieved.
Elapsed time: 2.9343338012695312 seconds.

Working on n=11, k=16, i=14
Loading data from clique_data.json

Working on n=11, k=16, i=15
Loading data from clique_data.json
Lower and upper bounds are equal
Minimum sum: 17
Continuous lower bound achieved.
The is the sum of cliques
Complement upper bound achieved.
Elapsed time: 2.935279607772827 seconds.

Working on n=11, k=16, i=16
Loading data from clique_data.json
Lower and upper bounds are equal
Minimum sum: 16
Continuous lower bound achieved.
This is a flower.
The is the sum of cliques
Elapsed time: 2.972111225128174 seconds.

Working on n=11, k=17, i=00
Loading data from clique_data.json
Lower and upper bounds are equal
Minimum sum: 187
Continuous lower bound achieved.
This is a flower.
The is the sum of cliques
Elapsed time: 3.094531297683716 seconds.

Working on n=11, k=17, i=01
Loading data from clique_data.json
Lower and upper bounds are equal
Minimum sum: 132
Continuous lower bound achieved.
The is the sum of cliques
Elapsed time: 2.9673116207122803 seconds.

Working on n=11, k=17, i=02
Loading data from clique_data.json
Lower and upper bounds are equal
Minimum sum: 88
Continuous lower bound achieved.
The is the sum of cliques
Elapsed time: 2.9655861854553223 seconds.

Working on n=11, k=17, i=03
Loading data from clique_data.json
Lower and upper bounds are equal
Minimum sum: 70
Continuous lower bound achieved.
The is the sum of cliques
Elapsed time: 3.027244806289673 seconds.

Working on n=11, k=17, i=04
Loading data from clique_data.json
Lower and upper bounds are equal
Minimum sum: 57
Continuous lower bound achieved.
The is the sum of cliques
Elapsed time: 3.2981557846069336 seconds.

Working on n=11, k=17, i=05
Loading data from clique_data.json
Minimum sum: 48
Continuous lower bound achieved.
Elapsed time: 556.3249223232269 seconds.

Working on n=11, k=17, i=06
Loading data from clique_data.json
Minimum sum: 42
Continuous lower bound achieved.
Elapsed time: 2004.1468505859375 seconds.

Working on n=11, k=17, i=07
Loading data from clique_data.json
Lower and upper bounds are equal
Minimum sum: 37
Continuous lower bound achieved.
The is the sum of cliques
Elapsed time: 3.014226198196411 seconds.

Working on n=11, k=17, i=08
Loading data from clique_data.json
Lower and upper bounds are equal
Minimum sum: 33
Continuous lower bound achieved.
The is the sum of cliques
Complement upper bound achieved.
Elapsed time: 3.062476396560669 seconds.

Working on n=11, k=17, i=09
Loading data from clique_data.json
Lower and upper bounds are equal
Minimum sum: 30
Continuous lower bound achieved.
Complement upper bound achieved.
Elapsed time: 3.2522621154785156 seconds.

Working on n=11, k=17, i=10
Loading data from clique_data.json
Lower and upper bounds are equal
Minimum sum: 28
Continuous lower bound achieved.
The is the sum of cliques
Complement upper bound achieved.
Elapsed time: 2.9888954162597656 seconds.

Working on n=11, k=17, i=11
Loading data from clique_data.json
Lower and upper bounds are equal
Minimum sum: 26
Continuous lower bound achieved.
The is the sum of cliques
Complement upper bound achieved.
Elapsed time: 3.1339430809020996 seconds.

Working on n=11, k=17, i=12
Loading data from clique_data.json
Lower and upper bounds are equal
Minimum sum: 24
Continuous lower bound achieved.
The is the sum of cliques
Elapsed time: 3.4029221534729004 seconds.

Working on n=11, k=17, i=13
Loading data from clique_data.json
Lower and upper bounds are equal
Minimum sum: 22
Continuous lower bound achieved.
The is the sum of cliques
Complement upper bound achieved.
Elapsed time: 3.075934410095215 seconds.

Working on n=11, k=17, i=14
Loading data from clique_data.json
Lower and upper bounds are equal
Minimum sum: 21
Continuous lower bound achieved.
The is the sum of cliques
Complement upper bound achieved.
Elapsed time: 3.087744951248169 seconds.

Working on n=11, k=17, i=15
Loading data from clique_data.json

Working on n=11, k=17, i=16
Loading data from clique_data.json
Lower and upper bounds are equal
Minimum sum: 18
Continuous lower bound achieved.
The is the sum of cliques
Complement upper bound achieved.
Elapsed time: 3.1316092014312744 seconds.

Working on n=11, k=17, i=17
Loading data from clique_data.json
Lower and upper bounds are equal
Minimum sum: 17
Continuous lower bound achieved.
This is a flower.
The is the sum of cliques
Elapsed time: 2.949765205383301 seconds.

Working on n=11, k=18, i=00
Loading data from clique_data.json
Lower and upper bounds are equal
Minimum sum: 198
Continuous lower bound achieved.
This is a flower.
The is the sum of cliques
Elapsed time: 3.05869722366333 seconds.

Working on n=11, k=18, i=01
Loading data from clique_data.json
Lower and upper bounds are equal
Minimum sum: 143
Continuous lower bound achieved.
The is the sum of cliques
Elapsed time: 3.1328487396240234 seconds.

Working on n=11, k=18, i=02
Loading data from clique_data.json
Lower and upper bounds are equal
Minimum sum: 96
Continuous lower bound achieved.
The is the sum of cliques
Elapsed time: 2.9840118885040283 seconds.

Working on n=11, k=18, i=03
Loading data from clique_data.json
Lower and upper bounds are equal
Minimum sum: 77
Continuous lower bound achieved.
The is the sum of cliques
Elapsed time: 2.9777820110321045 seconds.

Working on n=11, k=18, i=04
Loading data from clique_data.json
Lower and upper bounds are equal
Minimum sum: 63
Continuous lower bound achieved.
The is the sum of cliques
Elapsed time: 3.2244389057159424 seconds.

Working on n=11, k=18, i=05
Loading data from clique_data.json
Lower and upper bounds are equal
Minimum sum: 54
Continuous lower bound achieved.
The is the sum of cliques
Elapsed time: 3.0071053504943848 seconds.

Working on n=11, k=18, i=06
Loading data from clique_data.json
Minimum sum: 47
Continuous lower bound achieved.
Elapsed time: 4117.013730287552 seconds.

Working on n=11, k=18, i=07
Loading data from clique_data.json
Lower and upper bounds are equal
Minimum sum: 41
Continuous lower bound achieved.
The is the sum of cliques
Elapsed time: 2.886253833770752 seconds.

Working on n=11, k=18, i=08
Loading data from clique_data.json
Lower and upper bounds are equal
Minimum sum: 37
Continuous lower bound achieved.
The is the sum of cliques
Elapsed time: 2.919553756713867 seconds.

Working on n=11, k=18, i=09
Loading data from clique_data.json
Lower and upper bounds are equal
Minimum sum: 33
Continuous lower bound achieved.
The is the sum of cliques
Complement upper bound achieved.
Elapsed time: 2.9614033699035645 seconds.

Working on n=11, k=18, i=10
Loading data from clique_data.json
Lower and upper bounds are equal
Minimum sum: 31
Continuous lower bound achieved.
The is the sum of cliques
Complement upper bound achieved.
Elapsed time: 2.9802441596984863 seconds.

Working on n=11, k=18, i=11
Loading data from clique_data.json
Lower and upper bounds are equal
Minimum sum: 28
Continuous lower bound achieved.
Complement upper bound achieved.
Elapsed time: 3.020327091217041 seconds.

Working on n=11, k=18, i=12
Loading data from clique_data.json
Lower and upper bounds are equal
Minimum sum: 26
Continuous lower bound achieved.
The is the sum of cliques
Complement upper bound achieved.
Elapsed time: 3.0578396320343018 seconds.

Working on n=11, k=18, i=13
Loading data from clique_data.json
Lower and upper bounds are equal
Minimum sum: 25
Continuous lower bound achieved.
The is the sum of cliques
Elapsed time: 2.9084079265594482 seconds.

Working on n=11, k=18, i=14
Loading data from clique_data.json
Lower and upper bounds are equal
Minimum sum: 23
Continuous lower bound achieved.
The is the sum of cliques
Complement upper bound achieved.
Elapsed time: 3.081028938293457 seconds.

Working on n=11, k=18, i=15
Loading data from clique_data.json
Lower and upper bounds are equal
Minimum sum: 22
Continuous lower bound achieved.
The is the sum of cliques
Complement upper bound achieved.
Elapsed time: 3.0040435791015625 seconds.

Working on n=11, k=18, i=16
Loading data from clique_data.json

Working on n=11, k=18, i=17
Loading data from clique_data.json
Lower and upper bounds are equal
Minimum sum: 19
Continuous lower bound achieved.
The is the sum of cliques
Complement upper bound achieved.
Elapsed time: 3.161731004714966 seconds.

Working on n=11, k=18, i=18
Loading data from clique_data.json
Lower and upper bounds are equal
Minimum sum: 18
Continuous lower bound achieved.
This is a flower.
The is the sum of cliques
Elapsed time: 2.9086079597473145 seconds.

Working on n=11, k=19, i=00
Loading data from clique_data.json
Lower and upper bounds are equal
Minimum sum: 209
Continuous lower bound achieved.
This is a flower.
The is the sum of cliques
Elapsed time: 3.194640636444092 seconds.

Working on n=11, k=19, i=01
Loading data from clique_data.json
Lower and upper bounds are equal
Minimum sum: 154
Continuous lower bound achieved.
The is the sum of cliques
Elapsed time: 2.8997788429260254 seconds.

Working on n=11, k=19, i=02
Loading data from clique_data.json
Lower and upper bounds are equal
Minimum sum: 103
Continuous lower bound achieved.
The is the sum of cliques
Elapsed time: 3.0272674560546875 seconds.

Working on n=11, k=19, i=03
Loading data from clique_data.json
Lower and upper bounds are equal
Minimum sum: 85
Continuous lower bound achieved.
The is the sum of cliques
Elapsed time: 3.2260639667510986 seconds.

Working on n=11, k=19, i=04
Loading data from clique_data.json
Lower and upper bounds are equal
Minimum sum: 68
Continuous lower bound achieved.
The is the sum of cliques
Elapsed time: 3.1345372200012207 seconds.

Working on n=11, k=19, i=05
Loading data from clique_data.json
Lower and upper bounds are equal
Minimum sum: 59
Continuous lower bound achieved.
The is the sum of cliques
Elapsed time: 3.55324125289917 seconds.

Working on n=11, k=19, i=06
Loading data from clique_data.json
Minimum sum: 51
Continuous lower bound achieved.
Elapsed time: 6587.408574819565 seconds.

Working on n=11, k=19, i=07
Loading data from clique_data.json
Lower and upper bounds are equal
Minimum sum: 46
Continuous lower bound achieved.
The is the sum of cliques
Elapsed time: 3.246732473373413 seconds.

Working on n=11, k=19, i=08
Loading data from clique_data.json
Lower and upper bounds are equal
Minimum sum: 41
Continuous lower bound achieved.
The is the sum of cliques
Elapsed time: 3.1741244792938232 seconds.

Working on n=11, k=19, i=09
Loading data from clique_data.json
Lower and upper bounds are equal
Minimum sum: 37
Continuous lower bound achieved.
The is the sum of cliques
Complement upper bound achieved.
Elapsed time: 2.871333360671997 seconds.

Working on n=11, k=19, i=10
Loading data from clique_data.json
Lower and upper bounds are equal
Minimum sum: 34
Continuous lower bound achieved.
The is the sum of cliques
Complement upper bound achieved.
Elapsed time: 2.873446464538574 seconds.

Working on n=11, k=19, i=11
Loading data from clique_data.json
Minimum sum: 31
Continuous lower bound achieved.
Elapsed time: 544.315896987915 seconds.

Working on n=11, k=19, i=12
Loading data from clique_data.json
Lower and upper bounds are equal
Minimum sum: 29
Continuous lower bound achieved.
The is the sum of cliques
Complement upper bound achieved.
Elapsed time: 2.9650354385375977 seconds.

Working on n=11, k=19, i=13
Loading data from clique_data.json
Lower and upper bounds are equal
Minimum sum: 27
Continuous lower bound achieved.
The is the sum of cliques
Complement upper bound achieved.
Elapsed time: 2.7746543884277344 seconds.

Working on n=11, k=19, i=14
Loading data from clique_data.json
Lower and upper bounds are equal
Minimum sum: 26
Continuous lower bound achieved.
The is the sum of cliques
Elapsed time: 3.043743133544922 seconds.

Working on n=11, k=19, i=15
Loading data from clique_data.json
Lower and upper bounds are equal
Minimum sum: 24
Continuous lower bound achieved.
The is the sum of cliques
Complement upper bound achieved.
Elapsed time: 3.10829758644104 seconds.

Working on n=11, k=19, i=16
Loading data from clique_data.json
Lower and upper bounds are equal
Minimum sum: 23
Continuous lower bound achieved.
The is the sum of cliques
Complement upper bound achieved.
Elapsed time: 3.0868735313415527 seconds.

Working on n=11, k=19, i=17
Loading data from clique_data.json

Working on n=11, k=19, i=18
Loading data from clique_data.json
Lower and upper bounds are equal
Minimum sum: 20
Continuous lower bound achieved.
The is the sum of cliques
Complement upper bound achieved.
Elapsed time: 2.9541280269622803 seconds.

Working on n=11, k=19, i=19
Loading data from clique_data.json
Lower and upper bounds are equal
Minimum sum: 19
Continuous lower bound achieved.
This is a flower.
The is the sum of cliques
Elapsed time: 2.939455032348633 seconds.

Working on n=11, k=20, i=00
Loading data from clique_data.json
Lower and upper bounds are equal
Minimum sum: 220
Continuous lower bound achieved.
This is a flower.
The is the sum of cliques
Elapsed time: 2.967393159866333 seconds.

Working on n=11, k=20, i=01
Loading data from clique_data.json
Lower and upper bounds are equal
Minimum sum: 165
Continuous lower bound achieved.
The is the sum of cliques
Elapsed time: 2.9984443187713623 seconds.

Working on n=11, k=20, i=02
Loading data from clique_data.json
Lower and upper bounds are equal
Minimum sum: 110
Continuous lower bound achieved.
The is the sum of cliques
Elapsed time: 2.981968641281128 seconds.

Working on n=11, k=20, i=03
Loading data from clique_data.json
Lower and upper bounds are equal
Minimum sum: 92
Continuous lower bound achieved.
The is the sum of cliques
Elapsed time: 2.9422733783721924 seconds.

Working on n=11, k=20, i=04
Loading data from clique_data.json
Lower and upper bounds are equal
Minimum sum: 74
Continuous lower bound achieved.
The is the sum of cliques
Elapsed time: 2.9210052490234375 seconds.

Working on n=11, k=20, i=05
Loading data from clique_data.json
Lower and upper bounds are equal
Minimum sum: 65
Continuous lower bound achieved.
The is the sum of cliques
Elapsed time: 3.0097453594207764 seconds.

Working on n=11, k=20, i=06
Loading data from clique_data.json
Minimum sum: 55
Continuous lower bound achieved.
Elapsed time: 50.625383138656616 seconds.

Working on n=11, k=20, i=07
Loading data from clique_data.json
Lower and upper bounds are equal
Minimum sum: 50
Continuous lower bound achieved.
The is the sum of cliques
Elapsed time: 3.011363983154297 seconds.

Working on n=11, k=20, i=08
Loading data from clique_data.json
Lower and upper bounds are equal
Minimum sum: 44
Continuous lower bound achieved.
The is the sum of cliques
Elapsed time: 3.0974647998809814 seconds.

Working on n=11, k=20, i=09
Loading data from clique_data.json
Lower and upper bounds are equal
Minimum sum: 41
Continuous lower bound achieved.
The is the sum of cliques
Elapsed time: 3.0505967140197754 seconds.

Working on n=11, k=20, i=10
Loading data from clique_data.json
Lower and upper bounds are equal
Minimum sum: 37
Continuous lower bound achieved.
The is the sum of cliques
Complement upper bound achieved.
Elapsed time: 3.0899465084075928 seconds.

Working on n=11, k=20, i=11
Loading data from clique_data.json
Lower and upper bounds are equal
Minimum sum: 35
Continuous lower bound achieved.
The is the sum of cliques
Complement upper bound achieved.
Elapsed time: 3.1381337642669678 seconds.

Working on n=11, k=20, i=12
Loading data from clique_data.json
Lower and upper bounds are equal
Minimum sum: 32
Continuous lower bound achieved.
The is the sum of cliques
Elapsed time: 2.965427875518799 seconds.

Working on n=11, k=20, i=13
Loading data from clique_data.json
Lower and upper bounds are equal
Minimum sum: 30
Continuous lower bound achieved.
The is the sum of cliques
Complement upper bound achieved.
Elapsed time: 2.9843196868896484 seconds.

Working on n=11, k=20, i=14
Loading data from clique_data.json
Lower and upper bounds are equal
Minimum sum: 28
Continuous lower bound achieved.
The is the sum of cliques
Complement upper bound achieved.
Elapsed time: 2.901104211807251 seconds.

Working on n=11, k=20, i=15
Loading data from clique_data.json
Lower and upper bounds are equal
Minimum sum: 26
Continuous lower bound achieved.
Complement upper bound achieved.
Elapsed time: 3.27431583404541 seconds.

Working on n=11, k=20, i=16
Loading data from clique_data.json
Lower and upper bounds are equal
Minimum sum: 25
Continuous lower bound achieved.
The is the sum of cliques
Complement upper bound achieved.
Elapsed time: 3.043086051940918 seconds.

Working on n=11, k=20, i=17
Loading data from clique_data.json
Lower and upper bounds are equal
Minimum sum: 24
Continuous lower bound achieved.
The is the sum of cliques
Complement upper bound achieved.
Elapsed time: 2.991790294647217 seconds.

Working on n=11, k=20, i=18
Loading data from clique_data.json
Lower and upper bounds are equal
Minimum sum: 22
Continuous lower bound achieved.
The is the sum of cliques
Complement upper bound achieved.
Elapsed time: 2.9325063228607178 seconds.

Working on n=11, k=20, i=19
Loading data from clique_data.json
Lower and upper bounds are equal
Minimum sum: 21
Continuous lower bound achieved.
The is the sum of cliques
Complement upper bound achieved.
Elapsed time: 3.01015567779541 seconds.

Working on n=11, k=20, i=20
Loading data from clique_data.json
Lower and upper bounds are equal
Minimum sum: 20
Continuous lower bound achieved.
This is a flower.
The is the sum of cliques
Elapsed time: 3.0411605834960938 seconds.

Working on n=12, k=01, i=00
Loading data from clique_data.json
Lower and upper bounds are equal
Minimum sum: 12
Continuous lower bound achieved.
This is a flower.
Elapsed time: 6.67100191116333 seconds.

Working on n=12, k=01, i=01
Loading data from clique_data.json
Lower and upper bounds are equal
Minimum sum: 1
Continuous lower bound achieved.
This is a flower.
Elapsed time: 6.538736343383789 seconds.

Working on n=12, k=02, i=00
Loading data from clique_data.json
Lower and upper bounds are equal
Minimum sum: 24
Continuous lower bound achieved.
This is a flower.
The is the sum of cliques
Elapsed time: 6.534905195236206 seconds.

Working on n=12, k=02, i=01
Loading data from clique_data.json
Lower and upper bounds are equal
Minimum sum: 13
This is a flower.
The is the sum of cliques
Elapsed time: 6.4338953495025635 seconds.

Working on n=12, k=02, i=02
Loading data from clique_data.json
Lower and upper bounds are equal
Minimum sum: 2
Continuous lower bound achieved.
This is a flower.
The is the sum of cliques
Elapsed time: 6.563560485839844 seconds.

Working on n=12, k=03, i=00
Loading data from clique_data.json
Lower and upper bounds are equal
Minimum sum: 36
Continuous lower bound achieved.
This is a flower.
The is the sum of cliques
Elapsed time: 6.556589365005493 seconds.

Working on n=12, k=03, i=01
Loading data from clique_data.json
Lower and upper bounds are equal
Minimum sum: 25
This is a flower.
The is the sum of cliques
Elapsed time: 6.5442445278167725 seconds.

Working on n=12, k=03, i=02
Loading data from clique_data.json
Lower and upper bounds are equal
Minimum sum: 14
This is a flower.
The is the sum of cliques
Elapsed time: 7.164875507354736 seconds.

Working on n=12, k=03, i=03
Loading data from clique_data.json
Lower and upper bounds are equal
Minimum sum: 3
Continuous lower bound achieved.
This is a flower.
The is the sum of cliques
Elapsed time: 6.803448915481567 seconds.

Working on n=12, k=04, i=00
Loading data from clique_data.json
Lower and upper bounds are equal
Minimum sum: 48
Continuous lower bound achieved.
This is a flower.
The is the sum of cliques
Elapsed time: 6.736377954483032 seconds.

Working on n=12, k=04, i=01
Loading data from clique_data.json
Lower and upper bounds are equal
Minimum sum: 13
Continuous lower bound achieved.
Vector space upper bound achieved.
Elapsed time: 6.468199253082275 seconds.

Working on n=12, k=04, i=02
Loading data from clique_data.json
Lower and upper bounds are equal
Minimum sum: 26
This is a flower.
The is the sum of cliques
Elapsed time: 6.498088359832764 seconds.

Working on n=12, k=04, i=03
Loading data from clique_data.json
Lower and upper bounds are equal
Minimum sum: 15
This is a flower.
The is the sum of cliques
Elapsed time: 6.639458417892456 seconds.

Working on n=12, k=04, i=04
Loading data from clique_data.json
Lower and upper bounds are equal
Minimum sum: 4
Continuous lower bound achieved.
This is a flower.
The is the sum of cliques
Elapsed time: 6.527872323989868 seconds.

Working on n=12, k=05, i=00
Loading data from clique_data.json
Lower and upper bounds are equal
Minimum sum: 60
Continuous lower bound achieved.
This is a flower.
The is the sum of cliques
Elapsed time: 6.600950002670288 seconds.

Working on n=12, k=05, i=01
Loading data from clique_data.json
Minimum sum: 19
Continuous lower bound achieved.
Elapsed time: 316.01836609840393 seconds.

Working on n=12, k=05, i=02
Loading data from clique_data.json

Working on n=12, k=05, i=03
Loading data from clique_data.json
Lower and upper bounds are equal
Minimum sum: 27
This is a flower.
The is the sum of cliques
Elapsed time: 6.612207412719727 seconds.

Working on n=12, k=05, i=04
Loading data from clique_data.json
Lower and upper bounds are equal
Minimum sum: 16
This is a flower.
The is the sum of cliques
Elapsed time: 6.694068908691406 seconds.

Working on n=12, k=05, i=05
Loading data from clique_data.json
Lower and upper bounds are equal
Minimum sum: 5
Continuous lower bound achieved.
This is a flower.
The is the sum of cliques
Elapsed time: 7.125064849853516 seconds.

Working on n=12, k=06, i=00
Loading data from clique_data.json
Lower and upper bounds are equal
Minimum sum: 72
Continuous lower bound achieved.
This is a flower.
The is the sum of cliques
Elapsed time: 6.486522436141968 seconds.

Working on n=12, k=06, i=01
Loading data from clique_data.json
Minimum sum: 26
Continuous lower bound achieved.
Elapsed time: 319.9295427799225 seconds.

Working on n=12, k=06, i=02
Loading data from clique_data.json

Working on n=12, k=06, i=03
Loading data from clique_data.json

Working on n=12, k=06, i=04
Loading data from clique_data.json
Lower and upper bounds are equal
Minimum sum: 28
This is a flower.
The is the sum of cliques
Elapsed time: 6.96758770942688 seconds.

Working on n=12, k=06, i=05
Loading data from clique_data.json
Lower and upper bounds are equal
Minimum sum: 17
This is a flower.
The is the sum of cliques
Elapsed time: 6.632673263549805 seconds.

Working on n=12, k=06, i=06
Loading data from clique_data.json
Lower and upper bounds are equal
Minimum sum: 6
Continuous lower bound achieved.
This is a flower.
The is the sum of cliques
Elapsed time: 6.514687538146973 seconds.

Working on n=12, k=07, i=00
Loading data from clique_data.json
Lower and upper bounds are equal
Minimum sum: 84
Continuous lower bound achieved.
This is a flower.
The is the sum of cliques
Elapsed time: 6.585557460784912 seconds.

Working on n=12, k=07, i=01
Loading data from clique_data.json
Minimum sum: 34
Continuous lower bound achieved.
Elapsed time: 366.95631527900696 seconds.

Working on n=12, k=07, i=02
Loading data from clique_data.json

Working on n=12, k=07, i=03
Loading data from clique_data.json
