srun: Job step aborted: Waiting up to 32 seconds for job step to finish.
slurmstepd: error: *** STEP 6202574.47 ON compute069 CANCELLED AT 2025-03-18T13:58:26 ***
slurmstepd: error: Detected 1 oom_kill event in StepId=6202577.48. Some of the step tasks have been OOM Killed.
srun: error: compute069: task 0: Out Of Memory
Traceback (most recent call last):
  File "/home/ajherman/Graph/chromatic/clique_generator.py", line 336, in <module>
    raise Exception(f"Error: n={n}, k={k}, i={i}, k1={k1}, i1={i1}, k2={k2}, i2={i2}")
Exception: Error: n=11, k=10, i=9, k1=1, i1=1, k2=9, i2=8
srun: error: compute069: task 0: Exited with exit code 1
Traceback (most recent call last):
  File "/home/ajherman/Graph/chromatic/clique_generator.py", line 336, in <module>
    raise Exception(f"Error: n={n}, k={k}, i={i}, k1={k1}, i1={i1}, k2={k2}, i2={i2}")
Exception: Error: n=11, k=11, i=10, k1=1, i1=1, k2=10, i2=9
srun: error: compute069: task 0: Exited with exit code 1
Traceback (most recent call last):
  File "/home/ajherman/Graph/chromatic/clique_generator.py", line 336, in <module>
    raise Exception(f"Error: n={n}, k={k}, i={i}, k1={k1}, i1={i1}, k2={k2}, i2={i2}")
Exception: Error: n=11, k=12, i=11, k1=1, i1=1, k2=11, i2=10
srun: error: compute069: task 0: Exited with exit code 1
Traceback (most recent call last):
  File "/home/ajherman/Graph/chromatic/clique_generator.py", line 336, in <module>
    raise Exception(f"Error: n={n}, k={k}, i={i}, k1={k1}, i1={i1}, k2={k2}, i2={i2}")
Exception: Error: n=11, k=13, i=12, k1=1, i1=1, k2=12, i2=11
srun: error: compute069: task 0: Exited with exit code 1
Traceback (most recent call last):
  File "/home/ajherman/Graph/chromatic/clique_generator.py", line 336, in <module>
    raise Exception(f"Error: n={n}, k={k}, i={i}, k1={k1}, i1={i1}, k2={k2}, i2={i2}")
Exception: Error: n=11, k=14, i=13, k1=1, i1=1, k2=13, i2=12
srun: error: compute069: task 0: Exited with exit code 1
Traceback (most recent call last):
  File "/home/ajherman/Graph/chromatic/clique_generator.py", line 336, in <module>
    raise Exception(f"Error: n={n}, k={k}, i={i}, k1={k1}, i1={i1}, k2={k2}, i2={i2}")
Exception: Error: n=11, k=15, i=14, k1=1, i1=1, k2=14, i2=13
srun: error: compute069: task 0: Exited with exit code 1
Traceback (most recent call last):
  File "/home/ajherman/Graph/chromatic/clique_generator.py", line 336, in <module>
    raise Exception(f"Error: n={n}, k={k}, i={i}, k1={k1}, i1={i1}, k2={k2}, i2={i2}")
Exception: Error: n=11, k=16, i=15, k1=1, i1=1, k2=15, i2=14
srun: error: compute069: task 0: Exited with exit code 1
Traceback (most recent call last):
  File "/home/ajherman/Graph/chromatic/clique_generator.py", line 336, in <module>
    raise Exception(f"Error: n={n}, k={k}, i={i}, k1={k1}, i1={i1}, k2={k2}, i2={i2}")
Exception: Error: n=11, k=17, i=16, k1=1, i1=1, k2=16, i2=15
srun: error: compute069: task 0: Exited with exit code 1
Traceback (most recent call last):
  File "/home/ajherman/Graph/chromatic/clique_generator.py", line 336, in <module>
    raise Exception(f"Error: n={n}, k={k}, i={i}, k1={k1}, i1={i1}, k2={k2}, i2={i2}")
Exception: Error: n=11, k=18, i=17, k1=1, i1=1, k2=17, i2=16
srun: error: compute069: task 0: Exited with exit code 1
Traceback (most recent call last):
  File "/home/ajherman/Graph/chromatic/clique_generator.py", line 336, in <module>
    raise Exception(f"Error: n={n}, k={k}, i={i}, k1={k1}, i1={i1}, k2={k2}, i2={i2}")
Exception: Error: n=11, k=19, i=18, k1=1, i1=1, k2=18, i2=17
srun: error: compute069: task 0: Exited with exit code 1
Traceback (most recent call last):
  File "/home/ajherman/Graph/chromatic/clique_generator.py", line 336, in <module>
    raise Exception(f"Error: n={n}, k={k}, i={i}, k1={k1}, i1={i1}, k2={k2}, i2={i2}")
Exception: Error: n=11, k=20, i=19, k1=1, i1=1, k2=19, i2=18
srun: error: compute069: task 0: Exited with exit code 1
Traceback (most recent call last):
  File "/home/ajherman/Graph/chromatic/clique_generator.py", line 336, in <module>
    raise Exception(f"Error: n={n}, k={k}, i={i}, k1={k1}, i1={i1}, k2={k2}, i2={i2}")
Exception: Error: n=11, k=21, i=20, k1=1, i1=1, k2=20, i2=19
srun: error: compute069: task 0: Exited with exit code 1
Traceback (most recent call last):
  File "/home/ajherman/Graph/chromatic/clique_generator.py", line 336, in <module>
    raise Exception(f"Error: n={n}, k={k}, i={i}, k1={k1}, i1={i1}, k2={k2}, i2={i2}")
Exception: Error: n=11, k=22, i=21, k1=1, i1=1, k2=21, i2=20
srun: error: compute069: task 0: Exited with exit code 1
Traceback (most recent call last):
  File "/home/ajherman/Graph/chromatic/clique_generator.py", line 336, in <module>
    raise Exception(f"Error: n={n}, k={k}, i={i}, k1={k1}, i1={i1}, k2={k2}, i2={i2}")
Exception: Error: n=11, k=23, i=22, k1=1, i1=1, k2=22, i2=21
srun: error: compute069: task 0: Exited with exit code 1
Traceback (most recent call last):
  File "/home/ajherman/Graph/chromatic/clique_generator.py", line 336, in <module>
    raise Exception(f"Error: n={n}, k={k}, i={i}, k1={k1}, i1={i1}, k2={k2}, i2={i2}")
Exception: Error: n=11, k=24, i=23, k1=1, i1=1, k2=23, i2=22
srun: error: compute069: task 0: Exited with exit code 1
Traceback (most recent call last):
  File "/home/ajherman/Graph/chromatic/clique_generator.py", line 336, in <module>
    raise Exception(f"Error: n={n}, k={k}, i={i}, k1={k1}, i1={i1}, k2={k2}, i2={i2}")
Exception: Error: n=11, k=25, i=24, k1=1, i1=1, k2=24, i2=23
srun: error: compute069: task 0: Exited with exit code 1
Traceback (most recent call last):
  File "/home/ajherman/Graph/chromatic/clique_generator.py", line 336, in <module>
    raise Exception(f"Error: n={n}, k={k}, i={i}, k1={k1}, i1={i1}, k2={k2}, i2={i2}")
Exception: Error: n=11, k=26, i=25, k1=1, i1=1, k2=25, i2=24
srun: error: compute069: task 0: Exited with exit code 1
Traceback (most recent call last):
  File "/home/ajherman/Graph/chromatic/clique_generator.py", line 336, in <module>
    raise Exception(f"Error: n={n}, k={k}, i={i}, k1={k1}, i1={i1}, k2={k2}, i2={i2}")
Exception: Error: n=11, k=27, i=26, k1=1, i1=1, k2=26, i2=25
srun: error: compute069: task 0: Exited with exit code 1
Traceback (most recent call last):
  File "/home/ajherman/Graph/chromatic/clique_generator.py", line 336, in <module>
    raise Exception(f"Error: n={n}, k={k}, i={i}, k1={k1}, i1={i1}, k2={k2}, i2={i2}")
Exception: Error: n=11, k=28, i=27, k1=1, i1=1, k2=27, i2=26
srun: error: compute069: task 0: Exited with exit code 1
Traceback (most recent call last):
  File "/home/ajherman/Graph/chromatic/clique_generator.py", line 336, in <module>
    raise Exception(f"Error: n={n}, k={k}, i={i}, k1={k1}, i1={i1}, k2={k2}, i2={i2}")
Exception: Error: n=11, k=29, i=28, k1=1, i1=1, k2=28, i2=27
srun: error: compute069: task 0: Exited with exit code 1
Traceback (most recent call last):
  File "/home/ajherman/Graph/chromatic/clique_generator.py", line 336, in <module>
    raise Exception(f"Error: n={n}, k={k}, i={i}, k1={k1}, i1={i1}, k2={k2}, i2={i2}")
Exception: Error: n=11, k=30, i=29, k1=1, i1=1, k2=29, i2=28
srun: error: compute069: task 0: Exited with exit code 1
Traceback (most recent call last):
  File "/home/ajherman/Graph/chromatic/clique_generator.py", line 336, in <module>
    raise Exception(f"Error: n={n}, k={k}, i={i}, k1={k1}, i1={i1}, k2={k2}, i2={i2}")
Exception: Error: n=11, k=31, i=30, k1=1, i1=1, k2=30, i2=29
srun: error: compute069: task 0: Exited with exit code 1
Traceback (most recent call last):
  File "/home/ajherman/Graph/chromatic/clique_generator.py", line 336, in <module>
    raise Exception(f"Error: n={n}, k={k}, i={i}, k1={k1}, i1={i1}, k2={k2}, i2={i2}")
Exception: Error: n=11, k=32, i=31, k1=1, i1=1, k2=31, i2=30
srun: error: compute069: task 0: Exited with exit code 1
Traceback (most recent call last):
  File "/home/ajherman/Graph/chromatic/clique_generator.py", line 336, in <module>
    raise Exception(f"Error: n={n}, k={k}, i={i}, k1={k1}, i1={i1}, k2={k2}, i2={i2}")
Exception: Error: n=11, k=33, i=32, k1=1, i1=1, k2=32, i2=31
srun: error: compute069: task 0: Exited with exit code 1
Traceback (most recent call last):
  File "/home/ajherman/Graph/chromatic/clique_generator.py", line 336, in <module>
    raise Exception(f"Error: n={n}, k={k}, i={i}, k1={k1}, i1={i1}, k2={k2}, i2={i2}")
Exception: Error: n=11, k=34, i=33, k1=1, i1=1, k2=33, i2=32
srun: error: compute069: task 0: Exited with exit code 1
Traceback (most recent call last):
  File "/home/ajherman/Graph/chromatic/clique_generator.py", line 336, in <module>
    raise Exception(f"Error: n={n}, k={k}, i={i}, k1={k1}, i1={i1}, k2={k2}, i2={i2}")
Exception: Error: n=11, k=35, i=34, k1=1, i1=1, k2=34, i2=33
srun: error: compute069: task 0: Exited with exit code 1
Traceback (most recent call last):
  File "/home/ajherman/Graph/chromatic/clique_generator.py", line 336, in <module>
    raise Exception(f"Error: n={n}, k={k}, i={i}, k1={k1}, i1={i1}, k2={k2}, i2={i2}")
Exception: Error: n=11, k=36, i=35, k1=1, i1=1, k2=35, i2=34
srun: error: compute069: task 0: Exited with exit code 1
Traceback (most recent call last):
  File "/home/ajherman/Graph/chromatic/clique_generator.py", line 336, in <module>
    raise Exception(f"Error: n={n}, k={k}, i={i}, k1={k1}, i1={i1}, k2={k2}, i2={i2}")
Exception: Error: n=11, k=37, i=36, k1=1, i1=1, k2=36, i2=35
srun: error: compute069: task 0: Exited with exit code 1
Traceback (most recent call last):
  File "/home/ajherman/Graph/chromatic/clique_generator.py", line 336, in <module>
    raise Exception(f"Error: n={n}, k={k}, i={i}, k1={k1}, i1={i1}, k2={k2}, i2={i2}")
Exception: Error: n=11, k=38, i=37, k1=1, i1=1, k2=37, i2=36
srun: error: compute069: task 0: Exited with exit code 1
Traceback (most recent call last):
  File "/home/ajherman/Graph/chromatic/clique_generator.py", line 336, in <module>
    raise Exception(f"Error: n={n}, k={k}, i={i}, k1={k1}, i1={i1}, k2={k2}, i2={i2}")
Exception: Error: n=11, k=39, i=38, k1=1, i1=1, k2=38, i2=37
srun: error: compute069: task 0: Exited with exit code 1
Traceback (most recent call last):
  File "/home/ajherman/Graph/chromatic/clique_generator.py", line 336, in <module>
    raise Exception(f"Error: n={n}, k={k}, i={i}, k1={k1}, i1={i1}, k2={k2}, i2={i2}")
Exception: Error: n=11, k=40, i=39, k1=1, i1=1, k2=39, i2=38
srun: error: compute069: task 0: Exited with exit code 1
Traceback (most recent call last):
  File "/home/ajherman/Graph/chromatic/clique_generator.py", line 336, in <module>
    raise Exception(f"Error: n={n}, k={k}, i={i}, k1={k1}, i1={i1}, k2={k2}, i2={i2}")
Exception: Error: n=11, k=41, i=40, k1=1, i1=1, k2=40, i2=39
srun: error: compute069: task 0: Exited with exit code 1
Traceback (most recent call last):
  File "/home/ajherman/Graph/chromatic/clique_generator.py", line 336, in <module>
    raise Exception(f"Error: n={n}, k={k}, i={i}, k1={k1}, i1={i1}, k2={k2}, i2={i2}")
Exception: Error: n=11, k=10, i=8, k1=1, i1=0, k2=9, i2=8
srun: error: compute069: task 0: Exited with exit code 1
Traceback (most recent call last):
  File "/home/ajherman/Graph/chromatic/clique_generator.py", line 336, in <module>
    raise Exception(f"Error: n={n}, k={k}, i={i}, k1={k1}, i1={i1}, k2={k2}, i2={i2}")
Exception: Error: n=11, k=11, i=9, k1=1, i1=0, k2=10, i2=9
srun: error: compute069: task 0: Exited with exit code 1
Traceback (most recent call last):
  File "/home/ajherman/Graph/chromatic/clique_generator.py", line 336, in <module>
    raise Exception(f"Error: n={n}, k={k}, i={i}, k1={k1}, i1={i1}, k2={k2}, i2={i2}")
Exception: Error: n=11, k=12, i=10, k1=1, i1=0, k2=11, i2=10
srun: error: compute069: task 0: Exited with exit code 1
Traceback (most recent call last):
  File "/home/ajherman/Graph/chromatic/clique_generator.py", line 336, in <module>
    raise Exception(f"Error: n={n}, k={k}, i={i}, k1={k1}, i1={i1}, k2={k2}, i2={i2}")
Exception: Error: n=11, k=13, i=11, k1=1, i1=0, k2=12, i2=11
srun: error: compute069: task 0: Exited with exit code 1
Traceback (most recent call last):
  File "/home/ajherman/Graph/chromatic/clique_generator.py", line 336, in <module>
    raise Exception(f"Error: n={n}, k={k}, i={i}, k1={k1}, i1={i1}, k2={k2}, i2={i2}")
Exception: Error: n=11, k=14, i=12, k1=1, i1=0, k2=13, i2=12
srun: error: compute069: task 0: Exited with exit code 1
Traceback (most recent call last):
  File "/home/ajherman/Graph/chromatic/clique_generator.py", line 336, in <module>
    raise Exception(f"Error: n={n}, k={k}, i={i}, k1={k1}, i1={i1}, k2={k2}, i2={i2}")
Exception: Error: n=11, k=15, i=13, k1=1, i1=0, k2=14, i2=13
srun: error: compute069: task 0: Exited with exit code 1
Traceback (most recent call last):
  File "/home/ajherman/Graph/chromatic/clique_generator.py", line 336, in <module>
    raise Exception(f"Error: n={n}, k={k}, i={i}, k1={k1}, i1={i1}, k2={k2}, i2={i2}")
Exception: Error: n=11, k=16, i=14, k1=1, i1=0, k2=15, i2=14
srun: error: compute069: task 0: Exited with exit code 1
Traceback (most recent call last):
  File "/home/ajherman/Graph/chromatic/clique_generator.py", line 336, in <module>
    raise Exception(f"Error: n={n}, k={k}, i={i}, k1={k1}, i1={i1}, k2={k2}, i2={i2}")
Exception: Error: n=11, k=17, i=15, k1=1, i1=0, k2=16, i2=15
srun: error: compute069: task 0: Exited with exit code 1
Traceback (most recent call last):
  File "/home/ajherman/Graph/chromatic/clique_generator.py", line 336, in <module>
    raise Exception(f"Error: n={n}, k={k}, i={i}, k1={k1}, i1={i1}, k2={k2}, i2={i2}")
Exception: Error: n=11, k=18, i=16, k1=1, i1=0, k2=17, i2=16
srun: error: compute069: task 0: Exited with exit code 1
Traceback (most recent call last):
  File "/home/ajherman/Graph/chromatic/clique_generator.py", line 336, in <module>
    raise Exception(f"Error: n={n}, k={k}, i={i}, k1={k1}, i1={i1}, k2={k2}, i2={i2}")
Exception: Error: n=11, k=19, i=17, k1=1, i1=0, k2=18, i2=17
srun: error: compute069: task 0: Exited with exit code 1
Traceback (most recent call last):
  File "/home/ajherman/Graph/chromatic/clique_generator.py", line 336, in <module>
    raise Exception(f"Error: n={n}, k={k}, i={i}, k1={k1}, i1={i1}, k2={k2}, i2={i2}")
Exception: Error: n=11, k=20, i=18, k1=1, i1=0, k2=19, i2=18
srun: error: compute069: task 0: Exited with exit code 1
Traceback (most recent call last):
  File "/home/ajherman/Graph/chromatic/clique_generator.py", line 336, in <module>
    raise Exception(f"Error: n={n}, k={k}, i={i}, k1={k1}, i1={i1}, k2={k2}, i2={i2}")
Exception: Error: n=11, k=21, i=19, k1=1, i1=0, k2=20, i2=19
srun: error: compute069: task 0: Exited with exit code 1
Traceback (most recent call last):
  File "/home/ajherman/Graph/chromatic/clique_generator.py", line 336, in <module>
    raise Exception(f"Error: n={n}, k={k}, i={i}, k1={k1}, i1={i1}, k2={k2}, i2={i2}")
Exception: Error: n=11, k=22, i=20, k1=1, i1=0, k2=21, i2=20
srun: error: compute069: task 0: Exited with exit code 1
Traceback (most recent call last):
  File "/home/ajherman/Graph/chromatic/clique_generator.py", line 336, in <module>
    raise Exception(f"Error: n={n}, k={k}, i={i}, k1={k1}, i1={i1}, k2={k2}, i2={i2}")
Exception: Error: n=11, k=23, i=21, k1=1, i1=0, k2=22, i2=21
srun: error: compute069: task 0: Exited with exit code 1
Traceback (most recent call last):
  File "/home/ajherman/Graph/chromatic/clique_generator.py", line 336, in <module>
    raise Exception(f"Error: n={n}, k={k}, i={i}, k1={k1}, i1={i1}, k2={k2}, i2={i2}")
Exception: Error: n=11, k=24, i=22, k1=1, i1=0, k2=23, i2=22
srun: error: compute069: task 0: Exited with exit code 1
Traceback (most recent call last):
  File "/home/ajherman/Graph/chromatic/clique_generator.py", line 336, in <module>
    raise Exception(f"Error: n={n}, k={k}, i={i}, k1={k1}, i1={i1}, k2={k2}, i2={i2}")
Exception: Error: n=11, k=25, i=23, k1=1, i1=0, k2=24, i2=23
srun: error: compute069: task 0: Exited with exit code 1
Traceback (most recent call last):
  File "/home/ajherman/Graph/chromatic/clique_generator.py", line 336, in <module>
    raise Exception(f"Error: n={n}, k={k}, i={i}, k1={k1}, i1={i1}, k2={k2}, i2={i2}")
Exception: Error: n=11, k=26, i=24, k1=1, i1=0, k2=25, i2=24
srun: error: compute069: task 0: Exited with exit code 1
Traceback (most recent call last):
  File "/home/ajherman/Graph/chromatic/clique_generator.py", line 336, in <module>
    raise Exception(f"Error: n={n}, k={k}, i={i}, k1={k1}, i1={i1}, k2={k2}, i2={i2}")
Exception: Error: n=11, k=27, i=25, k1=1, i1=0, k2=26, i2=25
srun: error: compute069: task 0: Exited with exit code 1
Traceback (most recent call last):
  File "/home/ajherman/Graph/chromatic/clique_generator.py", line 336, in <module>
    raise Exception(f"Error: n={n}, k={k}, i={i}, k1={k1}, i1={i1}, k2={k2}, i2={i2}")
Exception: Error: n=11, k=28, i=26, k1=1, i1=0, k2=27, i2=26
srun: error: compute069: task 0: Exited with exit code 1
Traceback (most recent call last):
  File "/home/ajherman/Graph/chromatic/clique_generator.py", line 336, in <module>
    raise Exception(f"Error: n={n}, k={k}, i={i}, k1={k1}, i1={i1}, k2={k2}, i2={i2}")
Exception: Error: n=11, k=29, i=27, k1=1, i1=0, k2=28, i2=27
srun: error: compute069: task 0: Exited with exit code 1
Traceback (most recent call last):
  File "/home/ajherman/Graph/chromatic/clique_generator.py", line 336, in <module>
    raise Exception(f"Error: n={n}, k={k}, i={i}, k1={k1}, i1={i1}, k2={k2}, i2={i2}")
Exception: Error: n=11, k=30, i=28, k1=1, i1=0, k2=29, i2=28
srun: error: compute069: task 0: Exited with exit code 1
Traceback (most recent call last):
  File "/home/ajherman/Graph/chromatic/clique_generator.py", line 336, in <module>
    raise Exception(f"Error: n={n}, k={k}, i={i}, k1={k1}, i1={i1}, k2={k2}, i2={i2}")
Exception: Error: n=11, k=31, i=29, k1=1, i1=0, k2=30, i2=29
srun: error: compute069: task 0: Exited with exit code 1
Traceback (most recent call last):
  File "/home/ajherman/Graph/chromatic/clique_generator.py", line 336, in <module>
    raise Exception(f"Error: n={n}, k={k}, i={i}, k1={k1}, i1={i1}, k2={k2}, i2={i2}")
Exception: Error: n=11, k=32, i=30, k1=1, i1=0, k2=31, i2=30
srun: error: compute069: task 0: Exited with exit code 1
Traceback (most recent call last):
  File "/home/ajherman/Graph/chromatic/clique_generator.py", line 336, in <module>
    raise Exception(f"Error: n={n}, k={k}, i={i}, k1={k1}, i1={i1}, k2={k2}, i2={i2}")
Exception: Error: n=11, k=33, i=31, k1=1, i1=0, k2=32, i2=31
srun: error: compute069: task 0: Exited with exit code 1
Traceback (most recent call last):
  File "/home/ajherman/Graph/chromatic/clique_generator.py", line 336, in <module>
    raise Exception(f"Error: n={n}, k={k}, i={i}, k1={k1}, i1={i1}, k2={k2}, i2={i2}")
Exception: Error: n=11, k=34, i=32, k1=1, i1=0, k2=33, i2=32
srun: error: compute069: task 0: Exited with exit code 1
Traceback (most recent call last):
  File "/home/ajherman/Graph/chromatic/clique_generator.py", line 336, in <module>
    raise Exception(f"Error: n={n}, k={k}, i={i}, k1={k1}, i1={i1}, k2={k2}, i2={i2}")
Exception: Error: n=11, k=35, i=33, k1=1, i1=0, k2=34, i2=33
srun: error: compute069: task 0: Exited with exit code 1
Traceback (most recent call last):
  File "/home/ajherman/Graph/chromatic/clique_generator.py", line 336, in <module>
    raise Exception(f"Error: n={n}, k={k}, i={i}, k1={k1}, i1={i1}, k2={k2}, i2={i2}")
Exception: Error: n=11, k=36, i=34, k1=1, i1=0, k2=35, i2=34
srun: error: compute069: task 0: Exited with exit code 1
Traceback (most recent call last):
  File "/home/ajherman/Graph/chromatic/clique_generator.py", line 336, in <module>
    raise Exception(f"Error: n={n}, k={k}, i={i}, k1={k1}, i1={i1}, k2={k2}, i2={i2}")
Exception: Error: n=11, k=37, i=35, k1=1, i1=0, k2=36, i2=35
srun: error: compute069: task 0: Exited with exit code 1
Traceback (most recent call last):
  File "/home/ajherman/Graph/chromatic/clique_generator.py", line 336, in <module>
    raise Exception(f"Error: n={n}, k={k}, i={i}, k1={k1}, i1={i1}, k2={k2}, i2={i2}")
Exception: Error: n=11, k=38, i=36, k1=1, i1=0, k2=37, i2=36
srun: error: compute069: task 0: Exited with exit code 1
Traceback (most recent call last):
  File "/home/ajherman/Graph/chromatic/clique_generator.py", line 336, in <module>
    raise Exception(f"Error: n={n}, k={k}, i={i}, k1={k1}, i1={i1}, k2={k2}, i2={i2}")
Exception: Error: n=11, k=39, i=37, k1=1, i1=0, k2=38, i2=37
srun: error: compute069: task 0: Exited with exit code 1
Traceback (most recent call last):
  File "/home/ajherman/Graph/chromatic/clique_generator.py", line 336, in <module>
    raise Exception(f"Error: n={n}, k={k}, i={i}, k1={k1}, i1={i1}, k2={k2}, i2={i2}")
Exception: Error: n=11, k=40, i=38, k1=1, i1=0, k2=39, i2=38
srun: error: compute069: task 0: Exited with exit code 1
Traceback (most recent call last):
  File "/home/ajherman/Graph/chromatic/clique_generator.py", line 336, in <module>
    raise Exception(f"Error: n={n}, k={k}, i={i}, k1={k1}, i1={i1}, k2={k2}, i2={i2}")
Exception: Error: n=11, k=41, i=39, k1=1, i1=0, k2=40, i2=39
srun: error: compute069: task 0: Exited with exit code 1
Traceback (most recent call last):
  File "/home/ajherman/Graph/chromatic/clique_generator.py", line 336, in <module>
    raise Exception(f"Error: n={n}, k={k}, i={i}, k1={k1}, i1={i1}, k2={k2}, i2={i2}")
Exception: Error: n=11, k=42, i=40, k1=1, i1=0, k2=41, i2=40
srun: error: compute069: task 0: Exited with exit code 1
Traceback (most recent call last):
  File "/home/ajherman/Graph/chromatic/clique_generator.py", line 336, in <module>
    raise Exception(f"Error: n={n}, k={k}, i={i}, k1={k1}, i1={i1}, k2={k2}, i2={i2}")
Exception: Error: n=11, k=11, i=8, k1=1, i1=0, k2=10, i2=8
srun: error: compute069: task 0: Exited with exit code 1
Traceback (most recent call last):
  File "/home/ajherman/Graph/chromatic/clique_generator.py", line 336, in <module>
    raise Exception(f"Error: n={n}, k={k}, i={i}, k1={k1}, i1={i1}, k2={k2}, i2={i2}")
Exception: Error: n=11, k=12, i=9, k1=1, i1=0, k2=11, i2=9
srun: error: compute069: task 0: Exited with exit code 1
Traceback (most recent call last):
  File "/home/ajherman/Graph/chromatic/clique_generator.py", line 336, in <module>
    raise Exception(f"Error: n={n}, k={k}, i={i}, k1={k1}, i1={i1}, k2={k2}, i2={i2}")
Exception: Error: n=11, k=13, i=10, k1=1, i1=0, k2=12, i2=10
srun: error: compute069: task 0: Exited with exit code 1
Traceback (most recent call last):
  File "/home/ajherman/Graph/chromatic/clique_generator.py", line 336, in <module>
    raise Exception(f"Error: n={n}, k={k}, i={i}, k1={k1}, i1={i1}, k2={k2}, i2={i2}")
Exception: Error: n=11, k=14, i=11, k1=1, i1=0, k2=13, i2=11
srun: error: compute069: task 0: Exited with exit code 1
Traceback (most recent call last):
  File "/home/ajherman/Graph/chromatic/clique_generator.py", line 336, in <module>
    raise Exception(f"Error: n={n}, k={k}, i={i}, k1={k1}, i1={i1}, k2={k2}, i2={i2}")
Exception: Error: n=11, k=15, i=12, k1=1, i1=0, k2=14, i2=12
srun: error: compute069: task 0: Exited with exit code 1
Traceback (most recent call last):
  File "/home/ajherman/Graph/chromatic/clique_generator.py", line 336, in <module>
    raise Exception(f"Error: n={n}, k={k}, i={i}, k1={k1}, i1={i1}, k2={k2}, i2={i2}")
Exception: Error: n=11, k=16, i=13, k1=1, i1=0, k2=15, i2=13
srun: error: compute069: task 0: Exited with exit code 1
Traceback (most recent call last):
  File "/home/ajherman/Graph/chromatic/clique_generator.py", line 336, in <module>
    raise Exception(f"Error: n={n}, k={k}, i={i}, k1={k1}, i1={i1}, k2={k2}, i2={i2}")
Exception: Error: n=11, k=17, i=14, k1=1, i1=0, k2=16, i2=14
srun: error: compute069: task 0: Exited with exit code 1
Traceback (most recent call last):
  File "/home/ajherman/Graph/chromatic/clique_generator.py", line 336, in <module>
    raise Exception(f"Error: n={n}, k={k}, i={i}, k1={k1}, i1={i1}, k2={k2}, i2={i2}")
Exception: Error: n=11, k=18, i=15, k1=1, i1=0, k2=17, i2=15
srun: error: compute069: task 0: Exited with exit code 1
Traceback (most recent call last):
  File "/home/ajherman/Graph/chromatic/clique_generator.py", line 336, in <module>
    raise Exception(f"Error: n={n}, k={k}, i={i}, k1={k1}, i1={i1}, k2={k2}, i2={i2}")
Exception: Error: n=11, k=19, i=16, k1=1, i1=0, k2=18, i2=16
srun: error: compute069: task 0: Exited with exit code 1
Traceback (most recent call last):
  File "/home/ajherman/Graph/chromatic/clique_generator.py", line 336, in <module>
    raise Exception(f"Error: n={n}, k={k}, i={i}, k1={k1}, i1={i1}, k2={k2}, i2={i2}")
Exception: Error: n=11, k=20, i=17, k1=1, i1=0, k2=19, i2=17
srun: error: compute069: task 0: Exited with exit code 1
Traceback (most recent call last):
  File "/home/ajherman/Graph/chromatic/clique_generator.py", line 336, in <module>
    raise Exception(f"Error: n={n}, k={k}, i={i}, k1={k1}, i1={i1}, k2={k2}, i2={i2}")
Exception: Error: n=11, k=21, i=18, k1=1, i1=0, k2=20, i2=18
srun: error: compute069: task 0: Exited with exit code 1
Traceback (most recent call last):
  File "/home/ajherman/Graph/chromatic/clique_generator.py", line 336, in <module>
    raise Exception(f"Error: n={n}, k={k}, i={i}, k1={k1}, i1={i1}, k2={k2}, i2={i2}")
Exception: Error: n=11, k=22, i=19, k1=1, i1=0, k2=21, i2=19
srun: error: compute069: task 0: Exited with exit code 1
Traceback (most recent call last):
  File "/home/ajherman/Graph/chromatic/clique_generator.py", line 336, in <module>
    raise Exception(f"Error: n={n}, k={k}, i={i}, k1={k1}, i1={i1}, k2={k2}, i2={i2}")
Exception: Error: n=11, k=23, i=20, k1=1, i1=0, k2=22, i2=20
srun: error: compute069: task 0: Exited with exit code 1
Traceback (most recent call last):
  File "/home/ajherman/Graph/chromatic/clique_generator.py", line 336, in <module>
    raise Exception(f"Error: n={n}, k={k}, i={i}, k1={k1}, i1={i1}, k2={k2}, i2={i2}")
Exception: Error: n=11, k=24, i=21, k1=1, i1=0, k2=23, i2=21
srun: error: compute069: task 0: Exited with exit code 1
Traceback (most recent call last):
  File "/home/ajherman/Graph/chromatic/clique_generator.py", line 336, in <module>
    raise Exception(f"Error: n={n}, k={k}, i={i}, k1={k1}, i1={i1}, k2={k2}, i2={i2}")
Exception: Error: n=11, k=25, i=22, k1=1, i1=0, k2=24, i2=22
srun: error: compute069: task 0: Exited with exit code 1
Traceback (most recent call last):
  File "/home/ajherman/Graph/chromatic/clique_generator.py", line 336, in <module>
    raise Exception(f"Error: n={n}, k={k}, i={i}, k1={k1}, i1={i1}, k2={k2}, i2={i2}")
Exception: Error: n=11, k=26, i=23, k1=1, i1=0, k2=25, i2=23
srun: error: compute069: task 0: Exited with exit code 1
Traceback (most recent call last):
  File "/home/ajherman/Graph/chromatic/clique_generator.py", line 336, in <module>
    raise Exception(f"Error: n={n}, k={k}, i={i}, k1={k1}, i1={i1}, k2={k2}, i2={i2}")
Exception: Error: n=11, k=27, i=24, k1=1, i1=0, k2=26, i2=24
srun: error: compute069: task 0: Exited with exit code 1
Traceback (most recent call last):
  File "/home/ajherman/Graph/chromatic/clique_generator.py", line 336, in <module>
    raise Exception(f"Error: n={n}, k={k}, i={i}, k1={k1}, i1={i1}, k2={k2}, i2={i2}")
Exception: Error: n=11, k=28, i=25, k1=1, i1=0, k2=27, i2=25
srun: error: compute069: task 0: Exited with exit code 1
Traceback (most recent call last):
  File "/home/ajherman/Graph/chromatic/clique_generator.py", line 336, in <module>
    raise Exception(f"Error: n={n}, k={k}, i={i}, k1={k1}, i1={i1}, k2={k2}, i2={i2}")
Exception: Error: n=11, k=29, i=26, k1=1, i1=0, k2=28, i2=26
srun: error: compute069: task 0: Exited with exit code 1
Traceback (most recent call last):
  File "/home/ajherman/Graph/chromatic/clique_generator.py", line 336, in <module>
    raise Exception(f"Error: n={n}, k={k}, i={i}, k1={k1}, i1={i1}, k2={k2}, i2={i2}")
Exception: Error: n=11, k=30, i=27, k1=1, i1=0, k2=29, i2=27
srun: error: compute069: task 0: Exited with exit code 1
Traceback (most recent call last):
  File "/home/ajherman/Graph/chromatic/clique_generator.py", line 336, in <module>
    raise Exception(f"Error: n={n}, k={k}, i={i}, k1={k1}, i1={i1}, k2={k2}, i2={i2}")
Exception: Error: n=11, k=31, i=28, k1=1, i1=0, k2=30, i2=28
srun: error: compute069: task 0: Exited with exit code 1
Traceback (most recent call last):
  File "/home/ajherman/Graph/chromatic/clique_generator.py", line 336, in <module>
    raise Exception(f"Error: n={n}, k={k}, i={i}, k1={k1}, i1={i1}, k2={k2}, i2={i2}")
Exception: Error: n=11, k=32, i=29, k1=1, i1=0, k2=31, i2=29
srun: error: compute069: task 0: Exited with exit code 1
Traceback (most recent call last):
  File "/home/ajherman/Graph/chromatic/clique_generator.py", line 336, in <module>
    raise Exception(f"Error: n={n}, k={k}, i={i}, k1={k1}, i1={i1}, k2={k2}, i2={i2}")
Exception: Error: n=11, k=33, i=30, k1=1, i1=0, k2=32, i2=30
srun: error: compute069: task 0: Exited with exit code 1
Traceback (most recent call last):
  File "/home/ajherman/Graph/chromatic/clique_generator.py", line 336, in <module>
    raise Exception(f"Error: n={n}, k={k}, i={i}, k1={k1}, i1={i1}, k2={k2}, i2={i2}")
Exception: Error: n=11, k=34, i=31, k1=1, i1=0, k2=33, i2=31
srun: error: compute069: task 0: Exited with exit code 1
Traceback (most recent call last):
  File "/home/ajherman/Graph/chromatic/clique_generator.py", line 336, in <module>
    raise Exception(f"Error: n={n}, k={k}, i={i}, k1={k1}, i1={i1}, k2={k2}, i2={i2}")
Exception: Error: n=11, k=35, i=32, k1=1, i1=0, k2=34, i2=32
srun: error: compute069: task 0: Exited with exit code 1
Traceback (most recent call last):
  File "/home/ajherman/Graph/chromatic/clique_generator.py", line 336, in <module>
    raise Exception(f"Error: n={n}, k={k}, i={i}, k1={k1}, i1={i1}, k2={k2}, i2={i2}")
Exception: Error: n=11, k=36, i=33, k1=1, i1=0, k2=35, i2=33
srun: error: compute069: task 0: Exited with exit code 1
Traceback (most recent call last):
  File "/home/ajherman/Graph/chromatic/clique_generator.py", line 336, in <module>
    raise Exception(f"Error: n={n}, k={k}, i={i}, k1={k1}, i1={i1}, k2={k2}, i2={i2}")
Exception: Error: n=11, k=37, i=34, k1=1, i1=0, k2=36, i2=34
srun: error: compute069: task 0: Exited with exit code 1
Traceback (most recent call last):
  File "/home/ajherman/Graph/chromatic/clique_generator.py", line 336, in <module>
    raise Exception(f"Error: n={n}, k={k}, i={i}, k1={k1}, i1={i1}, k2={k2}, i2={i2}")
Exception: Error: n=11, k=38, i=35, k1=1, i1=0, k2=37, i2=35
srun: error: compute069: task 0: Exited with exit code 1
Traceback (most recent call last):
  File "/home/ajherman/Graph/chromatic/clique_generator.py", line 336, in <module>
    raise Exception(f"Error: n={n}, k={k}, i={i}, k1={k1}, i1={i1}, k2={k2}, i2={i2}")
Exception: Error: n=11, k=39, i=36, k1=1, i1=0, k2=38, i2=36
srun: error: compute069: task 0: Exited with exit code 1
Traceback (most recent call last):
  File "/home/ajherman/Graph/chromatic/clique_generator.py", line 336, in <module>
    raise Exception(f"Error: n={n}, k={k}, i={i}, k1={k1}, i1={i1}, k2={k2}, i2={i2}")
Exception: Error: n=11, k=40, i=37, k1=1, i1=0, k2=39, i2=37
srun: error: compute069: task 0: Exited with exit code 1
Traceback (most recent call last):
  File "/home/ajherman/Graph/chromatic/clique_generator.py", line 336, in <module>
    raise Exception(f"Error: n={n}, k={k}, i={i}, k1={k1}, i1={i1}, k2={k2}, i2={i2}")
Exception: Error: n=11, k=41, i=38, k1=1, i1=0, k2=40, i2=38
srun: error: compute069: task 0: Exited with exit code 1
Traceback (most recent call last):
  File "/home/ajherman/Graph/chromatic/clique_generator.py", line 336, in <module>
    raise Exception(f"Error: n={n}, k={k}, i={i}, k1={k1}, i1={i1}, k2={k2}, i2={i2}")
Exception: Error: n=11, k=42, i=39, k1=1, i1=0, k2=41, i2=39
srun: error: compute069: task 0: Exited with exit code 1
Traceback (most recent call last):
  File "/home/ajherman/Graph/chromatic/clique_generator.py", line 336, in <module>
    raise Exception(f"Error: n={n}, k={k}, i={i}, k1={k1}, i1={i1}, k2={k2}, i2={i2}")
Exception: Error: n=11, k=43, i=40, k1=1, i1=0, k2=42, i2=40
srun: error: compute069: task 0: Exited with exit code 1
Traceback (most recent call last):
  File "/home/ajherman/Graph/chromatic/clique_generator.py", line 336, in <module>
    raise Exception(f"Error: n={n}, k={k}, i={i}, k1={k1}, i1={i1}, k2={k2}, i2={i2}")
Exception: Error: n=11, k=12, i=8, k1=1, i1=0, k2=11, i2=8
srun: error: compute069: task 0: Exited with exit code 1
Traceback (most recent call last):
  File "/home/ajherman/Graph/chromatic/clique_generator.py", line 336, in <module>
    raise Exception(f"Error: n={n}, k={k}, i={i}, k1={k1}, i1={i1}, k2={k2}, i2={i2}")
Exception: Error: n=11, k=13, i=9, k1=1, i1=0, k2=12, i2=9
srun: error: compute069: task 0: Exited with exit code 1
Traceback (most recent call last):
  File "/home/ajherman/Graph/chromatic/clique_generator.py", line 336, in <module>
    raise Exception(f"Error: n={n}, k={k}, i={i}, k1={k1}, i1={i1}, k2={k2}, i2={i2}")
Exception: Error: n=11, k=14, i=10, k1=1, i1=0, k2=13, i2=10
srun: error: compute069: task 0: Exited with exit code 1
Traceback (most recent call last):
  File "/home/ajherman/Graph/chromatic/clique_generator.py", line 336, in <module>
    raise Exception(f"Error: n={n}, k={k}, i={i}, k1={k1}, i1={i1}, k2={k2}, i2={i2}")
Exception: Error: n=11, k=15, i=11, k1=1, i1=0, k2=14, i2=11
srun: error: compute069: task 0: Exited with exit code 1
Traceback (most recent call last):
  File "/home/ajherman/Graph/chromatic/clique_generator.py", line 336, in <module>
    raise Exception(f"Error: n={n}, k={k}, i={i}, k1={k1}, i1={i1}, k2={k2}, i2={i2}")
Exception: Error: n=11, k=16, i=12, k1=1, i1=0, k2=15, i2=12
srun: error: compute069: task 0: Exited with exit code 1
Traceback (most recent call last):
  File "/home/ajherman/Graph/chromatic/clique_generator.py", line 336, in <module>
    raise Exception(f"Error: n={n}, k={k}, i={i}, k1={k1}, i1={i1}, k2={k2}, i2={i2}")
Exception: Error: n=11, k=17, i=13, k1=1, i1=0, k2=16, i2=13
srun: error: compute069: task 0: Exited with exit code 1
Traceback (most recent call last):
  File "/home/ajherman/Graph/chromatic/clique_generator.py", line 336, in <module>
    raise Exception(f"Error: n={n}, k={k}, i={i}, k1={k1}, i1={i1}, k2={k2}, i2={i2}")
Exception: Error: n=11, k=18, i=14, k1=1, i1=0, k2=17, i2=14
srun: error: compute069: task 0: Exited with exit code 1
Traceback (most recent call last):
  File "/home/ajherman/Graph/chromatic/clique_generator.py", line 336, in <module>
    raise Exception(f"Error: n={n}, k={k}, i={i}, k1={k1}, i1={i1}, k2={k2}, i2={i2}")
Exception: Error: n=11, k=19, i=15, k1=1, i1=0, k2=18, i2=15
srun: error: compute069: task 0: Exited with exit code 1
Traceback (most recent call last):
  File "/home/ajherman/Graph/chromatic/clique_generator.py", line 336, in <module>
    raise Exception(f"Error: n={n}, k={k}, i={i}, k1={k1}, i1={i1}, k2={k2}, i2={i2}")
Exception: Error: n=11, k=20, i=16, k1=1, i1=0, k2=19, i2=16
srun: error: compute069: task 0: Exited with exit code 1
Traceback (most recent call last):
  File "/home/ajherman/Graph/chromatic/clique_generator.py", line 336, in <module>
    raise Exception(f"Error: n={n}, k={k}, i={i}, k1={k1}, i1={i1}, k2={k2}, i2={i2}")
Exception: Error: n=11, k=21, i=17, k1=1, i1=0, k2=20, i2=17
srun: error: compute069: task 0: Exited with exit code 1
Traceback (most recent call last):
  File "/home/ajherman/Graph/chromatic/clique_generator.py", line 336, in <module>
    raise Exception(f"Error: n={n}, k={k}, i={i}, k1={k1}, i1={i1}, k2={k2}, i2={i2}")
Exception: Error: n=11, k=22, i=18, k1=1, i1=0, k2=21, i2=18
srun: error: compute069: task 0: Exited with exit code 1
Traceback (most recent call last):
  File "/home/ajherman/Graph/chromatic/clique_generator.py", line 336, in <module>
    raise Exception(f"Error: n={n}, k={k}, i={i}, k1={k1}, i1={i1}, k2={k2}, i2={i2}")
Exception: Error: n=11, k=23, i=19, k1=1, i1=0, k2=22, i2=19
srun: error: compute069: task 0: Exited with exit code 1
Traceback (most recent call last):
  File "/home/ajherman/Graph/chromatic/clique_generator.py", line 336, in <module>
    raise Exception(f"Error: n={n}, k={k}, i={i}, k1={k1}, i1={i1}, k2={k2}, i2={i2}")
Exception: Error: n=11, k=24, i=20, k1=1, i1=0, k2=23, i2=20
srun: error: compute069: task 0: Exited with exit code 1
Traceback (most recent call last):
  File "/home/ajherman/Graph/chromatic/clique_generator.py", line 336, in <module>
    raise Exception(f"Error: n={n}, k={k}, i={i}, k1={k1}, i1={i1}, k2={k2}, i2={i2}")
Exception: Error: n=11, k=25, i=21, k1=1, i1=0, k2=24, i2=21
srun: error: compute069: task 0: Exited with exit code 1
Traceback (most recent call last):
  File "/home/ajherman/Graph/chromatic/clique_generator.py", line 336, in <module>
    raise Exception(f"Error: n={n}, k={k}, i={i}, k1={k1}, i1={i1}, k2={k2}, i2={i2}")
Exception: Error: n=11, k=26, i=22, k1=1, i1=0, k2=25, i2=22
srun: error: compute069: task 0: Exited with exit code 1
Traceback (most recent call last):
  File "/home/ajherman/Graph/chromatic/clique_generator.py", line 336, in <module>
    raise Exception(f"Error: n={n}, k={k}, i={i}, k1={k1}, i1={i1}, k2={k2}, i2={i2}")
Exception: Error: n=11, k=27, i=23, k1=1, i1=0, k2=26, i2=23
srun: error: compute069: task 0: Exited with exit code 1
Traceback (most recent call last):
  File "/home/ajherman/Graph/chromatic/clique_generator.py", line 336, in <module>
    raise Exception(f"Error: n={n}, k={k}, i={i}, k1={k1}, i1={i1}, k2={k2}, i2={i2}")
Exception: Error: n=11, k=28, i=24, k1=1, i1=0, k2=27, i2=24
srun: error: compute069: task 0: Exited with exit code 1
Traceback (most recent call last):
  File "/home/ajherman/Graph/chromatic/clique_generator.py", line 336, in <module>
    raise Exception(f"Error: n={n}, k={k}, i={i}, k1={k1}, i1={i1}, k2={k2}, i2={i2}")
Exception: Error: n=11, k=29, i=25, k1=1, i1=0, k2=28, i2=25
srun: error: compute069: task 0: Exited with exit code 1
Traceback (most recent call last):
  File "/home/ajherman/Graph/chromatic/clique_generator.py", line 336, in <module>
    raise Exception(f"Error: n={n}, k={k}, i={i}, k1={k1}, i1={i1}, k2={k2}, i2={i2}")
Exception: Error: n=11, k=30, i=26, k1=1, i1=0, k2=29, i2=26
srun: error: compute069: task 0: Exited with exit code 1
Traceback (most recent call last):
  File "/home/ajherman/Graph/chromatic/clique_generator.py", line 336, in <module>
    raise Exception(f"Error: n={n}, k={k}, i={i}, k1={k1}, i1={i1}, k2={k2}, i2={i2}")
Exception: Error: n=11, k=31, i=27, k1=1, i1=0, k2=30, i2=27
srun: error: compute069: task 0: Exited with exit code 1
Traceback (most recent call last):
  File "/home/ajherman/Graph/chromatic/clique_generator.py", line 336, in <module>
    raise Exception(f"Error: n={n}, k={k}, i={i}, k1={k1}, i1={i1}, k2={k2}, i2={i2}")
Exception: Error: n=11, k=32, i=28, k1=1, i1=0, k2=31, i2=28
srun: error: compute069: task 0: Exited with exit code 1
Traceback (most recent call last):
  File "/home/ajherman/Graph/chromatic/clique_generator.py", line 336, in <module>
    raise Exception(f"Error: n={n}, k={k}, i={i}, k1={k1}, i1={i1}, k2={k2}, i2={i2}")
Exception: Error: n=11, k=33, i=29, k1=1, i1=0, k2=32, i2=29
srun: error: compute069: task 0: Exited with exit code 1
Traceback (most recent call last):
  File "/home/ajherman/Graph/chromatic/clique_generator.py", line 336, in <module>
    raise Exception(f"Error: n={n}, k={k}, i={i}, k1={k1}, i1={i1}, k2={k2}, i2={i2}")
Exception: Error: n=11, k=34, i=30, k1=1, i1=0, k2=33, i2=30
srun: error: compute069: task 0: Exited with exit code 1
Traceback (most recent call last):
  File "/home/ajherman/Graph/chromatic/clique_generator.py", line 336, in <module>
    raise Exception(f"Error: n={n}, k={k}, i={i}, k1={k1}, i1={i1}, k2={k2}, i2={i2}")
Exception: Error: n=11, k=35, i=31, k1=1, i1=0, k2=34, i2=31
srun: error: compute069: task 0: Exited with exit code 1
Traceback (most recent call last):
  File "/home/ajherman/Graph/chromatic/clique_generator.py", line 336, in <module>
    raise Exception(f"Error: n={n}, k={k}, i={i}, k1={k1}, i1={i1}, k2={k2}, i2={i2}")
Exception: Error: n=11, k=36, i=32, k1=1, i1=0, k2=35, i2=32
srun: error: compute069: task 0: Exited with exit code 1
Traceback (most recent call last):
  File "/home/ajherman/Graph/chromatic/clique_generator.py", line 336, in <module>
    raise Exception(f"Error: n={n}, k={k}, i={i}, k1={k1}, i1={i1}, k2={k2}, i2={i2}")
Exception: Error: n=11, k=37, i=33, k1=1, i1=0, k2=36, i2=33
srun: error: compute069: task 0: Exited with exit code 1
Traceback (most recent call last):
  File "/home/ajherman/Graph/chromatic/clique_generator.py", line 336, in <module>
    raise Exception(f"Error: n={n}, k={k}, i={i}, k1={k1}, i1={i1}, k2={k2}, i2={i2}")
Exception: Error: n=11, k=38, i=34, k1=1, i1=0, k2=37, i2=34
srun: error: compute069: task 0: Exited with exit code 1
Traceback (most recent call last):
  File "/home/ajherman/Graph/chromatic/clique_generator.py", line 336, in <module>
    raise Exception(f"Error: n={n}, k={k}, i={i}, k1={k1}, i1={i1}, k2={k2}, i2={i2}")
Exception: Error: n=11, k=39, i=35, k1=1, i1=0, k2=38, i2=35
srun: error: compute069: task 0: Exited with exit code 1
Traceback (most recent call last):
  File "/home/ajherman/Graph/chromatic/clique_generator.py", line 336, in <module>
    raise Exception(f"Error: n={n}, k={k}, i={i}, k1={k1}, i1={i1}, k2={k2}, i2={i2}")
Exception: Error: n=11, k=40, i=36, k1=1, i1=0, k2=39, i2=36
srun: error: compute069: task 0: Exited with exit code 1
Traceback (most recent call last):
  File "/home/ajherman/Graph/chromatic/clique_generator.py", line 336, in <module>
    raise Exception(f"Error: n={n}, k={k}, i={i}, k1={k1}, i1={i1}, k2={k2}, i2={i2}")
Exception: Error: n=11, k=41, i=37, k1=1, i1=0, k2=40, i2=37
srun: error: compute069: task 0: Exited with exit code 1
Traceback (most recent call last):
  File "/home/ajherman/Graph/chromatic/clique_generator.py", line 336, in <module>
    raise Exception(f"Error: n={n}, k={k}, i={i}, k1={k1}, i1={i1}, k2={k2}, i2={i2}")
Exception: Error: n=11, k=42, i=38, k1=1, i1=0, k2=41, i2=38
srun: error: compute069: task 0: Exited with exit code 1
Traceback (most recent call last):
  File "/home/ajherman/Graph/chromatic/clique_generator.py", line 336, in <module>
    raise Exception(f"Error: n={n}, k={k}, i={i}, k1={k1}, i1={i1}, k2={k2}, i2={i2}")
Exception: Error: n=11, k=43, i=39, k1=1, i1=0, k2=42, i2=39
srun: error: compute069: task 0: Exited with exit code 1
Traceback (most recent call last):
  File "/home/ajherman/Graph/chromatic/clique_generator.py", line 336, in <module>
    raise Exception(f"Error: n={n}, k={k}, i={i}, k1={k1}, i1={i1}, k2={k2}, i2={i2}")
Exception: Error: n=11, k=44, i=40, k1=1, i1=0, k2=43, i2=40
srun: error: compute069: task 0: Exited with exit code 1
slurmstepd: error: Detected 1 oom_kill event in StepId=6202577.206. Some of the step tasks have been OOM Killed.
srun: error: compute069: task 0: Out Of Memory
Traceback (most recent call last):
  File "/home/ajherman/Graph/chromatic/clique_generator.py", line 336, in <module>
    raise Exception(f"Error: n={n}, k={k}, i={i}, k1={k1}, i1={i1}, k2={k2}, i2={i2}")
Exception: Error: n=11, k=8, i=3, k1=1, i1=1, k2=7, i2=2
srun: error: compute069: task 0: Exited with exit code 1
Traceback (most recent call last):
  File "/home/ajherman/Graph/chromatic/clique_generator.py", line 336, in <module>
    raise Exception(f"Error: n={n}, k={k}, i={i}, k1={k1}, i1={i1}, k2={k2}, i2={i2}")
Exception: Error: n=11, k=9, i=4, k1=1, i1=1, k2=8, i2=3
srun: error: compute069: task 0: Exited with exit code 1
Traceback (most recent call last):
  File "/home/ajherman/Graph/chromatic/clique_generator.py", line 336, in <module>
    raise Exception(f"Error: n={n}, k={k}, i={i}, k1={k1}, i1={i1}, k2={k2}, i2={i2}")
Exception: Error: n=11, k=10, i=5, k1=1, i1=1, k2=9, i2=4
srun: error: compute069: task 0: Exited with exit code 1
Traceback (most recent call last):
  File "/home/ajherman/Graph/chromatic/clique_generator.py", line 336, in <module>
    raise Exception(f"Error: n={n}, k={k}, i={i}, k1={k1}, i1={i1}, k2={k2}, i2={i2}")
Exception: Error: n=11, k=11, i=6, k1=1, i1=1, k2=10, i2=5
srun: error: compute069: task 0: Exited with exit code 1
Traceback (most recent call last):
  File "/home/ajherman/Graph/chromatic/clique_generator.py", line 336, in <module>
    raise Exception(f"Error: n={n}, k={k}, i={i}, k1={k1}, i1={i1}, k2={k2}, i2={i2}")
Exception: Error: n=11, k=12, i=7, k1=1, i1=1, k2=11, i2=6
srun: error: compute069: task 0: Exited with exit code 1
Traceback (most recent call last):
  File "/home/ajherman/Graph/chromatic/clique_generator.py", line 336, in <module>
    raise Exception(f"Error: n={n}, k={k}, i={i}, k1={k1}, i1={i1}, k2={k2}, i2={i2}")
Exception: Error: n=11, k=13, i=8, k1=1, i1=0, k2=12, i2=8
srun: error: compute069: task 0: Exited with exit code 1
Traceback (most recent call last):
  File "/home/ajherman/Graph/chromatic/clique_generator.py", line 336, in <module>
    raise Exception(f"Error: n={n}, k={k}, i={i}, k1={k1}, i1={i1}, k2={k2}, i2={i2}")
Exception: Error: n=11, k=14, i=9, k1=1, i1=0, k2=13, i2=9
srun: error: compute069: task 0: Exited with exit code 1
Traceback (most recent call last):
  File "/home/ajherman/Graph/chromatic/clique_generator.py", line 336, in <module>
    raise Exception(f"Error: n={n}, k={k}, i={i}, k1={k1}, i1={i1}, k2={k2}, i2={i2}")
Exception: Error: n=11, k=15, i=10, k1=1, i1=0, k2=14, i2=10
srun: error: compute069: task 0: Exited with exit code 1
Traceback (most recent call last):
  File "/home/ajherman/Graph/chromatic/clique_generator.py", line 336, in <module>
    raise Exception(f"Error: n={n}, k={k}, i={i}, k1={k1}, i1={i1}, k2={k2}, i2={i2}")
Exception: Error: n=11, k=16, i=11, k1=1, i1=0, k2=15, i2=11
srun: error: compute069: task 0: Exited with exit code 1
Traceback (most recent call last):
  File "/home/ajherman/Graph/chromatic/clique_generator.py", line 336, in <module>
    raise Exception(f"Error: n={n}, k={k}, i={i}, k1={k1}, i1={i1}, k2={k2}, i2={i2}")
Exception: Error: n=11, k=17, i=12, k1=1, i1=0, k2=16, i2=12
srun: error: compute069: task 0: Exited with exit code 1
Traceback (most recent call last):
  File "/home/ajherman/Graph/chromatic/clique_generator.py", line 336, in <module>
    raise Exception(f"Error: n={n}, k={k}, i={i}, k1={k1}, i1={i1}, k2={k2}, i2={i2}")
Exception: Error: n=11, k=18, i=13, k1=1, i1=0, k2=17, i2=13
srun: error: compute069: task 0: Exited with exit code 1
Traceback (most recent call last):
  File "/home/ajherman/Graph/chromatic/clique_generator.py", line 336, in <module>
    raise Exception(f"Error: n={n}, k={k}, i={i}, k1={k1}, i1={i1}, k2={k2}, i2={i2}")
Exception: Error: n=11, k=19, i=14, k1=1, i1=0, k2=18, i2=14
srun: error: compute069: task 0: Exited with exit code 1
Traceback (most recent call last):
  File "/home/ajherman/Graph/chromatic/clique_generator.py", line 336, in <module>
    raise Exception(f"Error: n={n}, k={k}, i={i}, k1={k1}, i1={i1}, k2={k2}, i2={i2}")
Exception: Error: n=11, k=20, i=15, k1=1, i1=0, k2=19, i2=15
srun: error: compute069: task 0: Exited with exit code 1
Traceback (most recent call last):
  File "/home/ajherman/Graph/chromatic/clique_generator.py", line 336, in <module>
    raise Exception(f"Error: n={n}, k={k}, i={i}, k1={k1}, i1={i1}, k2={k2}, i2={i2}")
Exception: Error: n=11, k=21, i=16, k1=1, i1=0, k2=20, i2=16
srun: error: compute069: task 0: Exited with exit code 1
Traceback (most recent call last):
  File "/home/ajherman/Graph/chromatic/clique_generator.py", line 336, in <module>
    raise Exception(f"Error: n={n}, k={k}, i={i}, k1={k1}, i1={i1}, k2={k2}, i2={i2}")
Exception: Error: n=11, k=22, i=17, k1=1, i1=0, k2=21, i2=17
srun: error: compute069: task 0: Exited with exit code 1
Traceback (most recent call last):
  File "/home/ajherman/Graph/chromatic/clique_generator.py", line 336, in <module>
    raise Exception(f"Error: n={n}, k={k}, i={i}, k1={k1}, i1={i1}, k2={k2}, i2={i2}")
Exception: Error: n=11, k=23, i=18, k1=1, i1=0, k2=22, i2=18
srun: error: compute069: task 0: Exited with exit code 1
Traceback (most recent call last):
  File "/home/ajherman/Graph/chromatic/clique_generator.py", line 336, in <module>
    raise Exception(f"Error: n={n}, k={k}, i={i}, k1={k1}, i1={i1}, k2={k2}, i2={i2}")
Exception: Error: n=11, k=24, i=19, k1=1, i1=0, k2=23, i2=19
srun: error: compute069: task 0: Exited with exit code 1
Traceback (most recent call last):
  File "/home/ajherman/Graph/chromatic/clique_generator.py", line 336, in <module>
    raise Exception(f"Error: n={n}, k={k}, i={i}, k1={k1}, i1={i1}, k2={k2}, i2={i2}")
Exception: Error: n=11, k=25, i=20, k1=1, i1=0, k2=24, i2=20
srun: error: compute069: task 0: Exited with exit code 1
Traceback (most recent call last):
  File "/home/ajherman/Graph/chromatic/clique_generator.py", line 336, in <module>
    raise Exception(f"Error: n={n}, k={k}, i={i}, k1={k1}, i1={i1}, k2={k2}, i2={i2}")
Exception: Error: n=11, k=26, i=21, k1=1, i1=0, k2=25, i2=21
srun: error: compute069: task 0: Exited with exit code 1
Traceback (most recent call last):
  File "/home/ajherman/Graph/chromatic/clique_generator.py", line 336, in <module>
    raise Exception(f"Error: n={n}, k={k}, i={i}, k1={k1}, i1={i1}, k2={k2}, i2={i2}")
Exception: Error: n=11, k=27, i=22, k1=1, i1=0, k2=26, i2=22
srun: error: compute069: task 0: Exited with exit code 1
Traceback (most recent call last):
  File "/home/ajherman/Graph/chromatic/clique_generator.py", line 336, in <module>
    raise Exception(f"Error: n={n}, k={k}, i={i}, k1={k1}, i1={i1}, k2={k2}, i2={i2}")
Exception: Error: n=11, k=28, i=23, k1=1, i1=0, k2=27, i2=23
srun: error: compute069: task 0: Exited with exit code 1
Traceback (most recent call last):
  File "/home/ajherman/Graph/chromatic/clique_generator.py", line 336, in <module>
    raise Exception(f"Error: n={n}, k={k}, i={i}, k1={k1}, i1={i1}, k2={k2}, i2={i2}")
Exception: Error: n=11, k=29, i=24, k1=1, i1=0, k2=28, i2=24
srun: error: compute069: task 0: Exited with exit code 1
Traceback (most recent call last):
  File "/home/ajherman/Graph/chromatic/clique_generator.py", line 336, in <module>
    raise Exception(f"Error: n={n}, k={k}, i={i}, k1={k1}, i1={i1}, k2={k2}, i2={i2}")
Exception: Error: n=11, k=30, i=25, k1=1, i1=0, k2=29, i2=25
srun: error: compute069: task 0: Exited with exit code 1
Traceback (most recent call last):
  File "/home/ajherman/Graph/chromatic/clique_generator.py", line 336, in <module>
    raise Exception(f"Error: n={n}, k={k}, i={i}, k1={k1}, i1={i1}, k2={k2}, i2={i2}")
Exception: Error: n=11, k=31, i=26, k1=1, i1=0, k2=30, i2=26
srun: error: compute069: task 0: Exited with exit code 1
Traceback (most recent call last):
  File "/home/ajherman/Graph/chromatic/clique_generator.py", line 336, in <module>
    raise Exception(f"Error: n={n}, k={k}, i={i}, k1={k1}, i1={i1}, k2={k2}, i2={i2}")
Exception: Error: n=11, k=32, i=27, k1=1, i1=0, k2=31, i2=27
srun: error: compute069: task 0: Exited with exit code 1
Traceback (most recent call last):
  File "/home/ajherman/Graph/chromatic/clique_generator.py", line 336, in <module>
    raise Exception(f"Error: n={n}, k={k}, i={i}, k1={k1}, i1={i1}, k2={k2}, i2={i2}")
Exception: Error: n=11, k=33, i=28, k1=1, i1=0, k2=32, i2=28
srun: error: compute069: task 0: Exited with exit code 1
Traceback (most recent call last):
  File "/home/ajherman/Graph/chromatic/clique_generator.py", line 336, in <module>
    raise Exception(f"Error: n={n}, k={k}, i={i}, k1={k1}, i1={i1}, k2={k2}, i2={i2}")
Exception: Error: n=11, k=34, i=29, k1=1, i1=0, k2=33, i2=29
srun: error: compute069: task 0: Exited with exit code 1
Traceback (most recent call last):
  File "/home/ajherman/Graph/chromatic/clique_generator.py", line 336, in <module>
    raise Exception(f"Error: n={n}, k={k}, i={i}, k1={k1}, i1={i1}, k2={k2}, i2={i2}")
Exception: Error: n=11, k=35, i=30, k1=1, i1=0, k2=34, i2=30
srun: error: compute069: task 0: Exited with exit code 1
Traceback (most recent call last):
  File "/home/ajherman/Graph/chromatic/clique_generator.py", line 336, in <module>
    raise Exception(f"Error: n={n}, k={k}, i={i}, k1={k1}, i1={i1}, k2={k2}, i2={i2}")
Exception: Error: n=11, k=36, i=31, k1=1, i1=0, k2=35, i2=31
srun: error: compute069: task 0: Exited with exit code 1
Traceback (most recent call last):
  File "/home/ajherman/Graph/chromatic/clique_generator.py", line 336, in <module>
    raise Exception(f"Error: n={n}, k={k}, i={i}, k1={k1}, i1={i1}, k2={k2}, i2={i2}")
Exception: Error: n=11, k=37, i=32, k1=1, i1=0, k2=36, i2=32
srun: error: compute069: task 0: Exited with exit code 1
Traceback (most recent call last):
  File "/home/ajherman/Graph/chromatic/clique_generator.py", line 336, in <module>
    raise Exception(f"Error: n={n}, k={k}, i={i}, k1={k1}, i1={i1}, k2={k2}, i2={i2}")
Exception: Error: n=11, k=38, i=33, k1=1, i1=0, k2=37, i2=33
srun: error: compute069: task 0: Exited with exit code 1
Traceback (most recent call last):
  File "/home/ajherman/Graph/chromatic/clique_generator.py", line 336, in <module>
    raise Exception(f"Error: n={n}, k={k}, i={i}, k1={k1}, i1={i1}, k2={k2}, i2={i2}")
Exception: Error: n=11, k=39, i=34, k1=1, i1=0, k2=38, i2=34
srun: error: compute069: task 0: Exited with exit code 1
Traceback (most recent call last):
  File "/home/ajherman/Graph/chromatic/clique_generator.py", line 336, in <module>
    raise Exception(f"Error: n={n}, k={k}, i={i}, k1={k1}, i1={i1}, k2={k2}, i2={i2}")
Exception: Error: n=11, k=40, i=35, k1=1, i1=0, k2=39, i2=35
srun: error: compute069: task 0: Exited with exit code 1
Traceback (most recent call last):
  File "/home/ajherman/Graph/chromatic/clique_generator.py", line 336, in <module>
    raise Exception(f"Error: n={n}, k={k}, i={i}, k1={k1}, i1={i1}, k2={k2}, i2={i2}")
Exception: Error: n=11, k=41, i=36, k1=1, i1=0, k2=40, i2=36
srun: error: compute069: task 0: Exited with exit code 1
Traceback (most recent call last):
  File "/home/ajherman/Graph/chromatic/clique_generator.py", line 336, in <module>
    raise Exception(f"Error: n={n}, k={k}, i={i}, k1={k1}, i1={i1}, k2={k2}, i2={i2}")
Exception: Error: n=11, k=42, i=37, k1=1, i1=0, k2=41, i2=37
srun: error: compute069: task 0: Exited with exit code 1
Traceback (most recent call last):
  File "/home/ajherman/Graph/chromatic/clique_generator.py", line 336, in <module>
    raise Exception(f"Error: n={n}, k={k}, i={i}, k1={k1}, i1={i1}, k2={k2}, i2={i2}")
Exception: Error: n=11, k=43, i=38, k1=1, i1=0, k2=42, i2=38
srun: error: compute069: task 0: Exited with exit code 1
Traceback (most recent call last):
  File "/home/ajherman/Graph/chromatic/clique_generator.py", line 336, in <module>
    raise Exception(f"Error: n={n}, k={k}, i={i}, k1={k1}, i1={i1}, k2={k2}, i2={i2}")
Exception: Error: n=11, k=44, i=39, k1=1, i1=0, k2=43, i2=39
srun: error: compute069: task 0: Exited with exit code 1
Traceback (most recent call last):
  File "/home/ajherman/Graph/chromatic/clique_generator.py", line 336, in <module>
    raise Exception(f"Error: n={n}, k={k}, i={i}, k1={k1}, i1={i1}, k2={k2}, i2={i2}")
Exception: Error: n=11, k=45, i=40, k1=1, i1=0, k2=44, i2=40
srun: error: compute069: task 0: Exited with exit code 1
Traceback (most recent call last):
  File "/home/ajherman/Graph/chromatic/clique_generator.py", line 336, in <module>
    raise Exception(f"Error: n={n}, k={k}, i={i}, k1={k1}, i1={i1}, k2={k2}, i2={i2}")
Exception: Error: n=11, k=8, i=2, k1=1, i1=0, k2=7, i2=2
srun: error: compute069: task 0: Exited with exit code 1
Traceback (most recent call last):
  File "/home/ajherman/Graph/chromatic/clique_generator.py", line 336, in <module>
    raise Exception(f"Error: n={n}, k={k}, i={i}, k1={k1}, i1={i1}, k2={k2}, i2={i2}")
Exception: Error: n=11, k=9, i=3, k1=1, i1=0, k2=8, i2=3
srun: error: compute069: task 0: Exited with exit code 1
Traceback (most recent call last):
  File "/home/ajherman/Graph/chromatic/clique_generator.py", line 336, in <module>
    raise Exception(f"Error: n={n}, k={k}, i={i}, k1={k1}, i1={i1}, k2={k2}, i2={i2}")
Exception: Error: n=11, k=10, i=4, k1=1, i1=0, k2=9, i2=4
srun: error: compute069: task 0: Exited with exit code 1
Traceback (most recent call last):
  File "/home/ajherman/Graph/chromatic/clique_generator.py", line 336, in <module>
    raise Exception(f"Error: n={n}, k={k}, i={i}, k1={k1}, i1={i1}, k2={k2}, i2={i2}")
Exception: Error: n=11, k=11, i=5, k1=1, i1=0, k2=10, i2=5
srun: error: compute069: task 0: Exited with exit code 1
Traceback (most recent call last):
  File "/home/ajherman/Graph/chromatic/clique_generator.py", line 336, in <module>
    raise Exception(f"Error: n={n}, k={k}, i={i}, k1={k1}, i1={i1}, k2={k2}, i2={i2}")
Exception: Error: n=11, k=12, i=6, k1=1, i1=0, k2=11, i2=6
srun: error: compute069: task 0: Exited with exit code 1
Traceback (most recent call last):
  File "/home/ajherman/Graph/chromatic/clique_generator.py", line 336, in <module>
    raise Exception(f"Error: n={n}, k={k}, i={i}, k1={k1}, i1={i1}, k2={k2}, i2={i2}")
Exception: Error: n=11, k=13, i=7, k1=1, i1=0, k2=12, i2=7
srun: error: compute069: task 0: Exited with exit code 1
Traceback (most recent call last):
  File "/home/ajherman/Graph/chromatic/clique_generator.py", line 336, in <module>
    raise Exception(f"Error: n={n}, k={k}, i={i}, k1={k1}, i1={i1}, k2={k2}, i2={i2}")
Exception: Error: n=11, k=14, i=8, k1=1, i1=0, k2=13, i2=8
srun: error: compute069: task 0: Exited with exit code 1
Traceback (most recent call last):
  File "/home/ajherman/Graph/chromatic/clique_generator.py", line 336, in <module>
    raise Exception(f"Error: n={n}, k={k}, i={i}, k1={k1}, i1={i1}, k2={k2}, i2={i2}")
Exception: Error: n=11, k=15, i=9, k1=1, i1=0, k2=14, i2=9
srun: error: compute069: task 0: Exited with exit code 1
Traceback (most recent call last):
  File "/home/ajherman/Graph/chromatic/clique_generator.py", line 336, in <module>
    raise Exception(f"Error: n={n}, k={k}, i={i}, k1={k1}, i1={i1}, k2={k2}, i2={i2}")
Exception: Error: n=11, k=16, i=10, k1=1, i1=0, k2=15, i2=10
srun: error: compute069: task 0: Exited with exit code 1
Traceback (most recent call last):
  File "/home/ajherman/Graph/chromatic/clique_generator.py", line 336, in <module>
    raise Exception(f"Error: n={n}, k={k}, i={i}, k1={k1}, i1={i1}, k2={k2}, i2={i2}")
Exception: Error: n=11, k=17, i=11, k1=1, i1=0, k2=16, i2=11
srun: error: compute069: task 0: Exited with exit code 1
Traceback (most recent call last):
  File "/home/ajherman/Graph/chromatic/clique_generator.py", line 336, in <module>
    raise Exception(f"Error: n={n}, k={k}, i={i}, k1={k1}, i1={i1}, k2={k2}, i2={i2}")
Exception: Error: n=11, k=18, i=12, k1=1, i1=0, k2=17, i2=12
srun: error: compute069: task 0: Exited with exit code 1
Traceback (most recent call last):
  File "/home/ajherman/Graph/chromatic/clique_generator.py", line 336, in <module>
    raise Exception(f"Error: n={n}, k={k}, i={i}, k1={k1}, i1={i1}, k2={k2}, i2={i2}")
Exception: Error: n=11, k=19, i=13, k1=1, i1=0, k2=18, i2=13
srun: error: compute069: task 0: Exited with exit code 1
Traceback (most recent call last):
  File "/home/ajherman/Graph/chromatic/clique_generator.py", line 336, in <module>
    raise Exception(f"Error: n={n}, k={k}, i={i}, k1={k1}, i1={i1}, k2={k2}, i2={i2}")
Exception: Error: n=11, k=20, i=14, k1=1, i1=0, k2=19, i2=14
srun: error: compute069: task 0: Exited with exit code 1
Traceback (most recent call last):
  File "/home/ajherman/Graph/chromatic/clique_generator.py", line 336, in <module>
    raise Exception(f"Error: n={n}, k={k}, i={i}, k1={k1}, i1={i1}, k2={k2}, i2={i2}")
Exception: Error: n=11, k=21, i=15, k1=1, i1=0, k2=20, i2=15
srun: error: compute069: task 0: Exited with exit code 1
Traceback (most recent call last):
  File "/home/ajherman/Graph/chromatic/clique_generator.py", line 336, in <module>
    raise Exception(f"Error: n={n}, k={k}, i={i}, k1={k1}, i1={i1}, k2={k2}, i2={i2}")
Exception: Error: n=11, k=22, i=16, k1=1, i1=0, k2=21, i2=16
srun: error: compute069: task 0: Exited with exit code 1
Traceback (most recent call last):
  File "/home/ajherman/Graph/chromatic/clique_generator.py", line 336, in <module>
    raise Exception(f"Error: n={n}, k={k}, i={i}, k1={k1}, i1={i1}, k2={k2}, i2={i2}")
Exception: Error: n=11, k=23, i=17, k1=1, i1=0, k2=22, i2=17
srun: error: compute069: task 0: Exited with exit code 1
Traceback (most recent call last):
  File "/home/ajherman/Graph/chromatic/clique_generator.py", line 336, in <module>
    raise Exception(f"Error: n={n}, k={k}, i={i}, k1={k1}, i1={i1}, k2={k2}, i2={i2}")
Exception: Error: n=11, k=24, i=18, k1=1, i1=0, k2=23, i2=18
srun: error: compute069: task 0: Exited with exit code 1
Traceback (most recent call last):
  File "/home/ajherman/Graph/chromatic/clique_generator.py", line 336, in <module>
    raise Exception(f"Error: n={n}, k={k}, i={i}, k1={k1}, i1={i1}, k2={k2}, i2={i2}")
Exception: Error: n=11, k=25, i=19, k1=1, i1=0, k2=24, i2=19
srun: error: compute069: task 0: Exited with exit code 1
Traceback (most recent call last):
  File "/home/ajherman/Graph/chromatic/clique_generator.py", line 336, in <module>
    raise Exception(f"Error: n={n}, k={k}, i={i}, k1={k1}, i1={i1}, k2={k2}, i2={i2}")
Exception: Error: n=11, k=26, i=20, k1=1, i1=0, k2=25, i2=20
srun: error: compute069: task 0: Exited with exit code 1
Traceback (most recent call last):
  File "/home/ajherman/Graph/chromatic/clique_generator.py", line 336, in <module>
    raise Exception(f"Error: n={n}, k={k}, i={i}, k1={k1}, i1={i1}, k2={k2}, i2={i2}")
Exception: Error: n=11, k=27, i=21, k1=1, i1=0, k2=26, i2=21
srun: error: compute069: task 0: Exited with exit code 1
Traceback (most recent call last):
  File "/home/ajherman/Graph/chromatic/clique_generator.py", line 336, in <module>
    raise Exception(f"Error: n={n}, k={k}, i={i}, k1={k1}, i1={i1}, k2={k2}, i2={i2}")
Exception: Error: n=11, k=28, i=22, k1=1, i1=0, k2=27, i2=22
srun: error: compute069: task 0: Exited with exit code 1
Traceback (most recent call last):
  File "/home/ajherman/Graph/chromatic/clique_generator.py", line 336, in <module>
    raise Exception(f"Error: n={n}, k={k}, i={i}, k1={k1}, i1={i1}, k2={k2}, i2={i2}")
Exception: Error: n=11, k=29, i=23, k1=1, i1=0, k2=28, i2=23
srun: error: compute069: task 0: Exited with exit code 1
Traceback (most recent call last):
  File "/home/ajherman/Graph/chromatic/clique_generator.py", line 336, in <module>
    raise Exception(f"Error: n={n}, k={k}, i={i}, k1={k1}, i1={i1}, k2={k2}, i2={i2}")
Exception: Error: n=11, k=30, i=24, k1=1, i1=0, k2=29, i2=24
srun: error: compute069: task 0: Exited with exit code 1
Traceback (most recent call last):
  File "/home/ajherman/Graph/chromatic/clique_generator.py", line 336, in <module>
    raise Exception(f"Error: n={n}, k={k}, i={i}, k1={k1}, i1={i1}, k2={k2}, i2={i2}")
Exception: Error: n=11, k=31, i=25, k1=1, i1=0, k2=30, i2=25
srun: error: compute069: task 0: Exited with exit code 1
Traceback (most recent call last):
  File "/home/ajherman/Graph/chromatic/clique_generator.py", line 336, in <module>
    raise Exception(f"Error: n={n}, k={k}, i={i}, k1={k1}, i1={i1}, k2={k2}, i2={i2}")
Exception: Error: n=11, k=32, i=26, k1=1, i1=0, k2=31, i2=26
srun: error: compute069: task 0: Exited with exit code 1
Traceback (most recent call last):
  File "/home/ajherman/Graph/chromatic/clique_generator.py", line 336, in <module>
    raise Exception(f"Error: n={n}, k={k}, i={i}, k1={k1}, i1={i1}, k2={k2}, i2={i2}")
Exception: Error: n=11, k=33, i=27, k1=1, i1=0, k2=32, i2=27
srun: error: compute069: task 0: Exited with exit code 1
Traceback (most recent call last):
  File "/home/ajherman/Graph/chromatic/clique_generator.py", line 336, in <module>
    raise Exception(f"Error: n={n}, k={k}, i={i}, k1={k1}, i1={i1}, k2={k2}, i2={i2}")
Exception: Error: n=11, k=34, i=28, k1=1, i1=0, k2=33, i2=28
srun: error: compute069: task 0: Exited with exit code 1
Traceback (most recent call last):
  File "/home/ajherman/Graph/chromatic/clique_generator.py", line 336, in <module>
    raise Exception(f"Error: n={n}, k={k}, i={i}, k1={k1}, i1={i1}, k2={k2}, i2={i2}")
Exception: Error: n=11, k=35, i=29, k1=1, i1=0, k2=34, i2=29
srun: error: compute069: task 0: Exited with exit code 1
Traceback (most recent call last):
  File "/home/ajherman/Graph/chromatic/clique_generator.py", line 336, in <module>
    raise Exception(f"Error: n={n}, k={k}, i={i}, k1={k1}, i1={i1}, k2={k2}, i2={i2}")
Exception: Error: n=11, k=36, i=30, k1=1, i1=0, k2=35, i2=30
srun: error: compute069: task 0: Exited with exit code 1
Traceback (most recent call last):
  File "/home/ajherman/Graph/chromatic/clique_generator.py", line 336, in <module>
    raise Exception(f"Error: n={n}, k={k}, i={i}, k1={k1}, i1={i1}, k2={k2}, i2={i2}")
Exception: Error: n=11, k=37, i=31, k1=1, i1=0, k2=36, i2=31
srun: error: compute069: task 0: Exited with exit code 1
Traceback (most recent call last):
  File "/home/ajherman/Graph/chromatic/clique_generator.py", line 336, in <module>
    raise Exception(f"Error: n={n}, k={k}, i={i}, k1={k1}, i1={i1}, k2={k2}, i2={i2}")
Exception: Error: n=11, k=38, i=32, k1=1, i1=0, k2=37, i2=32
srun: error: compute069: task 0: Exited with exit code 1
Traceback (most recent call last):
  File "/home/ajherman/Graph/chromatic/clique_generator.py", line 336, in <module>
    raise Exception(f"Error: n={n}, k={k}, i={i}, k1={k1}, i1={i1}, k2={k2}, i2={i2}")
Exception: Error: n=11, k=39, i=33, k1=1, i1=0, k2=38, i2=33
srun: error: compute069: task 0: Exited with exit code 1
Traceback (most recent call last):
  File "/home/ajherman/Graph/chromatic/clique_generator.py", line 336, in <module>
    raise Exception(f"Error: n={n}, k={k}, i={i}, k1={k1}, i1={i1}, k2={k2}, i2={i2}")
Exception: Error: n=11, k=40, i=34, k1=1, i1=0, k2=39, i2=34
srun: error: compute069: task 0: Exited with exit code 1
Traceback (most recent call last):
  File "/home/ajherman/Graph/chromatic/clique_generator.py", line 336, in <module>
    raise Exception(f"Error: n={n}, k={k}, i={i}, k1={k1}, i1={i1}, k2={k2}, i2={i2}")
Exception: Error: n=11, k=41, i=35, k1=1, i1=0, k2=40, i2=35
srun: error: compute069: task 0: Exited with exit code 1
Traceback (most recent call last):
  File "/home/ajherman/Graph/chromatic/clique_generator.py", line 336, in <module>
    raise Exception(f"Error: n={n}, k={k}, i={i}, k1={k1}, i1={i1}, k2={k2}, i2={i2}")
Exception: Error: n=11, k=42, i=36, k1=1, i1=0, k2=41, i2=36
srun: error: compute069: task 0: Exited with exit code 1
Traceback (most recent call last):
  File "/home/ajherman/Graph/chromatic/clique_generator.py", line 336, in <module>
    raise Exception(f"Error: n={n}, k={k}, i={i}, k1={k1}, i1={i1}, k2={k2}, i2={i2}")
Exception: Error: n=11, k=43, i=37, k1=1, i1=0, k2=42, i2=37
srun: error: compute069: task 0: Exited with exit code 1
Traceback (most recent call last):
  File "/home/ajherman/Graph/chromatic/clique_generator.py", line 336, in <module>
    raise Exception(f"Error: n={n}, k={k}, i={i}, k1={k1}, i1={i1}, k2={k2}, i2={i2}")
Exception: Error: n=11, k=44, i=38, k1=1, i1=0, k2=43, i2=38
srun: error: compute069: task 0: Exited with exit code 1
Traceback (most recent call last):
  File "/home/ajherman/Graph/chromatic/clique_generator.py", line 336, in <module>
    raise Exception(f"Error: n={n}, k={k}, i={i}, k1={k1}, i1={i1}, k2={k2}, i2={i2}")
Exception: Error: n=11, k=45, i=39, k1=1, i1=0, k2=44, i2=39
srun: error: compute069: task 0: Exited with exit code 1
Traceback (most recent call last):
  File "/home/ajherman/Graph/chromatic/clique_generator.py", line 336, in <module>
    raise Exception(f"Error: n={n}, k={k}, i={i}, k1={k1}, i1={i1}, k2={k2}, i2={i2}")
Exception: Error: n=11, k=46, i=40, k1=1, i1=0, k2=45, i2=40
srun: error: compute069: task 0: Exited with exit code 1
Traceback (most recent call last):
  File "/home/ajherman/Graph/chromatic/clique_generator.py", line 336, in <module>
    raise Exception(f"Error: n={n}, k={k}, i={i}, k1={k1}, i1={i1}, k2={k2}, i2={i2}")
Exception: Error: n=11, k=9, i=2, k1=1, i1=0, k2=8, i2=2
srun: error: compute069: task 0: Exited with exit code 1
Traceback (most recent call last):
  File "/home/ajherman/Graph/chromatic/clique_generator.py", line 336, in <module>
    raise Exception(f"Error: n={n}, k={k}, i={i}, k1={k1}, i1={i1}, k2={k2}, i2={i2}")
Exception: Error: n=11, k=10, i=3, k1=1, i1=0, k2=9, i2=3
srun: error: compute069: task 0: Exited with exit code 1
Traceback (most recent call last):
  File "/home/ajherman/Graph/chromatic/clique_generator.py", line 336, in <module>
    raise Exception(f"Error: n={n}, k={k}, i={i}, k1={k1}, i1={i1}, k2={k2}, i2={i2}")
Exception: Error: n=11, k=11, i=4, k1=1, i1=0, k2=10, i2=4
srun: error: compute069: task 0: Exited with exit code 1
Traceback (most recent call last):
  File "/home/ajherman/Graph/chromatic/clique_generator.py", line 336, in <module>
    raise Exception(f"Error: n={n}, k={k}, i={i}, k1={k1}, i1={i1}, k2={k2}, i2={i2}")
Exception: Error: n=11, k=12, i=5, k1=1, i1=0, k2=11, i2=5
srun: error: compute069: task 0: Exited with exit code 1
Traceback (most recent call last):
  File "/home/ajherman/Graph/chromatic/clique_generator.py", line 336, in <module>
    raise Exception(f"Error: n={n}, k={k}, i={i}, k1={k1}, i1={i1}, k2={k2}, i2={i2}")
Exception: Error: n=11, k=13, i=6, k1=1, i1=0, k2=12, i2=6
srun: error: compute069: task 0: Exited with exit code 1
Traceback (most recent call last):
  File "/home/ajherman/Graph/chromatic/clique_generator.py", line 336, in <module>
    raise Exception(f"Error: n={n}, k={k}, i={i}, k1={k1}, i1={i1}, k2={k2}, i2={i2}")
Exception: Error: n=11, k=14, i=7, k1=1, i1=0, k2=13, i2=7
srun: error: compute069: task 0: Exited with exit code 1
Traceback (most recent call last):
  File "/home/ajherman/Graph/chromatic/clique_generator.py", line 336, in <module>
    raise Exception(f"Error: n={n}, k={k}, i={i}, k1={k1}, i1={i1}, k2={k2}, i2={i2}")
Exception: Error: n=11, k=15, i=8, k1=1, i1=0, k2=14, i2=8
srun: error: compute069: task 0: Exited with exit code 1
Traceback (most recent call last):
  File "/home/ajherman/Graph/chromatic/clique_generator.py", line 336, in <module>
    raise Exception(f"Error: n={n}, k={k}, i={i}, k1={k1}, i1={i1}, k2={k2}, i2={i2}")
Exception: Error: n=11, k=16, i=9, k1=1, i1=0, k2=15, i2=9
srun: error: compute069: task 0: Exited with exit code 1
Traceback (most recent call last):
  File "/home/ajherman/Graph/chromatic/clique_generator.py", line 336, in <module>
    raise Exception(f"Error: n={n}, k={k}, i={i}, k1={k1}, i1={i1}, k2={k2}, i2={i2}")
Exception: Error: n=11, k=17, i=10, k1=1, i1=0, k2=16, i2=10
srun: error: compute069: task 0: Exited with exit code 1
Traceback (most recent call last):
  File "/home/ajherman/Graph/chromatic/clique_generator.py", line 336, in <module>
    raise Exception(f"Error: n={n}, k={k}, i={i}, k1={k1}, i1={i1}, k2={k2}, i2={i2}")
Exception: Error: n=11, k=18, i=11, k1=1, i1=0, k2=17, i2=11
srun: error: compute069: task 0: Exited with exit code 1
Traceback (most recent call last):
  File "/home/ajherman/Graph/chromatic/clique_generator.py", line 336, in <module>
    raise Exception(f"Error: n={n}, k={k}, i={i}, k1={k1}, i1={i1}, k2={k2}, i2={i2}")
Exception: Error: n=11, k=19, i=12, k1=1, i1=0, k2=18, i2=12
srun: error: compute069: task 0: Exited with exit code 1
Traceback (most recent call last):
  File "/home/ajherman/Graph/chromatic/clique_generator.py", line 336, in <module>
    raise Exception(f"Error: n={n}, k={k}, i={i}, k1={k1}, i1={i1}, k2={k2}, i2={i2}")
Exception: Error: n=11, k=20, i=13, k1=1, i1=0, k2=19, i2=13
srun: error: compute069: task 0: Exited with exit code 1
Traceback (most recent call last):
  File "/home/ajherman/Graph/chromatic/clique_generator.py", line 336, in <module>
    raise Exception(f"Error: n={n}, k={k}, i={i}, k1={k1}, i1={i1}, k2={k2}, i2={i2}")
Exception: Error: n=11, k=21, i=14, k1=1, i1=0, k2=20, i2=14
srun: error: compute069: task 0: Exited with exit code 1
Traceback (most recent call last):
  File "/home/ajherman/Graph/chromatic/clique_generator.py", line 336, in <module>
    raise Exception(f"Error: n={n}, k={k}, i={i}, k1={k1}, i1={i1}, k2={k2}, i2={i2}")
Exception: Error: n=11, k=22, i=15, k1=1, i1=0, k2=21, i2=15
srun: error: compute069: task 0: Exited with exit code 1
Traceback (most recent call last):
  File "/home/ajherman/Graph/chromatic/clique_generator.py", line 336, in <module>
    raise Exception(f"Error: n={n}, k={k}, i={i}, k1={k1}, i1={i1}, k2={k2}, i2={i2}")
Exception: Error: n=11, k=23, i=16, k1=1, i1=0, k2=22, i2=16
srun: error: compute069: task 0: Exited with exit code 1
Traceback (most recent call last):
  File "/home/ajherman/Graph/chromatic/clique_generator.py", line 336, in <module>
    raise Exception(f"Error: n={n}, k={k}, i={i}, k1={k1}, i1={i1}, k2={k2}, i2={i2}")
Exception: Error: n=11, k=24, i=17, k1=1, i1=0, k2=23, i2=17
srun: error: compute069: task 0: Exited with exit code 1
Traceback (most recent call last):
  File "/home/ajherman/Graph/chromatic/clique_generator.py", line 336, in <module>
    raise Exception(f"Error: n={n}, k={k}, i={i}, k1={k1}, i1={i1}, k2={k2}, i2={i2}")
Exception: Error: n=11, k=25, i=18, k1=1, i1=0, k2=24, i2=18
srun: error: compute069: task 0: Exited with exit code 1
Traceback (most recent call last):
  File "/home/ajherman/Graph/chromatic/clique_generator.py", line 336, in <module>
    raise Exception(f"Error: n={n}, k={k}, i={i}, k1={k1}, i1={i1}, k2={k2}, i2={i2}")
Exception: Error: n=11, k=26, i=19, k1=1, i1=0, k2=25, i2=19
srun: error: compute069: task 0: Exited with exit code 1
Traceback (most recent call last):
  File "/home/ajherman/Graph/chromatic/clique_generator.py", line 336, in <module>
    raise Exception(f"Error: n={n}, k={k}, i={i}, k1={k1}, i1={i1}, k2={k2}, i2={i2}")
Exception: Error: n=11, k=27, i=20, k1=1, i1=0, k2=26, i2=20
srun: error: compute069: task 0: Exited with exit code 1
Traceback (most recent call last):
  File "/home/ajherman/Graph/chromatic/clique_generator.py", line 336, in <module>
    raise Exception(f"Error: n={n}, k={k}, i={i}, k1={k1}, i1={i1}, k2={k2}, i2={i2}")
Exception: Error: n=11, k=28, i=21, k1=1, i1=0, k2=27, i2=21
srun: error: compute069: task 0: Exited with exit code 1
Traceback (most recent call last):
  File "/home/ajherman/Graph/chromatic/clique_generator.py", line 336, in <module>
    raise Exception(f"Error: n={n}, k={k}, i={i}, k1={k1}, i1={i1}, k2={k2}, i2={i2}")
Exception: Error: n=11, k=29, i=22, k1=1, i1=0, k2=28, i2=22
srun: error: compute069: task 0: Exited with exit code 1
Traceback (most recent call last):
  File "/home/ajherman/Graph/chromatic/clique_generator.py", line 336, in <module>
    raise Exception(f"Error: n={n}, k={k}, i={i}, k1={k1}, i1={i1}, k2={k2}, i2={i2}")
Exception: Error: n=11, k=30, i=23, k1=1, i1=0, k2=29, i2=23
srun: error: compute069: task 0: Exited with exit code 1
Traceback (most recent call last):
  File "/home/ajherman/Graph/chromatic/clique_generator.py", line 336, in <module>
    raise Exception(f"Error: n={n}, k={k}, i={i}, k1={k1}, i1={i1}, k2={k2}, i2={i2}")
Exception: Error: n=11, k=31, i=24, k1=1, i1=0, k2=30, i2=24
srun: error: compute069: task 0: Exited with exit code 1
Traceback (most recent call last):
  File "/home/ajherman/Graph/chromatic/clique_generator.py", line 336, in <module>
    raise Exception(f"Error: n={n}, k={k}, i={i}, k1={k1}, i1={i1}, k2={k2}, i2={i2}")
Exception: Error: n=11, k=32, i=25, k1=1, i1=0, k2=31, i2=25
srun: error: compute069: task 0: Exited with exit code 1
Traceback (most recent call last):
  File "/home/ajherman/Graph/chromatic/clique_generator.py", line 336, in <module>
    raise Exception(f"Error: n={n}, k={k}, i={i}, k1={k1}, i1={i1}, k2={k2}, i2={i2}")
Exception: Error: n=11, k=33, i=26, k1=1, i1=0, k2=32, i2=26
srun: error: compute069: task 0: Exited with exit code 1
Traceback (most recent call last):
  File "/home/ajherman/Graph/chromatic/clique_generator.py", line 336, in <module>
    raise Exception(f"Error: n={n}, k={k}, i={i}, k1={k1}, i1={i1}, k2={k2}, i2={i2}")
Exception: Error: n=11, k=34, i=27, k1=1, i1=0, k2=33, i2=27
srun: error: compute069: task 0: Exited with exit code 1
Traceback (most recent call last):
  File "/home/ajherman/Graph/chromatic/clique_generator.py", line 336, in <module>
    raise Exception(f"Error: n={n}, k={k}, i={i}, k1={k1}, i1={i1}, k2={k2}, i2={i2}")
Exception: Error: n=11, k=35, i=28, k1=1, i1=0, k2=34, i2=28
srun: error: compute069: task 0: Exited with exit code 1
Traceback (most recent call last):
  File "/home/ajherman/Graph/chromatic/clique_generator.py", line 336, in <module>
    raise Exception(f"Error: n={n}, k={k}, i={i}, k1={k1}, i1={i1}, k2={k2}, i2={i2}")
Exception: Error: n=11, k=36, i=29, k1=1, i1=0, k2=35, i2=29
srun: error: compute069: task 0: Exited with exit code 1
Traceback (most recent call last):
  File "/home/ajherman/Graph/chromatic/clique_generator.py", line 336, in <module>
    raise Exception(f"Error: n={n}, k={k}, i={i}, k1={k1}, i1={i1}, k2={k2}, i2={i2}")
Exception: Error: n=11, k=37, i=30, k1=1, i1=0, k2=36, i2=30
srun: error: compute069: task 0: Exited with exit code 1
Traceback (most recent call last):
  File "/home/ajherman/Graph/chromatic/clique_generator.py", line 336, in <module>
    raise Exception(f"Error: n={n}, k={k}, i={i}, k1={k1}, i1={i1}, k2={k2}, i2={i2}")
Exception: Error: n=11, k=38, i=31, k1=1, i1=0, k2=37, i2=31
srun: error: compute069: task 0: Exited with exit code 1
Traceback (most recent call last):
  File "/home/ajherman/Graph/chromatic/clique_generator.py", line 336, in <module>
    raise Exception(f"Error: n={n}, k={k}, i={i}, k1={k1}, i1={i1}, k2={k2}, i2={i2}")
Exception: Error: n=11, k=39, i=32, k1=1, i1=0, k2=38, i2=32
srun: error: compute069: task 0: Exited with exit code 1
Traceback (most recent call last):
  File "/home/ajherman/Graph/chromatic/clique_generator.py", line 336, in <module>
    raise Exception(f"Error: n={n}, k={k}, i={i}, k1={k1}, i1={i1}, k2={k2}, i2={i2}")
Exception: Error: n=11, k=40, i=33, k1=1, i1=0, k2=39, i2=33
srun: error: compute069: task 0: Exited with exit code 1
Traceback (most recent call last):
  File "/home/ajherman/Graph/chromatic/clique_generator.py", line 336, in <module>
    raise Exception(f"Error: n={n}, k={k}, i={i}, k1={k1}, i1={i1}, k2={k2}, i2={i2}")
Exception: Error: n=11, k=41, i=34, k1=1, i1=0, k2=40, i2=34
srun: error: compute069: task 0: Exited with exit code 1
Traceback (most recent call last):
  File "/home/ajherman/Graph/chromatic/clique_generator.py", line 336, in <module>
    raise Exception(f"Error: n={n}, k={k}, i={i}, k1={k1}, i1={i1}, k2={k2}, i2={i2}")
Exception: Error: n=11, k=42, i=35, k1=1, i1=0, k2=41, i2=35
srun: error: compute069: task 0: Exited with exit code 1
Traceback (most recent call last):
  File "/home/ajherman/Graph/chromatic/clique_generator.py", line 336, in <module>
    raise Exception(f"Error: n={n}, k={k}, i={i}, k1={k1}, i1={i1}, k2={k2}, i2={i2}")
Exception: Error: n=11, k=43, i=36, k1=1, i1=0, k2=42, i2=36
srun: error: compute069: task 0: Exited with exit code 1
Traceback (most recent call last):
  File "/home/ajherman/Graph/chromatic/clique_generator.py", line 336, in <module>
    raise Exception(f"Error: n={n}, k={k}, i={i}, k1={k1}, i1={i1}, k2={k2}, i2={i2}")
Exception: Error: n=11, k=44, i=37, k1=1, i1=0, k2=43, i2=37
srun: error: compute069: task 0: Exited with exit code 1
Traceback (most recent call last):
  File "/home/ajherman/Graph/chromatic/clique_generator.py", line 336, in <module>
    raise Exception(f"Error: n={n}, k={k}, i={i}, k1={k1}, i1={i1}, k2={k2}, i2={i2}")
Exception: Error: n=11, k=45, i=38, k1=1, i1=0, k2=44, i2=38
srun: error: compute069: task 0: Exited with exit code 1
Traceback (most recent call last):
  File "/home/ajherman/Graph/chromatic/clique_generator.py", line 336, in <module>
    raise Exception(f"Error: n={n}, k={k}, i={i}, k1={k1}, i1={i1}, k2={k2}, i2={i2}")
Exception: Error: n=11, k=46, i=39, k1=1, i1=0, k2=45, i2=39
srun: error: compute069: task 0: Exited with exit code 1
Traceback (most recent call last):
  File "/home/ajherman/Graph/chromatic/clique_generator.py", line 336, in <module>
    raise Exception(f"Error: n={n}, k={k}, i={i}, k1={k1}, i1={i1}, k2={k2}, i2={i2}")
Exception: Error: n=11, k=47, i=40, k1=1, i1=0, k2=46, i2=40
srun: error: compute069: task 0: Exited with exit code 1
Traceback (most recent call last):
  File "/home/ajherman/Graph/chromatic/clique_generator.py", line 336, in <module>
    raise Exception(f"Error: n={n}, k={k}, i={i}, k1={k1}, i1={i1}, k2={k2}, i2={i2}")
Exception: Error: n=11, k=10, i=2, k1=1, i1=0, k2=9, i2=2
srun: error: compute069: task 0: Exited with exit code 1
Traceback (most recent call last):
  File "/home/ajherman/Graph/chromatic/clique_generator.py", line 336, in <module>
    raise Exception(f"Error: n={n}, k={k}, i={i}, k1={k1}, i1={i1}, k2={k2}, i2={i2}")
Exception: Error: n=11, k=11, i=3, k1=1, i1=0, k2=10, i2=3
srun: error: compute069: task 0: Exited with exit code 1
Traceback (most recent call last):
  File "/home/ajherman/Graph/chromatic/clique_generator.py", line 336, in <module>
    raise Exception(f"Error: n={n}, k={k}, i={i}, k1={k1}, i1={i1}, k2={k2}, i2={i2}")
Exception: Error: n=11, k=12, i=4, k1=1, i1=0, k2=11, i2=4
srun: error: compute069: task 0: Exited with exit code 1
Traceback (most recent call last):
  File "/home/ajherman/Graph/chromatic/clique_generator.py", line 336, in <module>
    raise Exception(f"Error: n={n}, k={k}, i={i}, k1={k1}, i1={i1}, k2={k2}, i2={i2}")
Exception: Error: n=11, k=13, i=5, k1=1, i1=0, k2=12, i2=5
srun: error: compute069: task 0: Exited with exit code 1
Traceback (most recent call last):
  File "/home/ajherman/Graph/chromatic/clique_generator.py", line 336, in <module>
    raise Exception(f"Error: n={n}, k={k}, i={i}, k1={k1}, i1={i1}, k2={k2}, i2={i2}")
Exception: Error: n=11, k=14, i=6, k1=1, i1=0, k2=13, i2=6
srun: error: compute069: task 0: Exited with exit code 1
Traceback (most recent call last):
  File "/home/ajherman/Graph/chromatic/clique_generator.py", line 336, in <module>
    raise Exception(f"Error: n={n}, k={k}, i={i}, k1={k1}, i1={i1}, k2={k2}, i2={i2}")
Exception: Error: n=11, k=15, i=7, k1=1, i1=0, k2=14, i2=7
srun: error: compute069: task 0: Exited with exit code 1
Traceback (most recent call last):
  File "/home/ajherman/Graph/chromatic/clique_generator.py", line 336, in <module>
    raise Exception(f"Error: n={n}, k={k}, i={i}, k1={k1}, i1={i1}, k2={k2}, i2={i2}")
Exception: Error: n=11, k=16, i=8, k1=1, i1=0, k2=15, i2=8
srun: error: compute069: task 0: Exited with exit code 1
Traceback (most recent call last):
  File "/home/ajherman/Graph/chromatic/clique_generator.py", line 336, in <module>
    raise Exception(f"Error: n={n}, k={k}, i={i}, k1={k1}, i1={i1}, k2={k2}, i2={i2}")
Exception: Error: n=11, k=17, i=9, k1=1, i1=0, k2=16, i2=9
srun: error: compute069: task 0: Exited with exit code 1
Traceback (most recent call last):
  File "/home/ajherman/Graph/chromatic/clique_generator.py", line 336, in <module>
    raise Exception(f"Error: n={n}, k={k}, i={i}, k1={k1}, i1={i1}, k2={k2}, i2={i2}")
Exception: Error: n=11, k=18, i=10, k1=1, i1=0, k2=17, i2=10
srun: error: compute069: task 0: Exited with exit code 1
Traceback (most recent call last):
  File "/home/ajherman/Graph/chromatic/clique_generator.py", line 336, in <module>
    raise Exception(f"Error: n={n}, k={k}, i={i}, k1={k1}, i1={i1}, k2={k2}, i2={i2}")
Exception: Error: n=11, k=19, i=11, k1=1, i1=0, k2=18, i2=11
srun: error: compute069: task 0: Exited with exit code 1
Traceback (most recent call last):
  File "/home/ajherman/Graph/chromatic/clique_generator.py", line 336, in <module>
    raise Exception(f"Error: n={n}, k={k}, i={i}, k1={k1}, i1={i1}, k2={k2}, i2={i2}")
Exception: Error: n=11, k=20, i=12, k1=1, i1=0, k2=19, i2=12
srun: error: compute069: task 0: Exited with exit code 1
Traceback (most recent call last):
  File "/home/ajherman/Graph/chromatic/clique_generator.py", line 336, in <module>
    raise Exception(f"Error: n={n}, k={k}, i={i}, k1={k1}, i1={i1}, k2={k2}, i2={i2}")
Exception: Error: n=11, k=21, i=13, k1=1, i1=0, k2=20, i2=13
srun: error: compute069: task 0: Exited with exit code 1
Traceback (most recent call last):
  File "/home/ajherman/Graph/chromatic/clique_generator.py", line 336, in <module>
    raise Exception(f"Error: n={n}, k={k}, i={i}, k1={k1}, i1={i1}, k2={k2}, i2={i2}")
Exception: Error: n=11, k=22, i=14, k1=1, i1=0, k2=21, i2=14
srun: error: compute069: task 0: Exited with exit code 1
Traceback (most recent call last):
  File "/home/ajherman/Graph/chromatic/clique_generator.py", line 336, in <module>
    raise Exception(f"Error: n={n}, k={k}, i={i}, k1={k1}, i1={i1}, k2={k2}, i2={i2}")
Exception: Error: n=11, k=23, i=15, k1=1, i1=0, k2=22, i2=15
srun: error: compute069: task 0: Exited with exit code 1
Traceback (most recent call last):
  File "/home/ajherman/Graph/chromatic/clique_generator.py", line 336, in <module>
    raise Exception(f"Error: n={n}, k={k}, i={i}, k1={k1}, i1={i1}, k2={k2}, i2={i2}")
Exception: Error: n=11, k=24, i=16, k1=1, i1=0, k2=23, i2=16
srun: error: compute069: task 0: Exited with exit code 1
Traceback (most recent call last):
  File "/home/ajherman/Graph/chromatic/clique_generator.py", line 336, in <module>
    raise Exception(f"Error: n={n}, k={k}, i={i}, k1={k1}, i1={i1}, k2={k2}, i2={i2}")
Exception: Error: n=11, k=25, i=17, k1=1, i1=0, k2=24, i2=17
srun: error: compute069: task 0: Exited with exit code 1
Traceback (most recent call last):
  File "/home/ajherman/Graph/chromatic/clique_generator.py", line 336, in <module>
    raise Exception(f"Error: n={n}, k={k}, i={i}, k1={k1}, i1={i1}, k2={k2}, i2={i2}")
Exception: Error: n=11, k=26, i=18, k1=1, i1=0, k2=25, i2=18
srun: error: compute069: task 0: Exited with exit code 1
Traceback (most recent call last):
  File "/home/ajherman/Graph/chromatic/clique_generator.py", line 336, in <module>
    raise Exception(f"Error: n={n}, k={k}, i={i}, k1={k1}, i1={i1}, k2={k2}, i2={i2}")
Exception: Error: n=11, k=27, i=19, k1=1, i1=0, k2=26, i2=19
srun: error: compute069: task 0: Exited with exit code 1
Traceback (most recent call last):
  File "/home/ajherman/Graph/chromatic/clique_generator.py", line 336, in <module>
    raise Exception(f"Error: n={n}, k={k}, i={i}, k1={k1}, i1={i1}, k2={k2}, i2={i2}")
Exception: Error: n=11, k=28, i=20, k1=1, i1=0, k2=27, i2=20
srun: error: compute069: task 0: Exited with exit code 1
Traceback (most recent call last):
  File "/home/ajherman/Graph/chromatic/clique_generator.py", line 336, in <module>
    raise Exception(f"Error: n={n}, k={k}, i={i}, k1={k1}, i1={i1}, k2={k2}, i2={i2}")
Exception: Error: n=11, k=29, i=21, k1=1, i1=0, k2=28, i2=21
srun: error: compute069: task 0: Exited with exit code 1
Traceback (most recent call last):
  File "/home/ajherman/Graph/chromatic/clique_generator.py", line 336, in <module>
    raise Exception(f"Error: n={n}, k={k}, i={i}, k1={k1}, i1={i1}, k2={k2}, i2={i2}")
Exception: Error: n=11, k=30, i=22, k1=1, i1=0, k2=29, i2=22
srun: error: compute069: task 0: Exited with exit code 1
Traceback (most recent call last):
  File "/home/ajherman/Graph/chromatic/clique_generator.py", line 336, in <module>
    raise Exception(f"Error: n={n}, k={k}, i={i}, k1={k1}, i1={i1}, k2={k2}, i2={i2}")
Exception: Error: n=11, k=31, i=23, k1=1, i1=0, k2=30, i2=23
srun: error: compute069: task 0: Exited with exit code 1
Traceback (most recent call last):
  File "/home/ajherman/Graph/chromatic/clique_generator.py", line 336, in <module>
    raise Exception(f"Error: n={n}, k={k}, i={i}, k1={k1}, i1={i1}, k2={k2}, i2={i2}")
Exception: Error: n=11, k=32, i=24, k1=1, i1=0, k2=31, i2=24
srun: error: compute069: task 0: Exited with exit code 1
Traceback (most recent call last):
  File "/home/ajherman/Graph/chromatic/clique_generator.py", line 336, in <module>
    raise Exception(f"Error: n={n}, k={k}, i={i}, k1={k1}, i1={i1}, k2={k2}, i2={i2}")
Exception: Error: n=11, k=33, i=25, k1=1, i1=0, k2=32, i2=25
srun: error: compute069: task 0: Exited with exit code 1
Traceback (most recent call last):
  File "/home/ajherman/Graph/chromatic/clique_generator.py", line 336, in <module>
    raise Exception(f"Error: n={n}, k={k}, i={i}, k1={k1}, i1={i1}, k2={k2}, i2={i2}")
Exception: Error: n=11, k=34, i=26, k1=1, i1=0, k2=33, i2=26
srun: error: compute069: task 0: Exited with exit code 1
Traceback (most recent call last):
  File "/home/ajherman/Graph/chromatic/clique_generator.py", line 336, in <module>
    raise Exception(f"Error: n={n}, k={k}, i={i}, k1={k1}, i1={i1}, k2={k2}, i2={i2}")
Exception: Error: n=11, k=35, i=27, k1=1, i1=0, k2=34, i2=27
srun: error: compute069: task 0: Exited with exit code 1
Traceback (most recent call last):
  File "/home/ajherman/Graph/chromatic/clique_generator.py", line 336, in <module>
    raise Exception(f"Error: n={n}, k={k}, i={i}, k1={k1}, i1={i1}, k2={k2}, i2={i2}")
Exception: Error: n=11, k=36, i=28, k1=1, i1=0, k2=35, i2=28
srun: error: compute069: task 0: Exited with exit code 1
Traceback (most recent call last):
  File "/home/ajherman/Graph/chromatic/clique_generator.py", line 336, in <module>
    raise Exception(f"Error: n={n}, k={k}, i={i}, k1={k1}, i1={i1}, k2={k2}, i2={i2}")
Exception: Error: n=11, k=37, i=29, k1=1, i1=0, k2=36, i2=29
srun: error: compute069: task 0: Exited with exit code 1
Traceback (most recent call last):
  File "/home/ajherman/Graph/chromatic/clique_generator.py", line 336, in <module>
    raise Exception(f"Error: n={n}, k={k}, i={i}, k1={k1}, i1={i1}, k2={k2}, i2={i2}")
Exception: Error: n=11, k=38, i=30, k1=1, i1=0, k2=37, i2=30
srun: error: compute069: task 0: Exited with exit code 1
Traceback (most recent call last):
  File "/home/ajherman/Graph/chromatic/clique_generator.py", line 336, in <module>
    raise Exception(f"Error: n={n}, k={k}, i={i}, k1={k1}, i1={i1}, k2={k2}, i2={i2}")
Exception: Error: n=11, k=39, i=31, k1=1, i1=0, k2=38, i2=31
srun: error: compute069: task 0: Exited with exit code 1
Traceback (most recent call last):
  File "/home/ajherman/Graph/chromatic/clique_generator.py", line 336, in <module>
    raise Exception(f"Error: n={n}, k={k}, i={i}, k1={k1}, i1={i1}, k2={k2}, i2={i2}")
Exception: Error: n=11, k=40, i=32, k1=1, i1=0, k2=39, i2=32
srun: error: compute069: task 0: Exited with exit code 1
Traceback (most recent call last):
  File "/home/ajherman/Graph/chromatic/clique_generator.py", line 336, in <module>
    raise Exception(f"Error: n={n}, k={k}, i={i}, k1={k1}, i1={i1}, k2={k2}, i2={i2}")
Exception: Error: n=11, k=41, i=33, k1=1, i1=0, k2=40, i2=33
srun: error: compute069: task 0: Exited with exit code 1
Traceback (most recent call last):
  File "/home/ajherman/Graph/chromatic/clique_generator.py", line 336, in <module>
    raise Exception(f"Error: n={n}, k={k}, i={i}, k1={k1}, i1={i1}, k2={k2}, i2={i2}")
Exception: Error: n=11, k=42, i=34, k1=1, i1=0, k2=41, i2=34
srun: error: compute069: task 0: Exited with exit code 1
Traceback (most recent call last):
  File "/home/ajherman/Graph/chromatic/clique_generator.py", line 336, in <module>
    raise Exception(f"Error: n={n}, k={k}, i={i}, k1={k1}, i1={i1}, k2={k2}, i2={i2}")
Exception: Error: n=11, k=43, i=35, k1=1, i1=0, k2=42, i2=35
srun: error: compute069: task 0: Exited with exit code 1
Traceback (most recent call last):
  File "/home/ajherman/Graph/chromatic/clique_generator.py", line 336, in <module>
    raise Exception(f"Error: n={n}, k={k}, i={i}, k1={k1}, i1={i1}, k2={k2}, i2={i2}")
Exception: Error: n=11, k=44, i=36, k1=1, i1=0, k2=43, i2=36
srun: error: compute069: task 0: Exited with exit code 1
Traceback (most recent call last):
  File "/home/ajherman/Graph/chromatic/clique_generator.py", line 336, in <module>
    raise Exception(f"Error: n={n}, k={k}, i={i}, k1={k1}, i1={i1}, k2={k2}, i2={i2}")
Exception: Error: n=11, k=45, i=37, k1=1, i1=0, k2=44, i2=37
srun: error: compute069: task 0: Exited with exit code 1
Traceback (most recent call last):
  File "/home/ajherman/Graph/chromatic/clique_generator.py", line 336, in <module>
    raise Exception(f"Error: n={n}, k={k}, i={i}, k1={k1}, i1={i1}, k2={k2}, i2={i2}")
Exception: Error: n=11, k=46, i=38, k1=1, i1=0, k2=45, i2=38
srun: error: compute069: task 0: Exited with exit code 1
Traceback (most recent call last):
  File "/home/ajherman/Graph/chromatic/clique_generator.py", line 336, in <module>
    raise Exception(f"Error: n={n}, k={k}, i={i}, k1={k1}, i1={i1}, k2={k2}, i2={i2}")
Exception: Error: n=11, k=47, i=39, k1=1, i1=0, k2=46, i2=39
srun: error: compute069: task 0: Exited with exit code 1
Traceback (most recent call last):
  File "/home/ajherman/Graph/chromatic/clique_generator.py", line 336, in <module>
    raise Exception(f"Error: n={n}, k={k}, i={i}, k1={k1}, i1={i1}, k2={k2}, i2={i2}")
Exception: Error: n=11, k=48, i=40, k1=1, i1=0, k2=47, i2=40
srun: error: compute069: task 0: Exited with exit code 1
Traceback (most recent call last):
  File "/home/ajherman/Graph/chromatic/clique_generator.py", line 336, in <module>
    raise Exception(f"Error: n={n}, k={k}, i={i}, k1={k1}, i1={i1}, k2={k2}, i2={i2}")
Exception: Error: n=11, k=11, i=2, k1=1, i1=0, k2=10, i2=2
srun: error: compute069: task 0: Exited with exit code 1
Traceback (most recent call last):
  File "/home/ajherman/Graph/chromatic/clique_generator.py", line 336, in <module>
    raise Exception(f"Error: n={n}, k={k}, i={i}, k1={k1}, i1={i1}, k2={k2}, i2={i2}")
Exception: Error: n=11, k=12, i=3, k1=1, i1=0, k2=11, i2=3
srun: error: compute069: task 0: Exited with exit code 1
Traceback (most recent call last):
  File "/home/ajherman/Graph/chromatic/clique_generator.py", line 336, in <module>
    raise Exception(f"Error: n={n}, k={k}, i={i}, k1={k1}, i1={i1}, k2={k2}, i2={i2}")
Exception: Error: n=11, k=13, i=4, k1=1, i1=0, k2=12, i2=4
srun: error: compute069: task 0: Exited with exit code 1
Traceback (most recent call last):
  File "/home/ajherman/Graph/chromatic/clique_generator.py", line 336, in <module>
    raise Exception(f"Error: n={n}, k={k}, i={i}, k1={k1}, i1={i1}, k2={k2}, i2={i2}")
Exception: Error: n=11, k=14, i=5, k1=1, i1=0, k2=13, i2=5
srun: error: compute069: task 0: Exited with exit code 1
Traceback (most recent call last):
  File "/home/ajherman/Graph/chromatic/clique_generator.py", line 336, in <module>
    raise Exception(f"Error: n={n}, k={k}, i={i}, k1={k1}, i1={i1}, k2={k2}, i2={i2}")
Exception: Error: n=11, k=15, i=6, k1=1, i1=0, k2=14, i2=6
srun: error: compute069: task 0: Exited with exit code 1
Traceback (most recent call last):
  File "/home/ajherman/Graph/chromatic/clique_generator.py", line 336, in <module>
    raise Exception(f"Error: n={n}, k={k}, i={i}, k1={k1}, i1={i1}, k2={k2}, i2={i2}")
Exception: Error: n=11, k=16, i=7, k1=1, i1=0, k2=15, i2=7
srun: error: compute069: task 0: Exited with exit code 1
Traceback (most recent call last):
  File "/home/ajherman/Graph/chromatic/clique_generator.py", line 336, in <module>
    raise Exception(f"Error: n={n}, k={k}, i={i}, k1={k1}, i1={i1}, k2={k2}, i2={i2}")
Exception: Error: n=11, k=17, i=8, k1=1, i1=0, k2=16, i2=8
srun: error: compute069: task 0: Exited with exit code 1
Traceback (most recent call last):
  File "/home/ajherman/Graph/chromatic/clique_generator.py", line 336, in <module>
    raise Exception(f"Error: n={n}, k={k}, i={i}, k1={k1}, i1={i1}, k2={k2}, i2={i2}")
Exception: Error: n=11, k=18, i=9, k1=1, i1=0, k2=17, i2=9
srun: error: compute069: task 0: Exited with exit code 1
Traceback (most recent call last):
  File "/home/ajherman/Graph/chromatic/clique_generator.py", line 336, in <module>
    raise Exception(f"Error: n={n}, k={k}, i={i}, k1={k1}, i1={i1}, k2={k2}, i2={i2}")
Exception: Error: n=11, k=19, i=10, k1=1, i1=0, k2=18, i2=10
srun: error: compute069: task 0: Exited with exit code 1
Traceback (most recent call last):
  File "/home/ajherman/Graph/chromatic/clique_generator.py", line 336, in <module>
    raise Exception(f"Error: n={n}, k={k}, i={i}, k1={k1}, i1={i1}, k2={k2}, i2={i2}")
Exception: Error: n=11, k=20, i=11, k1=1, i1=0, k2=19, i2=11
srun: error: compute069: task 0: Exited with exit code 1
Traceback (most recent call last):
  File "/home/ajherman/Graph/chromatic/clique_generator.py", line 336, in <module>
    raise Exception(f"Error: n={n}, k={k}, i={i}, k1={k1}, i1={i1}, k2={k2}, i2={i2}")
Exception: Error: n=11, k=21, i=12, k1=1, i1=0, k2=20, i2=12
srun: error: compute069: task 0: Exited with exit code 1
Traceback (most recent call last):
  File "/home/ajherman/Graph/chromatic/clique_generator.py", line 336, in <module>
    raise Exception(f"Error: n={n}, k={k}, i={i}, k1={k1}, i1={i1}, k2={k2}, i2={i2}")
Exception: Error: n=11, k=22, i=13, k1=1, i1=0, k2=21, i2=13
srun: error: compute069: task 0: Exited with exit code 1
Traceback (most recent call last):
  File "/home/ajherman/Graph/chromatic/clique_generator.py", line 336, in <module>
    raise Exception(f"Error: n={n}, k={k}, i={i}, k1={k1}, i1={i1}, k2={k2}, i2={i2}")
Exception: Error: n=11, k=23, i=14, k1=1, i1=0, k2=22, i2=14
srun: error: compute069: task 0: Exited with exit code 1
Traceback (most recent call last):
  File "/home/ajherman/Graph/chromatic/clique_generator.py", line 336, in <module>
    raise Exception(f"Error: n={n}, k={k}, i={i}, k1={k1}, i1={i1}, k2={k2}, i2={i2}")
Exception: Error: n=11, k=24, i=15, k1=1, i1=0, k2=23, i2=15
srun: error: compute069: task 0: Exited with exit code 1
Traceback (most recent call last):
  File "/home/ajherman/Graph/chromatic/clique_generator.py", line 336, in <module>
    raise Exception(f"Error: n={n}, k={k}, i={i}, k1={k1}, i1={i1}, k2={k2}, i2={i2}")
Exception: Error: n=11, k=25, i=16, k1=1, i1=0, k2=24, i2=16
srun: error: compute069: task 0: Exited with exit code 1
Traceback (most recent call last):
  File "/home/ajherman/Graph/chromatic/clique_generator.py", line 336, in <module>
    raise Exception(f"Error: n={n}, k={k}, i={i}, k1={k1}, i1={i1}, k2={k2}, i2={i2}")
Exception: Error: n=11, k=26, i=17, k1=1, i1=0, k2=25, i2=17
srun: error: compute069: task 0: Exited with exit code 1
Traceback (most recent call last):
  File "/home/ajherman/Graph/chromatic/clique_generator.py", line 336, in <module>
    raise Exception(f"Error: n={n}, k={k}, i={i}, k1={k1}, i1={i1}, k2={k2}, i2={i2}")
Exception: Error: n=11, k=27, i=18, k1=1, i1=0, k2=26, i2=18
srun: error: compute069: task 0: Exited with exit code 1
Traceback (most recent call last):
  File "/home/ajherman/Graph/chromatic/clique_generator.py", line 336, in <module>
    raise Exception(f"Error: n={n}, k={k}, i={i}, k1={k1}, i1={i1}, k2={k2}, i2={i2}")
Exception: Error: n=11, k=28, i=19, k1=1, i1=0, k2=27, i2=19
srun: error: compute069: task 0: Exited with exit code 1
Traceback (most recent call last):
  File "/home/ajherman/Graph/chromatic/clique_generator.py", line 336, in <module>
    raise Exception(f"Error: n={n}, k={k}, i={i}, k1={k1}, i1={i1}, k2={k2}, i2={i2}")
Exception: Error: n=11, k=29, i=20, k1=1, i1=0, k2=28, i2=20
srun: error: compute069: task 0: Exited with exit code 1
Traceback (most recent call last):
  File "/home/ajherman/Graph/chromatic/clique_generator.py", line 336, in <module>
    raise Exception(f"Error: n={n}, k={k}, i={i}, k1={k1}, i1={i1}, k2={k2}, i2={i2}")
Exception: Error: n=11, k=30, i=21, k1=1, i1=0, k2=29, i2=21
srun: error: compute069: task 0: Exited with exit code 1
Traceback (most recent call last):
  File "/home/ajherman/Graph/chromatic/clique_generator.py", line 336, in <module>
    raise Exception(f"Error: n={n}, k={k}, i={i}, k1={k1}, i1={i1}, k2={k2}, i2={i2}")
Exception: Error: n=11, k=31, i=22, k1=1, i1=0, k2=30, i2=22
srun: error: compute069: task 0: Exited with exit code 1
Traceback (most recent call last):
  File "/home/ajherman/Graph/chromatic/clique_generator.py", line 336, in <module>
    raise Exception(f"Error: n={n}, k={k}, i={i}, k1={k1}, i1={i1}, k2={k2}, i2={i2}")
Exception: Error: n=11, k=32, i=23, k1=1, i1=0, k2=31, i2=23
srun: error: compute069: task 0: Exited with exit code 1
Traceback (most recent call last):
  File "/home/ajherman/Graph/chromatic/clique_generator.py", line 336, in <module>
    raise Exception(f"Error: n={n}, k={k}, i={i}, k1={k1}, i1={i1}, k2={k2}, i2={i2}")
Exception: Error: n=11, k=33, i=24, k1=1, i1=0, k2=32, i2=24
srun: error: compute069: task 0: Exited with exit code 1
Traceback (most recent call last):
  File "/home/ajherman/Graph/chromatic/clique_generator.py", line 336, in <module>
    raise Exception(f"Error: n={n}, k={k}, i={i}, k1={k1}, i1={i1}, k2={k2}, i2={i2}")
Exception: Error: n=11, k=34, i=25, k1=1, i1=0, k2=33, i2=25
srun: error: compute069: task 0: Exited with exit code 1
Traceback (most recent call last):
  File "/home/ajherman/Graph/chromatic/clique_generator.py", line 336, in <module>
    raise Exception(f"Error: n={n}, k={k}, i={i}, k1={k1}, i1={i1}, k2={k2}, i2={i2}")
Exception: Error: n=11, k=35, i=26, k1=1, i1=0, k2=34, i2=26
srun: error: compute069: task 0: Exited with exit code 1
Traceback (most recent call last):
  File "/home/ajherman/Graph/chromatic/clique_generator.py", line 336, in <module>
    raise Exception(f"Error: n={n}, k={k}, i={i}, k1={k1}, i1={i1}, k2={k2}, i2={i2}")
Exception: Error: n=11, k=36, i=27, k1=1, i1=0, k2=35, i2=27
srun: error: compute069: task 0: Exited with exit code 1
Traceback (most recent call last):
  File "/home/ajherman/Graph/chromatic/clique_generator.py", line 336, in <module>
    raise Exception(f"Error: n={n}, k={k}, i={i}, k1={k1}, i1={i1}, k2={k2}, i2={i2}")
Exception: Error: n=11, k=37, i=28, k1=1, i1=0, k2=36, i2=28
srun: error: compute069: task 0: Exited with exit code 1
Traceback (most recent call last):
  File "/home/ajherman/Graph/chromatic/clique_generator.py", line 336, in <module>
    raise Exception(f"Error: n={n}, k={k}, i={i}, k1={k1}, i1={i1}, k2={k2}, i2={i2}")
Exception: Error: n=11, k=38, i=29, k1=1, i1=0, k2=37, i2=29
srun: error: compute069: task 0: Exited with exit code 1
Traceback (most recent call last):
  File "/home/ajherman/Graph/chromatic/clique_generator.py", line 336, in <module>
    raise Exception(f"Error: n={n}, k={k}, i={i}, k1={k1}, i1={i1}, k2={k2}, i2={i2}")
Exception: Error: n=11, k=39, i=30, k1=1, i1=0, k2=38, i2=30
srun: error: compute069: task 0: Exited with exit code 1
Traceback (most recent call last):
  File "/home/ajherman/Graph/chromatic/clique_generator.py", line 336, in <module>
    raise Exception(f"Error: n={n}, k={k}, i={i}, k1={k1}, i1={i1}, k2={k2}, i2={i2}")
Exception: Error: n=11, k=40, i=31, k1=1, i1=0, k2=39, i2=31
srun: error: compute069: task 0: Exited with exit code 1
Traceback (most recent call last):
  File "/home/ajherman/Graph/chromatic/clique_generator.py", line 336, in <module>
    raise Exception(f"Error: n={n}, k={k}, i={i}, k1={k1}, i1={i1}, k2={k2}, i2={i2}")
Exception: Error: n=11, k=41, i=32, k1=1, i1=0, k2=40, i2=32
srun: error: compute069: task 0: Exited with exit code 1
Traceback (most recent call last):
  File "/home/ajherman/Graph/chromatic/clique_generator.py", line 336, in <module>
    raise Exception(f"Error: n={n}, k={k}, i={i}, k1={k1}, i1={i1}, k2={k2}, i2={i2}")
Exception: Error: n=11, k=42, i=33, k1=1, i1=0, k2=41, i2=33
srun: error: compute069: task 0: Exited with exit code 1
Traceback (most recent call last):
  File "/home/ajherman/Graph/chromatic/clique_generator.py", line 336, in <module>
    raise Exception(f"Error: n={n}, k={k}, i={i}, k1={k1}, i1={i1}, k2={k2}, i2={i2}")
Exception: Error: n=11, k=43, i=34, k1=1, i1=0, k2=42, i2=34
srun: error: compute069: task 0: Exited with exit code 1
Traceback (most recent call last):
  File "/home/ajherman/Graph/chromatic/clique_generator.py", line 336, in <module>
    raise Exception(f"Error: n={n}, k={k}, i={i}, k1={k1}, i1={i1}, k2={k2}, i2={i2}")
Exception: Error: n=11, k=44, i=35, k1=1, i1=0, k2=43, i2=35
srun: error: compute069: task 0: Exited with exit code 1
Traceback (most recent call last):
  File "/home/ajherman/Graph/chromatic/clique_generator.py", line 336, in <module>
    raise Exception(f"Error: n={n}, k={k}, i={i}, k1={k1}, i1={i1}, k2={k2}, i2={i2}")
Exception: Error: n=11, k=45, i=36, k1=1, i1=0, k2=44, i2=36
srun: error: compute069: task 0: Exited with exit code 1
Traceback (most recent call last):
  File "/home/ajherman/Graph/chromatic/clique_generator.py", line 336, in <module>
    raise Exception(f"Error: n={n}, k={k}, i={i}, k1={k1}, i1={i1}, k2={k2}, i2={i2}")
Exception: Error: n=11, k=46, i=37, k1=1, i1=0, k2=45, i2=37
srun: error: compute069: task 0: Exited with exit code 1
Traceback (most recent call last):
  File "/home/ajherman/Graph/chromatic/clique_generator.py", line 336, in <module>
    raise Exception(f"Error: n={n}, k={k}, i={i}, k1={k1}, i1={i1}, k2={k2}, i2={i2}")
Exception: Error: n=11, k=47, i=38, k1=1, i1=0, k2=46, i2=38
srun: error: compute069: task 0: Exited with exit code 1
Traceback (most recent call last):
  File "/home/ajherman/Graph/chromatic/clique_generator.py", line 336, in <module>
    raise Exception(f"Error: n={n}, k={k}, i={i}, k1={k1}, i1={i1}, k2={k2}, i2={i2}")
Exception: Error: n=11, k=48, i=39, k1=1, i1=0, k2=47, i2=39
srun: error: compute069: task 0: Exited with exit code 1
Traceback (most recent call last):
  File "/home/ajherman/Graph/chromatic/clique_generator.py", line 336, in <module>
    raise Exception(f"Error: n={n}, k={k}, i={i}, k1={k1}, i1={i1}, k2={k2}, i2={i2}")
Exception: Error: n=11, k=49, i=40, k1=1, i1=0, k2=48, i2=40
srun: error: compute069: task 0: Exited with exit code 1
Traceback (most recent call last):
  File "/home/ajherman/Graph/chromatic/clique_generator.py", line 336, in <module>
    raise Exception(f"Error: n={n}, k={k}, i={i}, k1={k1}, i1={i1}, k2={k2}, i2={i2}")
Exception: Error: n=11, k=12, i=2, k1=1, i1=0, k2=11, i2=2
srun: error: compute069: task 0: Exited with exit code 1
Traceback (most recent call last):
  File "/home/ajherman/Graph/chromatic/clique_generator.py", line 336, in <module>
    raise Exception(f"Error: n={n}, k={k}, i={i}, k1={k1}, i1={i1}, k2={k2}, i2={i2}")
Exception: Error: n=11, k=13, i=3, k1=1, i1=0, k2=12, i2=3
srun: error: compute069: task 0: Exited with exit code 1
Traceback (most recent call last):
  File "/home/ajherman/Graph/chromatic/clique_generator.py", line 336, in <module>
    raise Exception(f"Error: n={n}, k={k}, i={i}, k1={k1}, i1={i1}, k2={k2}, i2={i2}")
Exception: Error: n=11, k=14, i=4, k1=1, i1=0, k2=13, i2=4
srun: error: compute069: task 0: Exited with exit code 1
Traceback (most recent call last):
  File "/home/ajherman/Graph/chromatic/clique_generator.py", line 336, in <module>
    raise Exception(f"Error: n={n}, k={k}, i={i}, k1={k1}, i1={i1}, k2={k2}, i2={i2}")
Exception: Error: n=11, k=15, i=5, k1=1, i1=0, k2=14, i2=5
srun: error: compute069: task 0: Exited with exit code 1
Traceback (most recent call last):
  File "/home/ajherman/Graph/chromatic/clique_generator.py", line 336, in <module>
    raise Exception(f"Error: n={n}, k={k}, i={i}, k1={k1}, i1={i1}, k2={k2}, i2={i2}")
Exception: Error: n=11, k=16, i=6, k1=1, i1=0, k2=15, i2=6
srun: error: compute069: task 0: Exited with exit code 1
Traceback (most recent call last):
  File "/home/ajherman/Graph/chromatic/clique_generator.py", line 336, in <module>
    raise Exception(f"Error: n={n}, k={k}, i={i}, k1={k1}, i1={i1}, k2={k2}, i2={i2}")
Exception: Error: n=11, k=17, i=7, k1=1, i1=0, k2=16, i2=7
srun: error: compute069: task 0: Exited with exit code 1
Traceback (most recent call last):
  File "/home/ajherman/Graph/chromatic/clique_generator.py", line 336, in <module>
    raise Exception(f"Error: n={n}, k={k}, i={i}, k1={k1}, i1={i1}, k2={k2}, i2={i2}")
Exception: Error: n=11, k=18, i=8, k1=1, i1=0, k2=17, i2=8
srun: error: compute069: task 0: Exited with exit code 1
Traceback (most recent call last):
  File "/home/ajherman/Graph/chromatic/clique_generator.py", line 336, in <module>
    raise Exception(f"Error: n={n}, k={k}, i={i}, k1={k1}, i1={i1}, k2={k2}, i2={i2}")
Exception: Error: n=11, k=19, i=9, k1=1, i1=0, k2=18, i2=9
srun: error: compute069: task 0: Exited with exit code 1
Traceback (most recent call last):
  File "/home/ajherman/Graph/chromatic/clique_generator.py", line 336, in <module>
    raise Exception(f"Error: n={n}, k={k}, i={i}, k1={k1}, i1={i1}, k2={k2}, i2={i2}")
Exception: Error: n=11, k=20, i=10, k1=1, i1=0, k2=19, i2=10
srun: error: compute069: task 0: Exited with exit code 1
Traceback (most recent call last):
  File "/home/ajherman/Graph/chromatic/clique_generator.py", line 336, in <module>
    raise Exception(f"Error: n={n}, k={k}, i={i}, k1={k1}, i1={i1}, k2={k2}, i2={i2}")
Exception: Error: n=11, k=21, i=11, k1=1, i1=0, k2=20, i2=11
srun: error: compute069: task 0: Exited with exit code 1
Traceback (most recent call last):
  File "/home/ajherman/Graph/chromatic/clique_generator.py", line 336, in <module>
    raise Exception(f"Error: n={n}, k={k}, i={i}, k1={k1}, i1={i1}, k2={k2}, i2={i2}")
Exception: Error: n=11, k=22, i=12, k1=1, i1=0, k2=21, i2=12
srun: error: compute069: task 0: Exited with exit code 1
Traceback (most recent call last):
  File "/home/ajherman/Graph/chromatic/clique_generator.py", line 336, in <module>
    raise Exception(f"Error: n={n}, k={k}, i={i}, k1={k1}, i1={i1}, k2={k2}, i2={i2}")
Exception: Error: n=11, k=23, i=13, k1=1, i1=0, k2=22, i2=13
srun: error: compute069: task 0: Exited with exit code 1
Traceback (most recent call last):
  File "/home/ajherman/Graph/chromatic/clique_generator.py", line 336, in <module>
    raise Exception(f"Error: n={n}, k={k}, i={i}, k1={k1}, i1={i1}, k2={k2}, i2={i2}")
Exception: Error: n=11, k=24, i=14, k1=1, i1=0, k2=23, i2=14
srun: error: compute069: task 0: Exited with exit code 1
Traceback (most recent call last):
  File "/home/ajherman/Graph/chromatic/clique_generator.py", line 336, in <module>
    raise Exception(f"Error: n={n}, k={k}, i={i}, k1={k1}, i1={i1}, k2={k2}, i2={i2}")
Exception: Error: n=11, k=25, i=15, k1=1, i1=0, k2=24, i2=15
srun: error: compute069: task 0: Exited with exit code 1
Traceback (most recent call last):
  File "/home/ajherman/Graph/chromatic/clique_generator.py", line 336, in <module>
    raise Exception(f"Error: n={n}, k={k}, i={i}, k1={k1}, i1={i1}, k2={k2}, i2={i2}")
Exception: Error: n=11, k=26, i=16, k1=1, i1=0, k2=25, i2=16
srun: error: compute069: task 0: Exited with exit code 1
Traceback (most recent call last):
  File "/home/ajherman/Graph/chromatic/clique_generator.py", line 336, in <module>
    raise Exception(f"Error: n={n}, k={k}, i={i}, k1={k1}, i1={i1}, k2={k2}, i2={i2}")
Exception: Error: n=11, k=27, i=17, k1=1, i1=0, k2=26, i2=17
srun: error: compute069: task 0: Exited with exit code 1
Traceback (most recent call last):
  File "/home/ajherman/Graph/chromatic/clique_generator.py", line 336, in <module>
    raise Exception(f"Error: n={n}, k={k}, i={i}, k1={k1}, i1={i1}, k2={k2}, i2={i2}")
Exception: Error: n=11, k=28, i=18, k1=1, i1=0, k2=27, i2=18
srun: error: compute069: task 0: Exited with exit code 1
Traceback (most recent call last):
  File "/home/ajherman/Graph/chromatic/clique_generator.py", line 336, in <module>
    raise Exception(f"Error: n={n}, k={k}, i={i}, k1={k1}, i1={i1}, k2={k2}, i2={i2}")
Exception: Error: n=11, k=29, i=19, k1=1, i1=0, k2=28, i2=19
srun: error: compute069: task 0: Exited with exit code 1
Traceback (most recent call last):
  File "/home/ajherman/Graph/chromatic/clique_generator.py", line 336, in <module>
    raise Exception(f"Error: n={n}, k={k}, i={i}, k1={k1}, i1={i1}, k2={k2}, i2={i2}")
Exception: Error: n=11, k=30, i=20, k1=1, i1=0, k2=29, i2=20
srun: error: compute069: task 0: Exited with exit code 1
Traceback (most recent call last):
  File "/home/ajherman/Graph/chromatic/clique_generator.py", line 336, in <module>
    raise Exception(f"Error: n={n}, k={k}, i={i}, k1={k1}, i1={i1}, k2={k2}, i2={i2}")
Exception: Error: n=11, k=31, i=21, k1=1, i1=0, k2=30, i2=21
srun: error: compute069: task 0: Exited with exit code 1
Traceback (most recent call last):
  File "/home/ajherman/Graph/chromatic/clique_generator.py", line 336, in <module>
    raise Exception(f"Error: n={n}, k={k}, i={i}, k1={k1}, i1={i1}, k2={k2}, i2={i2}")
Exception: Error: n=11, k=32, i=22, k1=1, i1=0, k2=31, i2=22
srun: error: compute069: task 0: Exited with exit code 1
Traceback (most recent call last):
  File "/home/ajherman/Graph/chromatic/clique_generator.py", line 336, in <module>
    raise Exception(f"Error: n={n}, k={k}, i={i}, k1={k1}, i1={i1}, k2={k2}, i2={i2}")
Exception: Error: n=11, k=33, i=23, k1=1, i1=0, k2=32, i2=23
srun: error: compute069: task 0: Exited with exit code 1
Traceback (most recent call last):
  File "/home/ajherman/Graph/chromatic/clique_generator.py", line 336, in <module>
    raise Exception(f"Error: n={n}, k={k}, i={i}, k1={k1}, i1={i1}, k2={k2}, i2={i2}")
Exception: Error: n=11, k=34, i=24, k1=1, i1=0, k2=33, i2=24
srun: error: compute069: task 0: Exited with exit code 1
Traceback (most recent call last):
  File "/home/ajherman/Graph/chromatic/clique_generator.py", line 336, in <module>
    raise Exception(f"Error: n={n}, k={k}, i={i}, k1={k1}, i1={i1}, k2={k2}, i2={i2}")
Exception: Error: n=11, k=35, i=25, k1=1, i1=0, k2=34, i2=25
srun: error: compute069: task 0: Exited with exit code 1
Traceback (most recent call last):
  File "/home/ajherman/Graph/chromatic/clique_generator.py", line 336, in <module>
    raise Exception(f"Error: n={n}, k={k}, i={i}, k1={k1}, i1={i1}, k2={k2}, i2={i2}")
Exception: Error: n=11, k=36, i=26, k1=1, i1=0, k2=35, i2=26
srun: error: compute069: task 0: Exited with exit code 1
Traceback (most recent call last):
  File "/home/ajherman/Graph/chromatic/clique_generator.py", line 336, in <module>
    raise Exception(f"Error: n={n}, k={k}, i={i}, k1={k1}, i1={i1}, k2={k2}, i2={i2}")
Exception: Error: n=11, k=37, i=27, k1=1, i1=0, k2=36, i2=27
srun: error: compute069: task 0: Exited with exit code 1
Traceback (most recent call last):
  File "/home/ajherman/Graph/chromatic/clique_generator.py", line 336, in <module>
    raise Exception(f"Error: n={n}, k={k}, i={i}, k1={k1}, i1={i1}, k2={k2}, i2={i2}")
Exception: Error: n=11, k=38, i=28, k1=1, i1=0, k2=37, i2=28
srun: error: compute069: task 0: Exited with exit code 1
Traceback (most recent call last):
  File "/home/ajherman/Graph/chromatic/clique_generator.py", line 336, in <module>
    raise Exception(f"Error: n={n}, k={k}, i={i}, k1={k1}, i1={i1}, k2={k2}, i2={i2}")
Exception: Error: n=11, k=39, i=29, k1=1, i1=0, k2=38, i2=29
srun: error: compute069: task 0: Exited with exit code 1
Traceback (most recent call last):
  File "/home/ajherman/Graph/chromatic/clique_generator.py", line 336, in <module>
    raise Exception(f"Error: n={n}, k={k}, i={i}, k1={k1}, i1={i1}, k2={k2}, i2={i2}")
Exception: Error: n=11, k=40, i=30, k1=1, i1=0, k2=39, i2=30
srun: error: compute069: task 0: Exited with exit code 1
Traceback (most recent call last):
  File "/home/ajherman/Graph/chromatic/clique_generator.py", line 336, in <module>
    raise Exception(f"Error: n={n}, k={k}, i={i}, k1={k1}, i1={i1}, k2={k2}, i2={i2}")
Exception: Error: n=11, k=41, i=31, k1=1, i1=0, k2=40, i2=31
srun: error: compute069: task 0: Exited with exit code 1
Traceback (most recent call last):
  File "/home/ajherman/Graph/chromatic/clique_generator.py", line 336, in <module>
    raise Exception(f"Error: n={n}, k={k}, i={i}, k1={k1}, i1={i1}, k2={k2}, i2={i2}")
Exception: Error: n=11, k=42, i=32, k1=1, i1=0, k2=41, i2=32
srun: error: compute069: task 0: Exited with exit code 1
Traceback (most recent call last):
  File "/home/ajherman/Graph/chromatic/clique_generator.py", line 336, in <module>
    raise Exception(f"Error: n={n}, k={k}, i={i}, k1={k1}, i1={i1}, k2={k2}, i2={i2}")
Exception: Error: n=11, k=43, i=33, k1=1, i1=0, k2=42, i2=33
srun: error: compute069: task 0: Exited with exit code 1
Traceback (most recent call last):
  File "/home/ajherman/Graph/chromatic/clique_generator.py", line 336, in <module>
    raise Exception(f"Error: n={n}, k={k}, i={i}, k1={k1}, i1={i1}, k2={k2}, i2={i2}")
Exception: Error: n=11, k=44, i=34, k1=1, i1=0, k2=43, i2=34
srun: error: compute069: task 0: Exited with exit code 1
Traceback (most recent call last):
  File "/home/ajherman/Graph/chromatic/clique_generator.py", line 336, in <module>
    raise Exception(f"Error: n={n}, k={k}, i={i}, k1={k1}, i1={i1}, k2={k2}, i2={i2}")
Exception: Error: n=11, k=45, i=35, k1=1, i1=0, k2=44, i2=35
srun: error: compute069: task 0: Exited with exit code 1
Traceback (most recent call last):
  File "/home/ajherman/Graph/chromatic/clique_generator.py", line 336, in <module>
    raise Exception(f"Error: n={n}, k={k}, i={i}, k1={k1}, i1={i1}, k2={k2}, i2={i2}")
Exception: Error: n=11, k=46, i=36, k1=1, i1=0, k2=45, i2=36
srun: error: compute069: task 0: Exited with exit code 1
Traceback (most recent call last):
  File "/home/ajherman/Graph/chromatic/clique_generator.py", line 336, in <module>
    raise Exception(f"Error: n={n}, k={k}, i={i}, k1={k1}, i1={i1}, k2={k2}, i2={i2}")
Exception: Error: n=11, k=47, i=37, k1=1, i1=0, k2=46, i2=37
srun: error: compute069: task 0: Exited with exit code 1
Traceback (most recent call last):
  File "/home/ajherman/Graph/chromatic/clique_generator.py", line 336, in <module>
    raise Exception(f"Error: n={n}, k={k}, i={i}, k1={k1}, i1={i1}, k2={k2}, i2={i2}")
Exception: Error: n=11, k=48, i=38, k1=1, i1=0, k2=47, i2=38
srun: error: compute069: task 0: Exited with exit code 1
Traceback (most recent call last):
  File "/home/ajherman/Graph/chromatic/clique_generator.py", line 336, in <module>
    raise Exception(f"Error: n={n}, k={k}, i={i}, k1={k1}, i1={i1}, k2={k2}, i2={i2}")
Exception: Error: n=11, k=49, i=39, k1=1, i1=0, k2=48, i2=39
srun: error: compute069: task 0: Exited with exit code 1
Traceback (most recent call last):
  File "/home/ajherman/Graph/chromatic/clique_generator.py", line 336, in <module>
    raise Exception(f"Error: n={n}, k={k}, i={i}, k1={k1}, i1={i1}, k2={k2}, i2={i2}")
Exception: Error: n=11, k=50, i=40, k1=1, i1=0, k2=49, i2=40
srun: error: compute069: task 0: Exited with exit code 1
Traceback (most recent call last):
  File "/home/ajherman/Graph/chromatic/clique_generator.py", line 336, in <module>
    raise Exception(f"Error: n={n}, k={k}, i={i}, k1={k1}, i1={i1}, k2={k2}, i2={i2}")
Exception: Error: n=11, k=13, i=2, k1=1, i1=0, k2=12, i2=2
srun: error: compute069: task 0: Exited with exit code 1
Traceback (most recent call last):
  File "/home/ajherman/Graph/chromatic/clique_generator.py", line 336, in <module>
    raise Exception(f"Error: n={n}, k={k}, i={i}, k1={k1}, i1={i1}, k2={k2}, i2={i2}")
Exception: Error: n=11, k=14, i=3, k1=1, i1=0, k2=13, i2=3
srun: error: compute069: task 0: Exited with exit code 1
Traceback (most recent call last):
  File "/home/ajherman/Graph/chromatic/clique_generator.py", line 336, in <module>
    raise Exception(f"Error: n={n}, k={k}, i={i}, k1={k1}, i1={i1}, k2={k2}, i2={i2}")
Exception: Error: n=11, k=15, i=4, k1=1, i1=0, k2=14, i2=4
srun: error: compute069: task 0: Exited with exit code 1
Traceback (most recent call last):
  File "/home/ajherman/Graph/chromatic/clique_generator.py", line 336, in <module>
    raise Exception(f"Error: n={n}, k={k}, i={i}, k1={k1}, i1={i1}, k2={k2}, i2={i2}")
Exception: Error: n=11, k=16, i=5, k1=1, i1=0, k2=15, i2=5
srun: error: compute069: task 0: Exited with exit code 1
Traceback (most recent call last):
  File "/home/ajherman/Graph/chromatic/clique_generator.py", line 336, in <module>
    raise Exception(f"Error: n={n}, k={k}, i={i}, k1={k1}, i1={i1}, k2={k2}, i2={i2}")
Exception: Error: n=11, k=17, i=6, k1=1, i1=0, k2=16, i2=6
srun: error: compute069: task 0: Exited with exit code 1
Traceback (most recent call last):
  File "/home/ajherman/Graph/chromatic/clique_generator.py", line 336, in <module>
    raise Exception(f"Error: n={n}, k={k}, i={i}, k1={k1}, i1={i1}, k2={k2}, i2={i2}")
Exception: Error: n=11, k=18, i=7, k1=1, i1=0, k2=17, i2=7
srun: error: compute069: task 0: Exited with exit code 1
Traceback (most recent call last):
  File "/home/ajherman/Graph/chromatic/clique_generator.py", line 336, in <module>
    raise Exception(f"Error: n={n}, k={k}, i={i}, k1={k1}, i1={i1}, k2={k2}, i2={i2}")
Exception: Error: n=11, k=19, i=8, k1=1, i1=0, k2=18, i2=8
srun: error: compute069: task 0: Exited with exit code 1
Traceback (most recent call last):
  File "/home/ajherman/Graph/chromatic/clique_generator.py", line 336, in <module>
    raise Exception(f"Error: n={n}, k={k}, i={i}, k1={k1}, i1={i1}, k2={k2}, i2={i2}")
Exception: Error: n=11, k=20, i=9, k1=1, i1=0, k2=19, i2=9
srun: error: compute069: task 0: Exited with exit code 1
Traceback (most recent call last):
  File "/home/ajherman/Graph/chromatic/clique_generator.py", line 336, in <module>
    raise Exception(f"Error: n={n}, k={k}, i={i}, k1={k1}, i1={i1}, k2={k2}, i2={i2}")
Exception: Error: n=11, k=21, i=10, k1=1, i1=0, k2=20, i2=10
srun: error: compute069: task 0: Exited with exit code 1
Traceback (most recent call last):
  File "/home/ajherman/Graph/chromatic/clique_generator.py", line 336, in <module>
    raise Exception(f"Error: n={n}, k={k}, i={i}, k1={k1}, i1={i1}, k2={k2}, i2={i2}")
Exception: Error: n=11, k=22, i=11, k1=1, i1=0, k2=21, i2=11
srun: error: compute069: task 0: Exited with exit code 1
Traceback (most recent call last):
  File "/home/ajherman/Graph/chromatic/clique_generator.py", line 336, in <module>
    raise Exception(f"Error: n={n}, k={k}, i={i}, k1={k1}, i1={i1}, k2={k2}, i2={i2}")
Exception: Error: n=11, k=23, i=12, k1=1, i1=0, k2=22, i2=12
srun: error: compute069: task 0: Exited with exit code 1
Traceback (most recent call last):
  File "/home/ajherman/Graph/chromatic/clique_generator.py", line 336, in <module>
    raise Exception(f"Error: n={n}, k={k}, i={i}, k1={k1}, i1={i1}, k2={k2}, i2={i2}")
Exception: Error: n=11, k=24, i=13, k1=1, i1=0, k2=23, i2=13
srun: error: compute069: task 0: Exited with exit code 1
Traceback (most recent call last):
  File "/home/ajherman/Graph/chromatic/clique_generator.py", line 336, in <module>
    raise Exception(f"Error: n={n}, k={k}, i={i}, k1={k1}, i1={i1}, k2={k2}, i2={i2}")
Exception: Error: n=11, k=25, i=14, k1=1, i1=0, k2=24, i2=14
srun: error: compute069: task 0: Exited with exit code 1
Traceback (most recent call last):
  File "/home/ajherman/Graph/chromatic/clique_generator.py", line 336, in <module>
    raise Exception(f"Error: n={n}, k={k}, i={i}, k1={k1}, i1={i1}, k2={k2}, i2={i2}")
Exception: Error: n=11, k=26, i=15, k1=1, i1=0, k2=25, i2=15
srun: error: compute069: task 0: Exited with exit code 1
Traceback (most recent call last):
  File "/home/ajherman/Graph/chromatic/clique_generator.py", line 336, in <module>
    raise Exception(f"Error: n={n}, k={k}, i={i}, k1={k1}, i1={i1}, k2={k2}, i2={i2}")
Exception: Error: n=11, k=27, i=16, k1=1, i1=0, k2=26, i2=16
srun: error: compute069: task 0: Exited with exit code 1
Traceback (most recent call last):
  File "/home/ajherman/Graph/chromatic/clique_generator.py", line 336, in <module>
    raise Exception(f"Error: n={n}, k={k}, i={i}, k1={k1}, i1={i1}, k2={k2}, i2={i2}")
Exception: Error: n=11, k=28, i=17, k1=1, i1=0, k2=27, i2=17
srun: error: compute069: task 0: Exited with exit code 1
Traceback (most recent call last):
  File "/home/ajherman/Graph/chromatic/clique_generator.py", line 336, in <module>
    raise Exception(f"Error: n={n}, k={k}, i={i}, k1={k1}, i1={i1}, k2={k2}, i2={i2}")
Exception: Error: n=11, k=29, i=18, k1=1, i1=0, k2=28, i2=18
srun: error: compute069: task 0: Exited with exit code 1
Traceback (most recent call last):
  File "/home/ajherman/Graph/chromatic/clique_generator.py", line 336, in <module>
    raise Exception(f"Error: n={n}, k={k}, i={i}, k1={k1}, i1={i1}, k2={k2}, i2={i2}")
Exception: Error: n=11, k=30, i=19, k1=1, i1=0, k2=29, i2=19
srun: error: compute069: task 0: Exited with exit code 1
Traceback (most recent call last):
  File "/home/ajherman/Graph/chromatic/clique_generator.py", line 336, in <module>
    raise Exception(f"Error: n={n}, k={k}, i={i}, k1={k1}, i1={i1}, k2={k2}, i2={i2}")
Exception: Error: n=11, k=31, i=20, k1=1, i1=0, k2=30, i2=20
srun: error: compute069: task 0: Exited with exit code 1
Traceback (most recent call last):
  File "/home/ajherman/Graph/chromatic/clique_generator.py", line 336, in <module>
    raise Exception(f"Error: n={n}, k={k}, i={i}, k1={k1}, i1={i1}, k2={k2}, i2={i2}")
Exception: Error: n=11, k=32, i=21, k1=1, i1=0, k2=31, i2=21
srun: error: compute069: task 0: Exited with exit code 1
Traceback (most recent call last):
  File "/home/ajherman/Graph/chromatic/clique_generator.py", line 336, in <module>
    raise Exception(f"Error: n={n}, k={k}, i={i}, k1={k1}, i1={i1}, k2={k2}, i2={i2}")
Exception: Error: n=11, k=33, i=22, k1=1, i1=0, k2=32, i2=22
srun: error: compute069: task 0: Exited with exit code 1
Traceback (most recent call last):
  File "/home/ajherman/Graph/chromatic/clique_generator.py", line 336, in <module>
    raise Exception(f"Error: n={n}, k={k}, i={i}, k1={k1}, i1={i1}, k2={k2}, i2={i2}")
Exception: Error: n=11, k=34, i=23, k1=1, i1=0, k2=33, i2=23
srun: error: compute069: task 0: Exited with exit code 1
Traceback (most recent call last):
  File "/home/ajherman/Graph/chromatic/clique_generator.py", line 336, in <module>
    raise Exception(f"Error: n={n}, k={k}, i={i}, k1={k1}, i1={i1}, k2={k2}, i2={i2}")
Exception: Error: n=11, k=35, i=24, k1=1, i1=0, k2=34, i2=24
srun: error: compute069: task 0: Exited with exit code 1
Traceback (most recent call last):
  File "/home/ajherman/Graph/chromatic/clique_generator.py", line 336, in <module>
    raise Exception(f"Error: n={n}, k={k}, i={i}, k1={k1}, i1={i1}, k2={k2}, i2={i2}")
Exception: Error: n=11, k=36, i=25, k1=1, i1=0, k2=35, i2=25
srun: error: compute069: task 0: Exited with exit code 1
Traceback (most recent call last):
  File "/home/ajherman/Graph/chromatic/clique_generator.py", line 336, in <module>
    raise Exception(f"Error: n={n}, k={k}, i={i}, k1={k1}, i1={i1}, k2={k2}, i2={i2}")
Exception: Error: n=11, k=37, i=26, k1=1, i1=0, k2=36, i2=26
srun: error: compute069: task 0: Exited with exit code 1
Traceback (most recent call last):
  File "/home/ajherman/Graph/chromatic/clique_generator.py", line 336, in <module>
    raise Exception(f"Error: n={n}, k={k}, i={i}, k1={k1}, i1={i1}, k2={k2}, i2={i2}")
Exception: Error: n=11, k=38, i=27, k1=1, i1=0, k2=37, i2=27
srun: error: compute069: task 0: Exited with exit code 1
Traceback (most recent call last):
  File "/home/ajherman/Graph/chromatic/clique_generator.py", line 336, in <module>
    raise Exception(f"Error: n={n}, k={k}, i={i}, k1={k1}, i1={i1}, k2={k2}, i2={i2}")
Exception: Error: n=11, k=39, i=28, k1=1, i1=0, k2=38, i2=28
srun: error: compute069: task 0: Exited with exit code 1
Traceback (most recent call last):
  File "/home/ajherman/Graph/chromatic/clique_generator.py", line 336, in <module>
    raise Exception(f"Error: n={n}, k={k}, i={i}, k1={k1}, i1={i1}, k2={k2}, i2={i2}")
Exception: Error: n=11, k=40, i=29, k1=1, i1=0, k2=39, i2=29
srun: error: compute069: task 0: Exited with exit code 1
Traceback (most recent call last):
  File "/home/ajherman/Graph/chromatic/clique_generator.py", line 336, in <module>
    raise Exception(f"Error: n={n}, k={k}, i={i}, k1={k1}, i1={i1}, k2={k2}, i2={i2}")
Exception: Error: n=11, k=41, i=30, k1=1, i1=0, k2=40, i2=30
srun: error: compute069: task 0: Exited with exit code 1
Traceback (most recent call last):
  File "/home/ajherman/Graph/chromatic/clique_generator.py", line 336, in <module>
    raise Exception(f"Error: n={n}, k={k}, i={i}, k1={k1}, i1={i1}, k2={k2}, i2={i2}")
Exception: Error: n=11, k=42, i=31, k1=1, i1=0, k2=41, i2=31
srun: error: compute069: task 0: Exited with exit code 1
Traceback (most recent call last):
  File "/home/ajherman/Graph/chromatic/clique_generator.py", line 336, in <module>
    raise Exception(f"Error: n={n}, k={k}, i={i}, k1={k1}, i1={i1}, k2={k2}, i2={i2}")
Exception: Error: n=11, k=43, i=32, k1=1, i1=0, k2=42, i2=32
srun: error: compute069: task 0: Exited with exit code 1
Traceback (most recent call last):
  File "/home/ajherman/Graph/chromatic/clique_generator.py", line 336, in <module>
    raise Exception(f"Error: n={n}, k={k}, i={i}, k1={k1}, i1={i1}, k2={k2}, i2={i2}")
Exception: Error: n=11, k=44, i=33, k1=1, i1=0, k2=43, i2=33
srun: error: compute069: task 0: Exited with exit code 1
Traceback (most recent call last):
  File "/home/ajherman/Graph/chromatic/clique_generator.py", line 336, in <module>
    raise Exception(f"Error: n={n}, k={k}, i={i}, k1={k1}, i1={i1}, k2={k2}, i2={i2}")
Exception: Error: n=11, k=45, i=34, k1=1, i1=0, k2=44, i2=34
srun: error: compute069: task 0: Exited with exit code 1
Traceback (most recent call last):
  File "/home/ajherman/Graph/chromatic/clique_generator.py", line 336, in <module>
    raise Exception(f"Error: n={n}, k={k}, i={i}, k1={k1}, i1={i1}, k2={k2}, i2={i2}")
Exception: Error: n=11, k=46, i=35, k1=1, i1=0, k2=45, i2=35
srun: error: compute069: task 0: Exited with exit code 1
Traceback (most recent call last):
  File "/home/ajherman/Graph/chromatic/clique_generator.py", line 336, in <module>
    raise Exception(f"Error: n={n}, k={k}, i={i}, k1={k1}, i1={i1}, k2={k2}, i2={i2}")
Exception: Error: n=11, k=47, i=36, k1=1, i1=0, k2=46, i2=36
srun: error: compute069: task 0: Exited with exit code 1
Traceback (most recent call last):
  File "/home/ajherman/Graph/chromatic/clique_generator.py", line 336, in <module>
    raise Exception(f"Error: n={n}, k={k}, i={i}, k1={k1}, i1={i1}, k2={k2}, i2={i2}")
Exception: Error: n=11, k=48, i=37, k1=1, i1=0, k2=47, i2=37
srun: error: compute069: task 0: Exited with exit code 1
Traceback (most recent call last):
  File "/home/ajherman/Graph/chromatic/clique_generator.py", line 336, in <module>
    raise Exception(f"Error: n={n}, k={k}, i={i}, k1={k1}, i1={i1}, k2={k2}, i2={i2}")
Exception: Error: n=11, k=49, i=38, k1=1, i1=0, k2=48, i2=38
srun: error: compute069: task 0: Exited with exit code 1
Traceback (most recent call last):
  File "/home/ajherman/Graph/chromatic/clique_generator.py", line 336, in <module>
    raise Exception(f"Error: n={n}, k={k}, i={i}, k1={k1}, i1={i1}, k2={k2}, i2={i2}")
Exception: Error: n=11, k=50, i=39, k1=1, i1=0, k2=49, i2=39
srun: error: compute069: task 0: Exited with exit code 1
Traceback (most recent call last):
  File "/home/ajherman/Graph/chromatic/clique_generator.py", line 336, in <module>
    raise Exception(f"Error: n={n}, k={k}, i={i}, k1={k1}, i1={i1}, k2={k2}, i2={i2}")
Exception: Error: n=11, k=51, i=40, k1=1, i1=0, k2=50, i2=40
srun: error: compute069: task 0: Exited with exit code 1
Traceback (most recent call last):
  File "/home/ajherman/Graph/chromatic/clique_generator.py", line 336, in <module>
    raise Exception(f"Error: n={n}, k={k}, i={i}, k1={k1}, i1={i1}, k2={k2}, i2={i2}")
Exception: Error: n=11, k=14, i=2, k1=1, i1=0, k2=13, i2=2
srun: error: compute069: task 0: Exited with exit code 1
Traceback (most recent call last):
  File "/home/ajherman/Graph/chromatic/clique_generator.py", line 336, in <module>
    raise Exception(f"Error: n={n}, k={k}, i={i}, k1={k1}, i1={i1}, k2={k2}, i2={i2}")
Exception: Error: n=11, k=15, i=3, k1=1, i1=0, k2=14, i2=3
srun: error: compute069: task 0: Exited with exit code 1
Traceback (most recent call last):
  File "/home/ajherman/Graph/chromatic/clique_generator.py", line 336, in <module>
    raise Exception(f"Error: n={n}, k={k}, i={i}, k1={k1}, i1={i1}, k2={k2}, i2={i2}")
Exception: Error: n=11, k=16, i=4, k1=1, i1=0, k2=15, i2=4
srun: error: compute069: task 0: Exited with exit code 1
Traceback (most recent call last):
  File "/home/ajherman/Graph/chromatic/clique_generator.py", line 336, in <module>
    raise Exception(f"Error: n={n}, k={k}, i={i}, k1={k1}, i1={i1}, k2={k2}, i2={i2}")
Exception: Error: n=11, k=17, i=5, k1=1, i1=0, k2=16, i2=5
srun: error: compute069: task 0: Exited with exit code 1
Traceback (most recent call last):
  File "/home/ajherman/Graph/chromatic/clique_generator.py", line 336, in <module>
    raise Exception(f"Error: n={n}, k={k}, i={i}, k1={k1}, i1={i1}, k2={k2}, i2={i2}")
Exception: Error: n=11, k=18, i=6, k1=1, i1=0, k2=17, i2=6
srun: error: compute069: task 0: Exited with exit code 1
Traceback (most recent call last):
  File "/home/ajherman/Graph/chromatic/clique_generator.py", line 336, in <module>
    raise Exception(f"Error: n={n}, k={k}, i={i}, k1={k1}, i1={i1}, k2={k2}, i2={i2}")
Exception: Error: n=11, k=19, i=7, k1=1, i1=0, k2=18, i2=7
srun: error: compute069: task 0: Exited with exit code 1
Traceback (most recent call last):
  File "/home/ajherman/Graph/chromatic/clique_generator.py", line 336, in <module>
    raise Exception(f"Error: n={n}, k={k}, i={i}, k1={k1}, i1={i1}, k2={k2}, i2={i2}")
Exception: Error: n=11, k=20, i=8, k1=1, i1=0, k2=19, i2=8
srun: error: compute069: task 0: Exited with exit code 1
Traceback (most recent call last):
  File "/home/ajherman/Graph/chromatic/clique_generator.py", line 336, in <module>
    raise Exception(f"Error: n={n}, k={k}, i={i}, k1={k1}, i1={i1}, k2={k2}, i2={i2}")
Exception: Error: n=11, k=21, i=9, k1=1, i1=0, k2=20, i2=9
srun: error: compute069: task 0: Exited with exit code 1
Traceback (most recent call last):
  File "/home/ajherman/Graph/chromatic/clique_generator.py", line 336, in <module>
    raise Exception(f"Error: n={n}, k={k}, i={i}, k1={k1}, i1={i1}, k2={k2}, i2={i2}")
Exception: Error: n=11, k=22, i=10, k1=1, i1=0, k2=21, i2=10
srun: error: compute069: task 0: Exited with exit code 1
Traceback (most recent call last):
  File "/home/ajherman/Graph/chromatic/clique_generator.py", line 336, in <module>
    raise Exception(f"Error: n={n}, k={k}, i={i}, k1={k1}, i1={i1}, k2={k2}, i2={i2}")
Exception: Error: n=11, k=23, i=11, k1=1, i1=0, k2=22, i2=11
srun: error: compute069: task 0: Exited with exit code 1
Traceback (most recent call last):
  File "/home/ajherman/Graph/chromatic/clique_generator.py", line 336, in <module>
    raise Exception(f"Error: n={n}, k={k}, i={i}, k1={k1}, i1={i1}, k2={k2}, i2={i2}")
Exception: Error: n=11, k=24, i=12, k1=1, i1=0, k2=23, i2=12
srun: error: compute069: task 0: Exited with exit code 1
Traceback (most recent call last):
  File "/home/ajherman/Graph/chromatic/clique_generator.py", line 336, in <module>
    raise Exception(f"Error: n={n}, k={k}, i={i}, k1={k1}, i1={i1}, k2={k2}, i2={i2}")
Exception: Error: n=11, k=25, i=13, k1=1, i1=0, k2=24, i2=13
srun: error: compute069: task 0: Exited with exit code 1
Traceback (most recent call last):
  File "/home/ajherman/Graph/chromatic/clique_generator.py", line 336, in <module>
    raise Exception(f"Error: n={n}, k={k}, i={i}, k1={k1}, i1={i1}, k2={k2}, i2={i2}")
Exception: Error: n=11, k=26, i=14, k1=1, i1=0, k2=25, i2=14
srun: error: compute069: task 0: Exited with exit code 1
Traceback (most recent call last):
  File "/home/ajherman/Graph/chromatic/clique_generator.py", line 336, in <module>
    raise Exception(f"Error: n={n}, k={k}, i={i}, k1={k1}, i1={i1}, k2={k2}, i2={i2}")
Exception: Error: n=11, k=27, i=15, k1=1, i1=0, k2=26, i2=15
srun: error: compute069: task 0: Exited with exit code 1
Traceback (most recent call last):
  File "/home/ajherman/Graph/chromatic/clique_generator.py", line 336, in <module>
    raise Exception(f"Error: n={n}, k={k}, i={i}, k1={k1}, i1={i1}, k2={k2}, i2={i2}")
Exception: Error: n=11, k=28, i=16, k1=1, i1=0, k2=27, i2=16
srun: error: compute069: task 0: Exited with exit code 1
Traceback (most recent call last):
  File "/home/ajherman/Graph/chromatic/clique_generator.py", line 336, in <module>
    raise Exception(f"Error: n={n}, k={k}, i={i}, k1={k1}, i1={i1}, k2={k2}, i2={i2}")
Exception: Error: n=11, k=29, i=17, k1=1, i1=0, k2=28, i2=17
srun: error: compute069: task 0: Exited with exit code 1
Traceback (most recent call last):
  File "/home/ajherman/Graph/chromatic/clique_generator.py", line 336, in <module>
    raise Exception(f"Error: n={n}, k={k}, i={i}, k1={k1}, i1={i1}, k2={k2}, i2={i2}")
Exception: Error: n=11, k=30, i=18, k1=1, i1=0, k2=29, i2=18
srun: error: compute069: task 0: Exited with exit code 1
Traceback (most recent call last):
  File "/home/ajherman/Graph/chromatic/clique_generator.py", line 336, in <module>
    raise Exception(f"Error: n={n}, k={k}, i={i}, k1={k1}, i1={i1}, k2={k2}, i2={i2}")
Exception: Error: n=11, k=31, i=19, k1=1, i1=0, k2=30, i2=19
srun: error: compute069: task 0: Exited with exit code 1
Traceback (most recent call last):
  File "/home/ajherman/Graph/chromatic/clique_generator.py", line 336, in <module>
    raise Exception(f"Error: n={n}, k={k}, i={i}, k1={k1}, i1={i1}, k2={k2}, i2={i2}")
Exception: Error: n=11, k=32, i=20, k1=1, i1=0, k2=31, i2=20
srun: error: compute069: task 0: Exited with exit code 1
Traceback (most recent call last):
  File "/home/ajherman/Graph/chromatic/clique_generator.py", line 336, in <module>
    raise Exception(f"Error: n={n}, k={k}, i={i}, k1={k1}, i1={i1}, k2={k2}, i2={i2}")
Exception: Error: n=11, k=33, i=21, k1=1, i1=0, k2=32, i2=21
srun: error: compute069: task 0: Exited with exit code 1
Traceback (most recent call last):
  File "/home/ajherman/Graph/chromatic/clique_generator.py", line 336, in <module>
    raise Exception(f"Error: n={n}, k={k}, i={i}, k1={k1}, i1={i1}, k2={k2}, i2={i2}")
Exception: Error: n=11, k=34, i=22, k1=1, i1=0, k2=33, i2=22
srun: error: compute069: task 0: Exited with exit code 1
Traceback (most recent call last):
  File "/home/ajherman/Graph/chromatic/clique_generator.py", line 336, in <module>
    raise Exception(f"Error: n={n}, k={k}, i={i}, k1={k1}, i1={i1}, k2={k2}, i2={i2}")
Exception: Error: n=11, k=35, i=23, k1=1, i1=0, k2=34, i2=23
srun: error: compute069: task 0: Exited with exit code 1
Traceback (most recent call last):
  File "/home/ajherman/Graph/chromatic/clique_generator.py", line 336, in <module>
    raise Exception(f"Error: n={n}, k={k}, i={i}, k1={k1}, i1={i1}, k2={k2}, i2={i2}")
Exception: Error: n=11, k=36, i=24, k1=1, i1=0, k2=35, i2=24
srun: error: compute069: task 0: Exited with exit code 1
Traceback (most recent call last):
  File "/home/ajherman/Graph/chromatic/clique_generator.py", line 336, in <module>
    raise Exception(f"Error: n={n}, k={k}, i={i}, k1={k1}, i1={i1}, k2={k2}, i2={i2}")
Exception: Error: n=11, k=37, i=25, k1=1, i1=0, k2=36, i2=25
srun: error: compute069: task 0: Exited with exit code 1
Traceback (most recent call last):
  File "/home/ajherman/Graph/chromatic/clique_generator.py", line 336, in <module>
    raise Exception(f"Error: n={n}, k={k}, i={i}, k1={k1}, i1={i1}, k2={k2}, i2={i2}")
Exception: Error: n=11, k=38, i=26, k1=1, i1=0, k2=37, i2=26
srun: error: compute069: task 0: Exited with exit code 1
Traceback (most recent call last):
  File "/home/ajherman/Graph/chromatic/clique_generator.py", line 336, in <module>
    raise Exception(f"Error: n={n}, k={k}, i={i}, k1={k1}, i1={i1}, k2={k2}, i2={i2}")
Exception: Error: n=11, k=39, i=27, k1=1, i1=0, k2=38, i2=27
srun: error: compute069: task 0: Exited with exit code 1
Traceback (most recent call last):
  File "/home/ajherman/Graph/chromatic/clique_generator.py", line 336, in <module>
    raise Exception(f"Error: n={n}, k={k}, i={i}, k1={k1}, i1={i1}, k2={k2}, i2={i2}")
Exception: Error: n=11, k=40, i=28, k1=1, i1=0, k2=39, i2=28
srun: error: compute069: task 0: Exited with exit code 1
Traceback (most recent call last):
  File "/home/ajherman/Graph/chromatic/clique_generator.py", line 336, in <module>
    raise Exception(f"Error: n={n}, k={k}, i={i}, k1={k1}, i1={i1}, k2={k2}, i2={i2}")
Exception: Error: n=11, k=41, i=29, k1=1, i1=0, k2=40, i2=29
srun: error: compute069: task 0: Exited with exit code 1
Traceback (most recent call last):
  File "/home/ajherman/Graph/chromatic/clique_generator.py", line 336, in <module>
    raise Exception(f"Error: n={n}, k={k}, i={i}, k1={k1}, i1={i1}, k2={k2}, i2={i2}")
Exception: Error: n=11, k=42, i=30, k1=1, i1=0, k2=41, i2=30
srun: error: compute069: task 0: Exited with exit code 1
Traceback (most recent call last):
  File "/home/ajherman/Graph/chromatic/clique_generator.py", line 336, in <module>
    raise Exception(f"Error: n={n}, k={k}, i={i}, k1={k1}, i1={i1}, k2={k2}, i2={i2}")
Exception: Error: n=11, k=43, i=31, k1=1, i1=0, k2=42, i2=31
srun: error: compute069: task 0: Exited with exit code 1
Traceback (most recent call last):
  File "/home/ajherman/Graph/chromatic/clique_generator.py", line 336, in <module>
    raise Exception(f"Error: n={n}, k={k}, i={i}, k1={k1}, i1={i1}, k2={k2}, i2={i2}")
Exception: Error: n=11, k=44, i=32, k1=1, i1=0, k2=43, i2=32
srun: error: compute069: task 0: Exited with exit code 1
Traceback (most recent call last):
  File "/home/ajherman/Graph/chromatic/clique_generator.py", line 336, in <module>
    raise Exception(f"Error: n={n}, k={k}, i={i}, k1={k1}, i1={i1}, k2={k2}, i2={i2}")
Exception: Error: n=11, k=45, i=33, k1=1, i1=0, k2=44, i2=33
srun: error: compute069: task 0: Exited with exit code 1
Traceback (most recent call last):
  File "/home/ajherman/Graph/chromatic/clique_generator.py", line 336, in <module>
    raise Exception(f"Error: n={n}, k={k}, i={i}, k1={k1}, i1={i1}, k2={k2}, i2={i2}")
Exception: Error: n=11, k=46, i=34, k1=1, i1=0, k2=45, i2=34
srun: error: compute069: task 0: Exited with exit code 1
Traceback (most recent call last):
  File "/home/ajherman/Graph/chromatic/clique_generator.py", line 336, in <module>
    raise Exception(f"Error: n={n}, k={k}, i={i}, k1={k1}, i1={i1}, k2={k2}, i2={i2}")
Exception: Error: n=11, k=47, i=35, k1=1, i1=0, k2=46, i2=35
srun: error: compute069: task 0: Exited with exit code 1
Traceback (most recent call last):
  File "/home/ajherman/Graph/chromatic/clique_generator.py", line 336, in <module>
    raise Exception(f"Error: n={n}, k={k}, i={i}, k1={k1}, i1={i1}, k2={k2}, i2={i2}")
Exception: Error: n=11, k=48, i=36, k1=1, i1=0, k2=47, i2=36
srun: error: compute069: task 0: Exited with exit code 1
Traceback (most recent call last):
  File "/home/ajherman/Graph/chromatic/clique_generator.py", line 336, in <module>
    raise Exception(f"Error: n={n}, k={k}, i={i}, k1={k1}, i1={i1}, k2={k2}, i2={i2}")
Exception: Error: n=11, k=49, i=37, k1=1, i1=0, k2=48, i2=37
srun: error: compute069: task 0: Exited with exit code 1
Traceback (most recent call last):
  File "/home/ajherman/Graph/chromatic/clique_generator.py", line 336, in <module>
    raise Exception(f"Error: n={n}, k={k}, i={i}, k1={k1}, i1={i1}, k2={k2}, i2={i2}")
Exception: Error: n=11, k=50, i=38, k1=1, i1=0, k2=49, i2=38
srun: error: compute069: task 0: Exited with exit code 1
Traceback (most recent call last):
  File "/home/ajherman/Graph/chromatic/clique_generator.py", line 336, in <module>
    raise Exception(f"Error: n={n}, k={k}, i={i}, k1={k1}, i1={i1}, k2={k2}, i2={i2}")
Exception: Error: n=11, k=51, i=39, k1=1, i1=0, k2=50, i2=39
srun: error: compute069: task 0: Exited with exit code 1
Traceback (most recent call last):
  File "/home/ajherman/Graph/chromatic/clique_generator.py", line 336, in <module>
    raise Exception(f"Error: n={n}, k={k}, i={i}, k1={k1}, i1={i1}, k2={k2}, i2={i2}")
Exception: Error: n=11, k=52, i=40, k1=1, i1=0, k2=51, i2=40
srun: error: compute069: task 0: Exited with exit code 1
Traceback (most recent call last):
  File "/home/ajherman/Graph/chromatic/clique_generator.py", line 336, in <module>
    raise Exception(f"Error: n={n}, k={k}, i={i}, k1={k1}, i1={i1}, k2={k2}, i2={i2}")
Exception: Error: n=11, k=15, i=2, k1=1, i1=0, k2=14, i2=2
srun: error: compute069: task 0: Exited with exit code 1
Traceback (most recent call last):
  File "/home/ajherman/Graph/chromatic/clique_generator.py", line 336, in <module>
    raise Exception(f"Error: n={n}, k={k}, i={i}, k1={k1}, i1={i1}, k2={k2}, i2={i2}")
Exception: Error: n=11, k=16, i=3, k1=1, i1=0, k2=15, i2=3
srun: error: compute069: task 0: Exited with exit code 1
Traceback (most recent call last):
  File "/home/ajherman/Graph/chromatic/clique_generator.py", line 336, in <module>
    raise Exception(f"Error: n={n}, k={k}, i={i}, k1={k1}, i1={i1}, k2={k2}, i2={i2}")
Exception: Error: n=11, k=17, i=4, k1=1, i1=0, k2=16, i2=4
srun: error: compute069: task 0: Exited with exit code 1
Traceback (most recent call last):
  File "/home/ajherman/Graph/chromatic/clique_generator.py", line 336, in <module>
    raise Exception(f"Error: n={n}, k={k}, i={i}, k1={k1}, i1={i1}, k2={k2}, i2={i2}")
Exception: Error: n=11, k=18, i=5, k1=1, i1=0, k2=17, i2=5
srun: error: compute069: task 0: Exited with exit code 1
Traceback (most recent call last):
  File "/home/ajherman/Graph/chromatic/clique_generator.py", line 336, in <module>
    raise Exception(f"Error: n={n}, k={k}, i={i}, k1={k1}, i1={i1}, k2={k2}, i2={i2}")
Exception: Error: n=11, k=19, i=6, k1=1, i1=0, k2=18, i2=6
srun: error: compute069: task 0: Exited with exit code 1
Traceback (most recent call last):
  File "/home/ajherman/Graph/chromatic/clique_generator.py", line 336, in <module>
    raise Exception(f"Error: n={n}, k={k}, i={i}, k1={k1}, i1={i1}, k2={k2}, i2={i2}")
Exception: Error: n=11, k=20, i=7, k1=1, i1=0, k2=19, i2=7
srun: error: compute069: task 0: Exited with exit code 1
Traceback (most recent call last):
  File "/home/ajherman/Graph/chromatic/clique_generator.py", line 336, in <module>
    raise Exception(f"Error: n={n}, k={k}, i={i}, k1={k1}, i1={i1}, k2={k2}, i2={i2}")
Exception: Error: n=11, k=21, i=8, k1=1, i1=0, k2=20, i2=8
srun: error: compute069: task 0: Exited with exit code 1
Traceback (most recent call last):
  File "/home/ajherman/Graph/chromatic/clique_generator.py", line 336, in <module>
    raise Exception(f"Error: n={n}, k={k}, i={i}, k1={k1}, i1={i1}, k2={k2}, i2={i2}")
Exception: Error: n=11, k=22, i=9, k1=1, i1=0, k2=21, i2=9
srun: error: compute069: task 0: Exited with exit code 1
Traceback (most recent call last):
  File "/home/ajherman/Graph/chromatic/clique_generator.py", line 336, in <module>
    raise Exception(f"Error: n={n}, k={k}, i={i}, k1={k1}, i1={i1}, k2={k2}, i2={i2}")
Exception: Error: n=11, k=23, i=10, k1=1, i1=0, k2=22, i2=10
srun: error: compute069: task 0: Exited with exit code 1
Traceback (most recent call last):
  File "/home/ajherman/Graph/chromatic/clique_generator.py", line 336, in <module>
    raise Exception(f"Error: n={n}, k={k}, i={i}, k1={k1}, i1={i1}, k2={k2}, i2={i2}")
Exception: Error: n=11, k=24, i=11, k1=1, i1=0, k2=23, i2=11
srun: error: compute069: task 0: Exited with exit code 1
Traceback (most recent call last):
  File "/home/ajherman/Graph/chromatic/clique_generator.py", line 336, in <module>
    raise Exception(f"Error: n={n}, k={k}, i={i}, k1={k1}, i1={i1}, k2={k2}, i2={i2}")
Exception: Error: n=11, k=25, i=12, k1=1, i1=0, k2=24, i2=12
srun: error: compute069: task 0: Exited with exit code 1
Traceback (most recent call last):
  File "/home/ajherman/Graph/chromatic/clique_generator.py", line 336, in <module>
    raise Exception(f"Error: n={n}, k={k}, i={i}, k1={k1}, i1={i1}, k2={k2}, i2={i2}")
Exception: Error: n=11, k=26, i=13, k1=1, i1=0, k2=25, i2=13
srun: error: compute069: task 0: Exited with exit code 1
Traceback (most recent call last):
  File "/home/ajherman/Graph/chromatic/clique_generator.py", line 336, in <module>
    raise Exception(f"Error: n={n}, k={k}, i={i}, k1={k1}, i1={i1}, k2={k2}, i2={i2}")
Exception: Error: n=11, k=27, i=14, k1=1, i1=0, k2=26, i2=14
srun: error: compute069: task 0: Exited with exit code 1
Traceback (most recent call last):
  File "/home/ajherman/Graph/chromatic/clique_generator.py", line 336, in <module>
    raise Exception(f"Error: n={n}, k={k}, i={i}, k1={k1}, i1={i1}, k2={k2}, i2={i2}")
Exception: Error: n=11, k=28, i=15, k1=1, i1=0, k2=27, i2=15
srun: error: compute069: task 0: Exited with exit code 1
Traceback (most recent call last):
  File "/home/ajherman/Graph/chromatic/clique_generator.py", line 336, in <module>
    raise Exception(f"Error: n={n}, k={k}, i={i}, k1={k1}, i1={i1}, k2={k2}, i2={i2}")
Exception: Error: n=11, k=29, i=16, k1=1, i1=0, k2=28, i2=16
srun: error: compute069: task 0: Exited with exit code 1
Traceback (most recent call last):
  File "/home/ajherman/Graph/chromatic/clique_generator.py", line 336, in <module>
    raise Exception(f"Error: n={n}, k={k}, i={i}, k1={k1}, i1={i1}, k2={k2}, i2={i2}")
Exception: Error: n=11, k=30, i=17, k1=1, i1=0, k2=29, i2=17
srun: error: compute069: task 0: Exited with exit code 1
Traceback (most recent call last):
  File "/home/ajherman/Graph/chromatic/clique_generator.py", line 336, in <module>
    raise Exception(f"Error: n={n}, k={k}, i={i}, k1={k1}, i1={i1}, k2={k2}, i2={i2}")
Exception: Error: n=11, k=31, i=18, k1=1, i1=0, k2=30, i2=18
srun: error: compute069: task 0: Exited with exit code 1
Traceback (most recent call last):
  File "/home/ajherman/Graph/chromatic/clique_generator.py", line 336, in <module>
    raise Exception(f"Error: n={n}, k={k}, i={i}, k1={k1}, i1={i1}, k2={k2}, i2={i2}")
Exception: Error: n=11, k=32, i=19, k1=1, i1=0, k2=31, i2=19
srun: error: compute069: task 0: Exited with exit code 1
Traceback (most recent call last):
  File "/home/ajherman/Graph/chromatic/clique_generator.py", line 336, in <module>
    raise Exception(f"Error: n={n}, k={k}, i={i}, k1={k1}, i1={i1}, k2={k2}, i2={i2}")
Exception: Error: n=11, k=33, i=20, k1=1, i1=0, k2=32, i2=20
srun: error: compute069: task 0: Exited with exit code 1
Traceback (most recent call last):
  File "/home/ajherman/Graph/chromatic/clique_generator.py", line 336, in <module>
    raise Exception(f"Error: n={n}, k={k}, i={i}, k1={k1}, i1={i1}, k2={k2}, i2={i2}")
Exception: Error: n=11, k=34, i=21, k1=1, i1=0, k2=33, i2=21
srun: error: compute069: task 0: Exited with exit code 1
Traceback (most recent call last):
  File "/home/ajherman/Graph/chromatic/clique_generator.py", line 336, in <module>
    raise Exception(f"Error: n={n}, k={k}, i={i}, k1={k1}, i1={i1}, k2={k2}, i2={i2}")
Exception: Error: n=11, k=35, i=22, k1=1, i1=0, k2=34, i2=22
srun: error: compute069: task 0: Exited with exit code 1
Traceback (most recent call last):
  File "/home/ajherman/Graph/chromatic/clique_generator.py", line 336, in <module>
    raise Exception(f"Error: n={n}, k={k}, i={i}, k1={k1}, i1={i1}, k2={k2}, i2={i2}")
Exception: Error: n=11, k=36, i=23, k1=1, i1=0, k2=35, i2=23
srun: error: compute069: task 0: Exited with exit code 1
Traceback (most recent call last):
  File "/home/ajherman/Graph/chromatic/clique_generator.py", line 336, in <module>
    raise Exception(f"Error: n={n}, k={k}, i={i}, k1={k1}, i1={i1}, k2={k2}, i2={i2}")
Exception: Error: n=11, k=37, i=24, k1=1, i1=0, k2=36, i2=24
srun: error: compute069: task 0: Exited with exit code 1
Traceback (most recent call last):
  File "/home/ajherman/Graph/chromatic/clique_generator.py", line 336, in <module>
    raise Exception(f"Error: n={n}, k={k}, i={i}, k1={k1}, i1={i1}, k2={k2}, i2={i2}")
Exception: Error: n=11, k=38, i=25, k1=1, i1=0, k2=37, i2=25
srun: error: compute069: task 0: Exited with exit code 1
Traceback (most recent call last):
  File "/home/ajherman/Graph/chromatic/clique_generator.py", line 336, in <module>
    raise Exception(f"Error: n={n}, k={k}, i={i}, k1={k1}, i1={i1}, k2={k2}, i2={i2}")
Exception: Error: n=11, k=39, i=26, k1=1, i1=0, k2=38, i2=26
srun: error: compute069: task 0: Exited with exit code 1
Traceback (most recent call last):
  File "/home/ajherman/Graph/chromatic/clique_generator.py", line 336, in <module>
    raise Exception(f"Error: n={n}, k={k}, i={i}, k1={k1}, i1={i1}, k2={k2}, i2={i2}")
Exception: Error: n=11, k=40, i=27, k1=1, i1=0, k2=39, i2=27
srun: error: compute069: task 0: Exited with exit code 1
Traceback (most recent call last):
  File "/home/ajherman/Graph/chromatic/clique_generator.py", line 336, in <module>
    raise Exception(f"Error: n={n}, k={k}, i={i}, k1={k1}, i1={i1}, k2={k2}, i2={i2}")
Exception: Error: n=11, k=41, i=28, k1=1, i1=0, k2=40, i2=28
srun: error: compute069: task 0: Exited with exit code 1
Traceback (most recent call last):
  File "/home/ajherman/Graph/chromatic/clique_generator.py", line 336, in <module>
    raise Exception(f"Error: n={n}, k={k}, i={i}, k1={k1}, i1={i1}, k2={k2}, i2={i2}")
Exception: Error: n=11, k=42, i=29, k1=1, i1=0, k2=41, i2=29
srun: error: compute069: task 0: Exited with exit code 1
Traceback (most recent call last):
  File "/home/ajherman/Graph/chromatic/clique_generator.py", line 336, in <module>
    raise Exception(f"Error: n={n}, k={k}, i={i}, k1={k1}, i1={i1}, k2={k2}, i2={i2}")
Exception: Error: n=11, k=43, i=30, k1=1, i1=0, k2=42, i2=30
srun: error: compute069: task 0: Exited with exit code 1
Traceback (most recent call last):
  File "/home/ajherman/Graph/chromatic/clique_generator.py", line 336, in <module>
    raise Exception(f"Error: n={n}, k={k}, i={i}, k1={k1}, i1={i1}, k2={k2}, i2={i2}")
Exception: Error: n=11, k=44, i=31, k1=1, i1=0, k2=43, i2=31
srun: error: compute069: task 0: Exited with exit code 1
Traceback (most recent call last):
  File "/home/ajherman/Graph/chromatic/clique_generator.py", line 336, in <module>
    raise Exception(f"Error: n={n}, k={k}, i={i}, k1={k1}, i1={i1}, k2={k2}, i2={i2}")
Exception: Error: n=11, k=45, i=32, k1=1, i1=0, k2=44, i2=32
srun: error: compute069: task 0: Exited with exit code 1
Traceback (most recent call last):
  File "/home/ajherman/Graph/chromatic/clique_generator.py", line 336, in <module>
    raise Exception(f"Error: n={n}, k={k}, i={i}, k1={k1}, i1={i1}, k2={k2}, i2={i2}")
Exception: Error: n=11, k=46, i=33, k1=1, i1=0, k2=45, i2=33
srun: error: compute069: task 0: Exited with exit code 1
Traceback (most recent call last):
  File "/home/ajherman/Graph/chromatic/clique_generator.py", line 336, in <module>
    raise Exception(f"Error: n={n}, k={k}, i={i}, k1={k1}, i1={i1}, k2={k2}, i2={i2}")
Exception: Error: n=11, k=47, i=34, k1=1, i1=0, k2=46, i2=34
srun: error: compute069: task 0: Exited with exit code 1
Traceback (most recent call last):
  File "/home/ajherman/Graph/chromatic/clique_generator.py", line 336, in <module>
    raise Exception(f"Error: n={n}, k={k}, i={i}, k1={k1}, i1={i1}, k2={k2}, i2={i2}")
Exception: Error: n=11, k=48, i=35, k1=1, i1=0, k2=47, i2=35
srun: error: compute069: task 0: Exited with exit code 1
Traceback (most recent call last):
  File "/home/ajherman/Graph/chromatic/clique_generator.py", line 336, in <module>
    raise Exception(f"Error: n={n}, k={k}, i={i}, k1={k1}, i1={i1}, k2={k2}, i2={i2}")
Exception: Error: n=11, k=49, i=36, k1=1, i1=0, k2=48, i2=36
srun: error: compute069: task 0: Exited with exit code 1
Traceback (most recent call last):
  File "/home/ajherman/Graph/chromatic/clique_generator.py", line 336, in <module>
    raise Exception(f"Error: n={n}, k={k}, i={i}, k1={k1}, i1={i1}, k2={k2}, i2={i2}")
Exception: Error: n=11, k=50, i=37, k1=1, i1=0, k2=49, i2=37
srun: error: compute069: task 0: Exited with exit code 1
Traceback (most recent call last):
  File "/home/ajherman/Graph/chromatic/clique_generator.py", line 336, in <module>
    raise Exception(f"Error: n={n}, k={k}, i={i}, k1={k1}, i1={i1}, k2={k2}, i2={i2}")
Exception: Error: n=11, k=51, i=38, k1=1, i1=0, k2=50, i2=38
srun: error: compute069: task 0: Exited with exit code 1
Traceback (most recent call last):
  File "/home/ajherman/Graph/chromatic/clique_generator.py", line 336, in <module>
    raise Exception(f"Error: n={n}, k={k}, i={i}, k1={k1}, i1={i1}, k2={k2}, i2={i2}")
Exception: Error: n=11, k=52, i=39, k1=1, i1=0, k2=51, i2=39
srun: error: compute069: task 0: Exited with exit code 1
Traceback (most recent call last):
  File "/home/ajherman/Graph/chromatic/clique_generator.py", line 336, in <module>
    raise Exception(f"Error: n={n}, k={k}, i={i}, k1={k1}, i1={i1}, k2={k2}, i2={i2}")
Exception: Error: n=11, k=53, i=40, k1=1, i1=0, k2=52, i2=40
srun: error: compute069: task 0: Exited with exit code 1
Traceback (most recent call last):
  File "/home/ajherman/Graph/chromatic/clique_generator.py", line 336, in <module>
    raise Exception(f"Error: n={n}, k={k}, i={i}, k1={k1}, i1={i1}, k2={k2}, i2={i2}")
Exception: Error: n=11, k=16, i=2, k1=1, i1=0, k2=15, i2=2
srun: error: compute069: task 0: Exited with exit code 1
Traceback (most recent call last):
  File "/home/ajherman/Graph/chromatic/clique_generator.py", line 336, in <module>
    raise Exception(f"Error: n={n}, k={k}, i={i}, k1={k1}, i1={i1}, k2={k2}, i2={i2}")
Exception: Error: n=11, k=17, i=3, k1=1, i1=0, k2=16, i2=3
srun: error: compute069: task 0: Exited with exit code 1
Traceback (most recent call last):
  File "/home/ajherman/Graph/chromatic/clique_generator.py", line 336, in <module>
    raise Exception(f"Error: n={n}, k={k}, i={i}, k1={k1}, i1={i1}, k2={k2}, i2={i2}")
Exception: Error: n=11, k=18, i=4, k1=1, i1=0, k2=17, i2=4
srun: error: compute069: task 0: Exited with exit code 1
Traceback (most recent call last):
  File "/home/ajherman/Graph/chromatic/clique_generator.py", line 336, in <module>
    raise Exception(f"Error: n={n}, k={k}, i={i}, k1={k1}, i1={i1}, k2={k2}, i2={i2}")
Exception: Error: n=11, k=19, i=5, k1=1, i1=0, k2=18, i2=5
srun: error: compute069: task 0: Exited with exit code 1
Traceback (most recent call last):
  File "/home/ajherman/Graph/chromatic/clique_generator.py", line 336, in <module>
    raise Exception(f"Error: n={n}, k={k}, i={i}, k1={k1}, i1={i1}, k2={k2}, i2={i2}")
Exception: Error: n=11, k=20, i=6, k1=1, i1=0, k2=19, i2=6
srun: error: compute069: task 0: Exited with exit code 1
Traceback (most recent call last):
  File "/home/ajherman/Graph/chromatic/clique_generator.py", line 336, in <module>
    raise Exception(f"Error: n={n}, k={k}, i={i}, k1={k1}, i1={i1}, k2={k2}, i2={i2}")
Exception: Error: n=11, k=21, i=7, k1=1, i1=0, k2=20, i2=7
srun: error: compute069: task 0: Exited with exit code 1
Traceback (most recent call last):
  File "/home/ajherman/Graph/chromatic/clique_generator.py", line 336, in <module>
    raise Exception(f"Error: n={n}, k={k}, i={i}, k1={k1}, i1={i1}, k2={k2}, i2={i2}")
Exception: Error: n=11, k=22, i=8, k1=1, i1=0, k2=21, i2=8
srun: error: compute069: task 0: Exited with exit code 1
Traceback (most recent call last):
  File "/home/ajherman/Graph/chromatic/clique_generator.py", line 336, in <module>
    raise Exception(f"Error: n={n}, k={k}, i={i}, k1={k1}, i1={i1}, k2={k2}, i2={i2}")
Exception: Error: n=11, k=23, i=9, k1=1, i1=0, k2=22, i2=9
srun: error: compute069: task 0: Exited with exit code 1
Traceback (most recent call last):
  File "/home/ajherman/Graph/chromatic/clique_generator.py", line 336, in <module>
    raise Exception(f"Error: n={n}, k={k}, i={i}, k1={k1}, i1={i1}, k2={k2}, i2={i2}")
Exception: Error: n=11, k=24, i=10, k1=1, i1=0, k2=23, i2=10
srun: error: compute069: task 0: Exited with exit code 1
Traceback (most recent call last):
  File "/home/ajherman/Graph/chromatic/clique_generator.py", line 336, in <module>
    raise Exception(f"Error: n={n}, k={k}, i={i}, k1={k1}, i1={i1}, k2={k2}, i2={i2}")
Exception: Error: n=11, k=25, i=11, k1=1, i1=0, k2=24, i2=11
srun: error: compute069: task 0: Exited with exit code 1
Traceback (most recent call last):
  File "/home/ajherman/Graph/chromatic/clique_generator.py", line 336, in <module>
    raise Exception(f"Error: n={n}, k={k}, i={i}, k1={k1}, i1={i1}, k2={k2}, i2={i2}")
Exception: Error: n=11, k=26, i=12, k1=1, i1=0, k2=25, i2=12
srun: error: compute069: task 0: Exited with exit code 1
Traceback (most recent call last):
  File "/home/ajherman/Graph/chromatic/clique_generator.py", line 336, in <module>
    raise Exception(f"Error: n={n}, k={k}, i={i}, k1={k1}, i1={i1}, k2={k2}, i2={i2}")
Exception: Error: n=11, k=27, i=13, k1=1, i1=0, k2=26, i2=13
srun: error: compute069: task 0: Exited with exit code 1
Traceback (most recent call last):
  File "/home/ajherman/Graph/chromatic/clique_generator.py", line 336, in <module>
    raise Exception(f"Error: n={n}, k={k}, i={i}, k1={k1}, i1={i1}, k2={k2}, i2={i2}")
Exception: Error: n=11, k=28, i=14, k1=1, i1=0, k2=27, i2=14
srun: error: compute069: task 0: Exited with exit code 1
Traceback (most recent call last):
  File "/home/ajherman/Graph/chromatic/clique_generator.py", line 336, in <module>
    raise Exception(f"Error: n={n}, k={k}, i={i}, k1={k1}, i1={i1}, k2={k2}, i2={i2}")
Exception: Error: n=11, k=29, i=15, k1=1, i1=0, k2=28, i2=15
srun: error: compute069: task 0: Exited with exit code 1
Traceback (most recent call last):
  File "/home/ajherman/Graph/chromatic/clique_generator.py", line 336, in <module>
    raise Exception(f"Error: n={n}, k={k}, i={i}, k1={k1}, i1={i1}, k2={k2}, i2={i2}")
Exception: Error: n=11, k=30, i=16, k1=1, i1=0, k2=29, i2=16
srun: error: compute069: task 0: Exited with exit code 1
Traceback (most recent call last):
  File "/home/ajherman/Graph/chromatic/clique_generator.py", line 336, in <module>
    raise Exception(f"Error: n={n}, k={k}, i={i}, k1={k1}, i1={i1}, k2={k2}, i2={i2}")
Exception: Error: n=11, k=31, i=17, k1=1, i1=0, k2=30, i2=17
srun: error: compute069: task 0: Exited with exit code 1
Traceback (most recent call last):
  File "/home/ajherman/Graph/chromatic/clique_generator.py", line 336, in <module>
    raise Exception(f"Error: n={n}, k={k}, i={i}, k1={k1}, i1={i1}, k2={k2}, i2={i2}")
Exception: Error: n=11, k=32, i=18, k1=1, i1=0, k2=31, i2=18
srun: error: compute069: task 0: Exited with exit code 1
Traceback (most recent call last):
  File "/home/ajherman/Graph/chromatic/clique_generator.py", line 336, in <module>
    raise Exception(f"Error: n={n}, k={k}, i={i}, k1={k1}, i1={i1}, k2={k2}, i2={i2}")
Exception: Error: n=11, k=33, i=19, k1=1, i1=0, k2=32, i2=19
srun: error: compute069: task 0: Exited with exit code 1
Traceback (most recent call last):
  File "/home/ajherman/Graph/chromatic/clique_generator.py", line 336, in <module>
    raise Exception(f"Error: n={n}, k={k}, i={i}, k1={k1}, i1={i1}, k2={k2}, i2={i2}")
Exception: Error: n=11, k=34, i=20, k1=1, i1=0, k2=33, i2=20
srun: error: compute069: task 0: Exited with exit code 1
Traceback (most recent call last):
  File "/home/ajherman/Graph/chromatic/clique_generator.py", line 336, in <module>
    raise Exception(f"Error: n={n}, k={k}, i={i}, k1={k1}, i1={i1}, k2={k2}, i2={i2}")
Exception: Error: n=11, k=35, i=21, k1=1, i1=0, k2=34, i2=21
srun: error: compute069: task 0: Exited with exit code 1
Traceback (most recent call last):
  File "/home/ajherman/Graph/chromatic/clique_generator.py", line 336, in <module>
    raise Exception(f"Error: n={n}, k={k}, i={i}, k1={k1}, i1={i1}, k2={k2}, i2={i2}")
Exception: Error: n=11, k=36, i=22, k1=1, i1=0, k2=35, i2=22
srun: error: compute069: task 0: Exited with exit code 1
Traceback (most recent call last):
  File "/home/ajherman/Graph/chromatic/clique_generator.py", line 336, in <module>
    raise Exception(f"Error: n={n}, k={k}, i={i}, k1={k1}, i1={i1}, k2={k2}, i2={i2}")
Exception: Error: n=11, k=37, i=23, k1=1, i1=0, k2=36, i2=23
srun: error: compute069: task 0: Exited with exit code 1
Traceback (most recent call last):
  File "/home/ajherman/Graph/chromatic/clique_generator.py", line 336, in <module>
    raise Exception(f"Error: n={n}, k={k}, i={i}, k1={k1}, i1={i1}, k2={k2}, i2={i2}")
Exception: Error: n=11, k=38, i=24, k1=1, i1=0, k2=37, i2=24
srun: error: compute069: task 0: Exited with exit code 1
Traceback (most recent call last):
  File "/home/ajherman/Graph/chromatic/clique_generator.py", line 336, in <module>
    raise Exception(f"Error: n={n}, k={k}, i={i}, k1={k1}, i1={i1}, k2={k2}, i2={i2}")
Exception: Error: n=11, k=39, i=25, k1=1, i1=0, k2=38, i2=25
srun: error: compute069: task 0: Exited with exit code 1
Traceback (most recent call last):
  File "/home/ajherman/Graph/chromatic/clique_generator.py", line 336, in <module>
    raise Exception(f"Error: n={n}, k={k}, i={i}, k1={k1}, i1={i1}, k2={k2}, i2={i2}")
Exception: Error: n=11, k=40, i=26, k1=1, i1=0, k2=39, i2=26
srun: error: compute069: task 0: Exited with exit code 1
Traceback (most recent call last):
  File "/home/ajherman/Graph/chromatic/clique_generator.py", line 336, in <module>
    raise Exception(f"Error: n={n}, k={k}, i={i}, k1={k1}, i1={i1}, k2={k2}, i2={i2}")
Exception: Error: n=11, k=41, i=27, k1=1, i1=0, k2=40, i2=27
srun: error: compute069: task 0: Exited with exit code 1
Traceback (most recent call last):
  File "/home/ajherman/Graph/chromatic/clique_generator.py", line 336, in <module>
    raise Exception(f"Error: n={n}, k={k}, i={i}, k1={k1}, i1={i1}, k2={k2}, i2={i2}")
Exception: Error: n=11, k=42, i=28, k1=1, i1=0, k2=41, i2=28
srun: error: compute069: task 0: Exited with exit code 1
Traceback (most recent call last):
  File "/home/ajherman/Graph/chromatic/clique_generator.py", line 336, in <module>
    raise Exception(f"Error: n={n}, k={k}, i={i}, k1={k1}, i1={i1}, k2={k2}, i2={i2}")
Exception: Error: n=11, k=43, i=29, k1=1, i1=0, k2=42, i2=29
srun: error: compute069: task 0: Exited with exit code 1
Traceback (most recent call last):
  File "/home/ajherman/Graph/chromatic/clique_generator.py", line 336, in <module>
    raise Exception(f"Error: n={n}, k={k}, i={i}, k1={k1}, i1={i1}, k2={k2}, i2={i2}")
Exception: Error: n=11, k=44, i=30, k1=1, i1=0, k2=43, i2=30
srun: error: compute069: task 0: Exited with exit code 1
Traceback (most recent call last):
  File "/home/ajherman/Graph/chromatic/clique_generator.py", line 336, in <module>
    raise Exception(f"Error: n={n}, k={k}, i={i}, k1={k1}, i1={i1}, k2={k2}, i2={i2}")
Exception: Error: n=11, k=45, i=31, k1=1, i1=0, k2=44, i2=31
srun: error: compute069: task 0: Exited with exit code 1
Traceback (most recent call last):
  File "/home/ajherman/Graph/chromatic/clique_generator.py", line 336, in <module>
    raise Exception(f"Error: n={n}, k={k}, i={i}, k1={k1}, i1={i1}, k2={k2}, i2={i2}")
Exception: Error: n=11, k=46, i=32, k1=1, i1=0, k2=45, i2=32
srun: error: compute069: task 0: Exited with exit code 1
Traceback (most recent call last):
  File "/home/ajherman/Graph/chromatic/clique_generator.py", line 336, in <module>
    raise Exception(f"Error: n={n}, k={k}, i={i}, k1={k1}, i1={i1}, k2={k2}, i2={i2}")
Exception: Error: n=11, k=47, i=33, k1=1, i1=0, k2=46, i2=33
srun: error: compute069: task 0: Exited with exit code 1
Traceback (most recent call last):
  File "/home/ajherman/Graph/chromatic/clique_generator.py", line 336, in <module>
    raise Exception(f"Error: n={n}, k={k}, i={i}, k1={k1}, i1={i1}, k2={k2}, i2={i2}")
Exception: Error: n=11, k=48, i=34, k1=1, i1=0, k2=47, i2=34
srun: error: compute069: task 0: Exited with exit code 1
Traceback (most recent call last):
  File "/home/ajherman/Graph/chromatic/clique_generator.py", line 336, in <module>
    raise Exception(f"Error: n={n}, k={k}, i={i}, k1={k1}, i1={i1}, k2={k2}, i2={i2}")
Exception: Error: n=11, k=49, i=35, k1=1, i1=0, k2=48, i2=35
srun: error: compute069: task 0: Exited with exit code 1
Traceback (most recent call last):
  File "/home/ajherman/Graph/chromatic/clique_generator.py", line 336, in <module>
    raise Exception(f"Error: n={n}, k={k}, i={i}, k1={k1}, i1={i1}, k2={k2}, i2={i2}")
Exception: Error: n=11, k=50, i=36, k1=1, i1=0, k2=49, i2=36
srun: error: compute069: task 0: Exited with exit code 1
Traceback (most recent call last):
  File "/home/ajherman/Graph/chromatic/clique_generator.py", line 336, in <module>
    raise Exception(f"Error: n={n}, k={k}, i={i}, k1={k1}, i1={i1}, k2={k2}, i2={i2}")
Exception: Error: n=11, k=51, i=37, k1=1, i1=0, k2=50, i2=37
srun: error: compute069: task 0: Exited with exit code 1
Traceback (most recent call last):
  File "/home/ajherman/Graph/chromatic/clique_generator.py", line 336, in <module>
    raise Exception(f"Error: n={n}, k={k}, i={i}, k1={k1}, i1={i1}, k2={k2}, i2={i2}")
Exception: Error: n=11, k=52, i=38, k1=1, i1=0, k2=51, i2=38
srun: error: compute069: task 0: Exited with exit code 1
Traceback (most recent call last):
  File "/home/ajherman/Graph/chromatic/clique_generator.py", line 336, in <module>
    raise Exception(f"Error: n={n}, k={k}, i={i}, k1={k1}, i1={i1}, k2={k2}, i2={i2}")
Exception: Error: n=11, k=53, i=39, k1=1, i1=0, k2=52, i2=39
srun: error: compute069: task 0: Exited with exit code 1
Traceback (most recent call last):
  File "/home/ajherman/Graph/chromatic/clique_generator.py", line 336, in <module>
    raise Exception(f"Error: n={n}, k={k}, i={i}, k1={k1}, i1={i1}, k2={k2}, i2={i2}")
Exception: Error: n=11, k=54, i=40, k1=1, i1=0, k2=53, i2=40
srun: error: compute069: task 0: Exited with exit code 1
Traceback (most recent call last):
  File "/home/ajherman/Graph/chromatic/clique_generator.py", line 336, in <module>
    raise Exception(f"Error: n={n}, k={k}, i={i}, k1={k1}, i1={i1}, k2={k2}, i2={i2}")
Exception: Error: n=11, k=17, i=2, k1=1, i1=0, k2=16, i2=2
srun: error: compute069: task 0: Exited with exit code 1
Traceback (most recent call last):
  File "/home/ajherman/Graph/chromatic/clique_generator.py", line 336, in <module>
    raise Exception(f"Error: n={n}, k={k}, i={i}, k1={k1}, i1={i1}, k2={k2}, i2={i2}")
Exception: Error: n=11, k=18, i=3, k1=1, i1=0, k2=17, i2=3
srun: error: compute069: task 0: Exited with exit code 1
Traceback (most recent call last):
  File "/home/ajherman/Graph/chromatic/clique_generator.py", line 336, in <module>
    raise Exception(f"Error: n={n}, k={k}, i={i}, k1={k1}, i1={i1}, k2={k2}, i2={i2}")
Exception: Error: n=11, k=19, i=4, k1=1, i1=0, k2=18, i2=4
srun: error: compute069: task 0: Exited with exit code 1
Traceback (most recent call last):
  File "/home/ajherman/Graph/chromatic/clique_generator.py", line 336, in <module>
    raise Exception(f"Error: n={n}, k={k}, i={i}, k1={k1}, i1={i1}, k2={k2}, i2={i2}")
Exception: Error: n=11, k=20, i=5, k1=1, i1=0, k2=19, i2=5
srun: error: compute069: task 0: Exited with exit code 1
Traceback (most recent call last):
  File "/home/ajherman/Graph/chromatic/clique_generator.py", line 336, in <module>
    raise Exception(f"Error: n={n}, k={k}, i={i}, k1={k1}, i1={i1}, k2={k2}, i2={i2}")
Exception: Error: n=11, k=21, i=6, k1=1, i1=0, k2=20, i2=6
srun: error: compute069: task 0: Exited with exit code 1
Traceback (most recent call last):
  File "/home/ajherman/Graph/chromatic/clique_generator.py", line 336, in <module>
    raise Exception(f"Error: n={n}, k={k}, i={i}, k1={k1}, i1={i1}, k2={k2}, i2={i2}")
Exception: Error: n=11, k=22, i=7, k1=1, i1=0, k2=21, i2=7
srun: error: compute069: task 0: Exited with exit code 1
Traceback (most recent call last):
  File "/home/ajherman/Graph/chromatic/clique_generator.py", line 336, in <module>
    raise Exception(f"Error: n={n}, k={k}, i={i}, k1={k1}, i1={i1}, k2={k2}, i2={i2}")
Exception: Error: n=11, k=23, i=8, k1=1, i1=0, k2=22, i2=8
srun: error: compute069: task 0: Exited with exit code 1
Traceback (most recent call last):
  File "/home/ajherman/Graph/chromatic/clique_generator.py", line 336, in <module>
    raise Exception(f"Error: n={n}, k={k}, i={i}, k1={k1}, i1={i1}, k2={k2}, i2={i2}")
Exception: Error: n=11, k=24, i=9, k1=1, i1=0, k2=23, i2=9
srun: error: compute069: task 0: Exited with exit code 1
Traceback (most recent call last):
  File "/home/ajherman/Graph/chromatic/clique_generator.py", line 336, in <module>
    raise Exception(f"Error: n={n}, k={k}, i={i}, k1={k1}, i1={i1}, k2={k2}, i2={i2}")
Exception: Error: n=11, k=25, i=10, k1=1, i1=0, k2=24, i2=10
srun: error: compute069: task 0: Exited with exit code 1
Traceback (most recent call last):
  File "/home/ajherman/Graph/chromatic/clique_generator.py", line 336, in <module>
    raise Exception(f"Error: n={n}, k={k}, i={i}, k1={k1}, i1={i1}, k2={k2}, i2={i2}")
Exception: Error: n=11, k=26, i=11, k1=1, i1=0, k2=25, i2=11
srun: error: compute069: task 0: Exited with exit code 1
Traceback (most recent call last):
  File "/home/ajherman/Graph/chromatic/clique_generator.py", line 336, in <module>
    raise Exception(f"Error: n={n}, k={k}, i={i}, k1={k1}, i1={i1}, k2={k2}, i2={i2}")
Exception: Error: n=11, k=27, i=12, k1=1, i1=0, k2=26, i2=12
srun: error: compute069: task 0: Exited with exit code 1
Traceback (most recent call last):
  File "/home/ajherman/Graph/chromatic/clique_generator.py", line 336, in <module>
    raise Exception(f"Error: n={n}, k={k}, i={i}, k1={k1}, i1={i1}, k2={k2}, i2={i2}")
Exception: Error: n=11, k=28, i=13, k1=1, i1=0, k2=27, i2=13
srun: error: compute069: task 0: Exited with exit code 1
Traceback (most recent call last):
  File "/home/ajherman/Graph/chromatic/clique_generator.py", line 336, in <module>
    raise Exception(f"Error: n={n}, k={k}, i={i}, k1={k1}, i1={i1}, k2={k2}, i2={i2}")
Exception: Error: n=11, k=29, i=14, k1=1, i1=0, k2=28, i2=14
srun: error: compute069: task 0: Exited with exit code 1
Traceback (most recent call last):
  File "/home/ajherman/Graph/chromatic/clique_generator.py", line 336, in <module>
    raise Exception(f"Error: n={n}, k={k}, i={i}, k1={k1}, i1={i1}, k2={k2}, i2={i2}")
Exception: Error: n=11, k=30, i=15, k1=1, i1=0, k2=29, i2=15
srun: error: compute069: task 0: Exited with exit code 1
Traceback (most recent call last):
  File "/home/ajherman/Graph/chromatic/clique_generator.py", line 336, in <module>
    raise Exception(f"Error: n={n}, k={k}, i={i}, k1={k1}, i1={i1}, k2={k2}, i2={i2}")
Exception: Error: n=11, k=31, i=16, k1=1, i1=0, k2=30, i2=16
srun: error: compute069: task 0: Exited with exit code 1
Traceback (most recent call last):
  File "/home/ajherman/Graph/chromatic/clique_generator.py", line 336, in <module>
    raise Exception(f"Error: n={n}, k={k}, i={i}, k1={k1}, i1={i1}, k2={k2}, i2={i2}")
Exception: Error: n=11, k=32, i=17, k1=1, i1=0, k2=31, i2=17
srun: error: compute069: task 0: Exited with exit code 1
Traceback (most recent call last):
  File "/home/ajherman/Graph/chromatic/clique_generator.py", line 336, in <module>
    raise Exception(f"Error: n={n}, k={k}, i={i}, k1={k1}, i1={i1}, k2={k2}, i2={i2}")
Exception: Error: n=11, k=33, i=18, k1=1, i1=0, k2=32, i2=18
srun: error: compute069: task 0: Exited with exit code 1
Traceback (most recent call last):
  File "/home/ajherman/Graph/chromatic/clique_generator.py", line 336, in <module>
    raise Exception(f"Error: n={n}, k={k}, i={i}, k1={k1}, i1={i1}, k2={k2}, i2={i2}")
Exception: Error: n=11, k=34, i=19, k1=1, i1=0, k2=33, i2=19
srun: error: compute069: task 0: Exited with exit code 1
Traceback (most recent call last):
  File "/home/ajherman/Graph/chromatic/clique_generator.py", line 336, in <module>
    raise Exception(f"Error: n={n}, k={k}, i={i}, k1={k1}, i1={i1}, k2={k2}, i2={i2}")
Exception: Error: n=11, k=35, i=20, k1=1, i1=0, k2=34, i2=20
srun: error: compute069: task 0: Exited with exit code 1
Traceback (most recent call last):
  File "/home/ajherman/Graph/chromatic/clique_generator.py", line 336, in <module>
    raise Exception(f"Error: n={n}, k={k}, i={i}, k1={k1}, i1={i1}, k2={k2}, i2={i2}")
Exception: Error: n=11, k=36, i=21, k1=1, i1=0, k2=35, i2=21
srun: error: compute069: task 0: Exited with exit code 1
Traceback (most recent call last):
  File "/home/ajherman/Graph/chromatic/clique_generator.py", line 336, in <module>
    raise Exception(f"Error: n={n}, k={k}, i={i}, k1={k1}, i1={i1}, k2={k2}, i2={i2}")
Exception: Error: n=11, k=37, i=22, k1=1, i1=0, k2=36, i2=22
srun: error: compute069: task 0: Exited with exit code 1
Traceback (most recent call last):
  File "/home/ajherman/Graph/chromatic/clique_generator.py", line 336, in <module>
    raise Exception(f"Error: n={n}, k={k}, i={i}, k1={k1}, i1={i1}, k2={k2}, i2={i2}")
Exception: Error: n=11, k=38, i=23, k1=1, i1=0, k2=37, i2=23
srun: error: compute069: task 0: Exited with exit code 1
Traceback (most recent call last):
  File "/home/ajherman/Graph/chromatic/clique_generator.py", line 336, in <module>
    raise Exception(f"Error: n={n}, k={k}, i={i}, k1={k1}, i1={i1}, k2={k2}, i2={i2}")
Exception: Error: n=11, k=39, i=24, k1=1, i1=0, k2=38, i2=24
srun: error: compute069: task 0: Exited with exit code 1
Traceback (most recent call last):
  File "/home/ajherman/Graph/chromatic/clique_generator.py", line 336, in <module>
    raise Exception(f"Error: n={n}, k={k}, i={i}, k1={k1}, i1={i1}, k2={k2}, i2={i2}")
Exception: Error: n=11, k=40, i=25, k1=1, i1=0, k2=39, i2=25
srun: error: compute069: task 0: Exited with exit code 1
Traceback (most recent call last):
  File "/home/ajherman/Graph/chromatic/clique_generator.py", line 336, in <module>
    raise Exception(f"Error: n={n}, k={k}, i={i}, k1={k1}, i1={i1}, k2={k2}, i2={i2}")
Exception: Error: n=11, k=41, i=26, k1=1, i1=0, k2=40, i2=26
srun: error: compute069: task 0: Exited with exit code 1
Traceback (most recent call last):
  File "/home/ajherman/Graph/chromatic/clique_generator.py", line 336, in <module>
    raise Exception(f"Error: n={n}, k={k}, i={i}, k1={k1}, i1={i1}, k2={k2}, i2={i2}")
Exception: Error: n=11, k=42, i=27, k1=1, i1=0, k2=41, i2=27
srun: error: compute069: task 0: Exited with exit code 1
Traceback (most recent call last):
  File "/home/ajherman/Graph/chromatic/clique_generator.py", line 336, in <module>
    raise Exception(f"Error: n={n}, k={k}, i={i}, k1={k1}, i1={i1}, k2={k2}, i2={i2}")
Exception: Error: n=11, k=43, i=28, k1=1, i1=0, k2=42, i2=28
srun: error: compute069: task 0: Exited with exit code 1
Traceback (most recent call last):
  File "/home/ajherman/Graph/chromatic/clique_generator.py", line 336, in <module>
    raise Exception(f"Error: n={n}, k={k}, i={i}, k1={k1}, i1={i1}, k2={k2}, i2={i2}")
Exception: Error: n=11, k=44, i=29, k1=1, i1=0, k2=43, i2=29
srun: error: compute069: task 0: Exited with exit code 1
Traceback (most recent call last):
  File "/home/ajherman/Graph/chromatic/clique_generator.py", line 336, in <module>
    raise Exception(f"Error: n={n}, k={k}, i={i}, k1={k1}, i1={i1}, k2={k2}, i2={i2}")
Exception: Error: n=11, k=45, i=30, k1=1, i1=0, k2=44, i2=30
srun: error: compute069: task 0: Exited with exit code 1
Traceback (most recent call last):
  File "/home/ajherman/Graph/chromatic/clique_generator.py", line 336, in <module>
    raise Exception(f"Error: n={n}, k={k}, i={i}, k1={k1}, i1={i1}, k2={k2}, i2={i2}")
Exception: Error: n=11, k=46, i=31, k1=1, i1=0, k2=45, i2=31
srun: error: compute069: task 0: Exited with exit code 1
Traceback (most recent call last):
  File "/home/ajherman/Graph/chromatic/clique_generator.py", line 336, in <module>
    raise Exception(f"Error: n={n}, k={k}, i={i}, k1={k1}, i1={i1}, k2={k2}, i2={i2}")
Exception: Error: n=11, k=47, i=32, k1=1, i1=0, k2=46, i2=32
srun: error: compute069: task 0: Exited with exit code 1
Traceback (most recent call last):
  File "/home/ajherman/Graph/chromatic/clique_generator.py", line 336, in <module>
    raise Exception(f"Error: n={n}, k={k}, i={i}, k1={k1}, i1={i1}, k2={k2}, i2={i2}")
Exception: Error: n=11, k=48, i=33, k1=1, i1=0, k2=47, i2=33
srun: error: compute069: task 0: Exited with exit code 1
Traceback (most recent call last):
  File "/home/ajherman/Graph/chromatic/clique_generator.py", line 336, in <module>
    raise Exception(f"Error: n={n}, k={k}, i={i}, k1={k1}, i1={i1}, k2={k2}, i2={i2}")
Exception: Error: n=11, k=49, i=34, k1=1, i1=0, k2=48, i2=34
srun: error: compute069: task 0: Exited with exit code 1
Traceback (most recent call last):
  File "/home/ajherman/Graph/chromatic/clique_generator.py", line 336, in <module>
    raise Exception(f"Error: n={n}, k={k}, i={i}, k1={k1}, i1={i1}, k2={k2}, i2={i2}")
Exception: Error: n=11, k=50, i=35, k1=1, i1=0, k2=49, i2=35
srun: error: compute069: task 0: Exited with exit code 1
Traceback (most recent call last):
  File "/home/ajherman/Graph/chromatic/clique_generator.py", line 336, in <module>
    raise Exception(f"Error: n={n}, k={k}, i={i}, k1={k1}, i1={i1}, k2={k2}, i2={i2}")
Exception: Error: n=11, k=51, i=36, k1=1, i1=0, k2=50, i2=36
srun: error: compute069: task 0: Exited with exit code 1
Traceback (most recent call last):
  File "/home/ajherman/Graph/chromatic/clique_generator.py", line 336, in <module>
    raise Exception(f"Error: n={n}, k={k}, i={i}, k1={k1}, i1={i1}, k2={k2}, i2={i2}")
Exception: Error: n=11, k=52, i=37, k1=1, i1=0, k2=51, i2=37
srun: error: compute069: task 0: Exited with exit code 1
Traceback (most recent call last):
  File "/home/ajherman/Graph/chromatic/clique_generator.py", line 336, in <module>
    raise Exception(f"Error: n={n}, k={k}, i={i}, k1={k1}, i1={i1}, k2={k2}, i2={i2}")
Exception: Error: n=11, k=53, i=38, k1=1, i1=0, k2=52, i2=38
srun: error: compute069: task 0: Exited with exit code 1
Traceback (most recent call last):
  File "/home/ajherman/Graph/chromatic/clique_generator.py", line 336, in <module>
    raise Exception(f"Error: n={n}, k={k}, i={i}, k1={k1}, i1={i1}, k2={k2}, i2={i2}")
Exception: Error: n=11, k=54, i=39, k1=1, i1=0, k2=53, i2=39
srun: error: compute069: task 0: Exited with exit code 1
Traceback (most recent call last):
  File "/home/ajherman/Graph/chromatic/clique_generator.py", line 336, in <module>
    raise Exception(f"Error: n={n}, k={k}, i={i}, k1={k1}, i1={i1}, k2={k2}, i2={i2}")
Exception: Error: n=11, k=55, i=40, k1=1, i1=0, k2=54, i2=40
srun: error: compute069: task 0: Exited with exit code 1
Traceback (most recent call last):
  File "/home/ajherman/Graph/chromatic/clique_generator.py", line 336, in <module>
    raise Exception(f"Error: n={n}, k={k}, i={i}, k1={k1}, i1={i1}, k2={k2}, i2={i2}")
Exception: Error: n=11, k=18, i=2, k1=1, i1=0, k2=17, i2=2
srun: error: compute069: task 0: Exited with exit code 1
Traceback (most recent call last):
  File "/home/ajherman/Graph/chromatic/clique_generator.py", line 336, in <module>
    raise Exception(f"Error: n={n}, k={k}, i={i}, k1={k1}, i1={i1}, k2={k2}, i2={i2}")
Exception: Error: n=11, k=19, i=3, k1=1, i1=0, k2=18, i2=3
srun: error: compute069: task 0: Exited with exit code 1
Traceback (most recent call last):
  File "/home/ajherman/Graph/chromatic/clique_generator.py", line 336, in <module>
    raise Exception(f"Error: n={n}, k={k}, i={i}, k1={k1}, i1={i1}, k2={k2}, i2={i2}")
Exception: Error: n=11, k=20, i=4, k1=1, i1=0, k2=19, i2=4
srun: error: compute069: task 0: Exited with exit code 1
Traceback (most recent call last):
  File "/home/ajherman/Graph/chromatic/clique_generator.py", line 336, in <module>
    raise Exception(f"Error: n={n}, k={k}, i={i}, k1={k1}, i1={i1}, k2={k2}, i2={i2}")
Exception: Error: n=11, k=21, i=5, k1=1, i1=0, k2=20, i2=5
srun: error: compute069: task 0: Exited with exit code 1
Traceback (most recent call last):
  File "/home/ajherman/Graph/chromatic/clique_generator.py", line 336, in <module>
    raise Exception(f"Error: n={n}, k={k}, i={i}, k1={k1}, i1={i1}, k2={k2}, i2={i2}")
Exception: Error: n=11, k=22, i=6, k1=1, i1=0, k2=21, i2=6
srun: error: compute069: task 0: Exited with exit code 1
Traceback (most recent call last):
  File "/home/ajherman/Graph/chromatic/clique_generator.py", line 336, in <module>
    raise Exception(f"Error: n={n}, k={k}, i={i}, k1={k1}, i1={i1}, k2={k2}, i2={i2}")
Exception: Error: n=11, k=23, i=7, k1=1, i1=0, k2=22, i2=7
srun: error: compute069: task 0: Exited with exit code 1
Traceback (most recent call last):
  File "/home/ajherman/Graph/chromatic/clique_generator.py", line 336, in <module>
    raise Exception(f"Error: n={n}, k={k}, i={i}, k1={k1}, i1={i1}, k2={k2}, i2={i2}")
Exception: Error: n=11, k=24, i=8, k1=1, i1=0, k2=23, i2=8
srun: error: compute069: task 0: Exited with exit code 1
Traceback (most recent call last):
  File "/home/ajherman/Graph/chromatic/clique_generator.py", line 336, in <module>
    raise Exception(f"Error: n={n}, k={k}, i={i}, k1={k1}, i1={i1}, k2={k2}, i2={i2}")
Exception: Error: n=11, k=25, i=9, k1=1, i1=0, k2=24, i2=9
srun: error: compute069: task 0: Exited with exit code 1
Traceback (most recent call last):
  File "/home/ajherman/Graph/chromatic/clique_generator.py", line 336, in <module>
    raise Exception(f"Error: n={n}, k={k}, i={i}, k1={k1}, i1={i1}, k2={k2}, i2={i2}")
Exception: Error: n=11, k=26, i=10, k1=1, i1=0, k2=25, i2=10
srun: error: compute069: task 0: Exited with exit code 1
Traceback (most recent call last):
  File "/home/ajherman/Graph/chromatic/clique_generator.py", line 336, in <module>
    raise Exception(f"Error: n={n}, k={k}, i={i}, k1={k1}, i1={i1}, k2={k2}, i2={i2}")
Exception: Error: n=11, k=27, i=11, k1=1, i1=0, k2=26, i2=11
srun: error: compute069: task 0: Exited with exit code 1
Traceback (most recent call last):
  File "/home/ajherman/Graph/chromatic/clique_generator.py", line 336, in <module>
    raise Exception(f"Error: n={n}, k={k}, i={i}, k1={k1}, i1={i1}, k2={k2}, i2={i2}")
Exception: Error: n=11, k=28, i=12, k1=1, i1=0, k2=27, i2=12
srun: error: compute069: task 0: Exited with exit code 1
Traceback (most recent call last):
  File "/home/ajherman/Graph/chromatic/clique_generator.py", line 336, in <module>
    raise Exception(f"Error: n={n}, k={k}, i={i}, k1={k1}, i1={i1}, k2={k2}, i2={i2}")
Exception: Error: n=11, k=29, i=13, k1=1, i1=0, k2=28, i2=13
srun: error: compute069: task 0: Exited with exit code 1
Traceback (most recent call last):
  File "/home/ajherman/Graph/chromatic/clique_generator.py", line 336, in <module>
    raise Exception(f"Error: n={n}, k={k}, i={i}, k1={k1}, i1={i1}, k2={k2}, i2={i2}")
Exception: Error: n=11, k=30, i=14, k1=1, i1=0, k2=29, i2=14
srun: error: compute069: task 0: Exited with exit code 1
Traceback (most recent call last):
  File "/home/ajherman/Graph/chromatic/clique_generator.py", line 336, in <module>
    raise Exception(f"Error: n={n}, k={k}, i={i}, k1={k1}, i1={i1}, k2={k2}, i2={i2}")
Exception: Error: n=11, k=31, i=15, k1=1, i1=0, k2=30, i2=15
srun: error: compute069: task 0: Exited with exit code 1
Traceback (most recent call last):
  File "/home/ajherman/Graph/chromatic/clique_generator.py", line 336, in <module>
    raise Exception(f"Error: n={n}, k={k}, i={i}, k1={k1}, i1={i1}, k2={k2}, i2={i2}")
Exception: Error: n=11, k=32, i=16, k1=1, i1=0, k2=31, i2=16
srun: error: compute069: task 0: Exited with exit code 1
Traceback (most recent call last):
  File "/home/ajherman/Graph/chromatic/clique_generator.py", line 336, in <module>
    raise Exception(f"Error: n={n}, k={k}, i={i}, k1={k1}, i1={i1}, k2={k2}, i2={i2}")
Exception: Error: n=11, k=33, i=17, k1=1, i1=0, k2=32, i2=17
srun: error: compute069: task 0: Exited with exit code 1
Traceback (most recent call last):
  File "/home/ajherman/Graph/chromatic/clique_generator.py", line 336, in <module>
    raise Exception(f"Error: n={n}, k={k}, i={i}, k1={k1}, i1={i1}, k2={k2}, i2={i2}")
Exception: Error: n=11, k=34, i=18, k1=1, i1=0, k2=33, i2=18
srun: error: compute069: task 0: Exited with exit code 1
Traceback (most recent call last):
  File "/home/ajherman/Graph/chromatic/clique_generator.py", line 336, in <module>
    raise Exception(f"Error: n={n}, k={k}, i={i}, k1={k1}, i1={i1}, k2={k2}, i2={i2}")
Exception: Error: n=11, k=35, i=19, k1=1, i1=0, k2=34, i2=19
srun: error: compute069: task 0: Exited with exit code 1
Traceback (most recent call last):
  File "/home/ajherman/Graph/chromatic/clique_generator.py", line 336, in <module>
    raise Exception(f"Error: n={n}, k={k}, i={i}, k1={k1}, i1={i1}, k2={k2}, i2={i2}")
Exception: Error: n=11, k=36, i=20, k1=1, i1=0, k2=35, i2=20
srun: error: compute069: task 0: Exited with exit code 1
Traceback (most recent call last):
  File "/home/ajherman/Graph/chromatic/clique_generator.py", line 336, in <module>
    raise Exception(f"Error: n={n}, k={k}, i={i}, k1={k1}, i1={i1}, k2={k2}, i2={i2}")
Exception: Error: n=11, k=37, i=21, k1=1, i1=0, k2=36, i2=21
srun: error: compute069: task 0: Exited with exit code 1
Traceback (most recent call last):
  File "/home/ajherman/Graph/chromatic/clique_generator.py", line 336, in <module>
    raise Exception(f"Error: n={n}, k={k}, i={i}, k1={k1}, i1={i1}, k2={k2}, i2={i2}")
Exception: Error: n=11, k=38, i=22, k1=1, i1=0, k2=37, i2=22
srun: error: compute069: task 0: Exited with exit code 1
Traceback (most recent call last):
  File "/home/ajherman/Graph/chromatic/clique_generator.py", line 336, in <module>
    raise Exception(f"Error: n={n}, k={k}, i={i}, k1={k1}, i1={i1}, k2={k2}, i2={i2}")
Exception: Error: n=11, k=39, i=23, k1=1, i1=0, k2=38, i2=23
srun: error: compute069: task 0: Exited with exit code 1
Traceback (most recent call last):
  File "/home/ajherman/Graph/chromatic/clique_generator.py", line 336, in <module>
    raise Exception(f"Error: n={n}, k={k}, i={i}, k1={k1}, i1={i1}, k2={k2}, i2={i2}")
Exception: Error: n=11, k=40, i=24, k1=1, i1=0, k2=39, i2=24
srun: error: compute069: task 0: Exited with exit code 1
Traceback (most recent call last):
  File "/home/ajherman/Graph/chromatic/clique_generator.py", line 336, in <module>
    raise Exception(f"Error: n={n}, k={k}, i={i}, k1={k1}, i1={i1}, k2={k2}, i2={i2}")
Exception: Error: n=11, k=41, i=25, k1=1, i1=0, k2=40, i2=25
srun: error: compute069: task 0: Exited with exit code 1
Traceback (most recent call last):
  File "/home/ajherman/Graph/chromatic/clique_generator.py", line 336, in <module>
    raise Exception(f"Error: n={n}, k={k}, i={i}, k1={k1}, i1={i1}, k2={k2}, i2={i2}")
Exception: Error: n=11, k=42, i=26, k1=1, i1=0, k2=41, i2=26
srun: error: compute069: task 0: Exited with exit code 1
Traceback (most recent call last):
  File "/home/ajherman/Graph/chromatic/clique_generator.py", line 336, in <module>
    raise Exception(f"Error: n={n}, k={k}, i={i}, k1={k1}, i1={i1}, k2={k2}, i2={i2}")
Exception: Error: n=11, k=43, i=27, k1=1, i1=0, k2=42, i2=27
srun: error: compute069: task 0: Exited with exit code 1
Traceback (most recent call last):
  File "/home/ajherman/Graph/chromatic/clique_generator.py", line 336, in <module>
    raise Exception(f"Error: n={n}, k={k}, i={i}, k1={k1}, i1={i1}, k2={k2}, i2={i2}")
Exception: Error: n=11, k=44, i=28, k1=1, i1=0, k2=43, i2=28
srun: error: compute069: task 0: Exited with exit code 1
Traceback (most recent call last):
  File "/home/ajherman/Graph/chromatic/clique_generator.py", line 336, in <module>
    raise Exception(f"Error: n={n}, k={k}, i={i}, k1={k1}, i1={i1}, k2={k2}, i2={i2}")
Exception: Error: n=11, k=45, i=29, k1=1, i1=0, k2=44, i2=29
srun: error: compute069: task 0: Exited with exit code 1
Traceback (most recent call last):
  File "/home/ajherman/Graph/chromatic/clique_generator.py", line 336, in <module>
    raise Exception(f"Error: n={n}, k={k}, i={i}, k1={k1}, i1={i1}, k2={k2}, i2={i2}")
Exception: Error: n=11, k=46, i=30, k1=1, i1=0, k2=45, i2=30
srun: error: compute069: task 0: Exited with exit code 1
Traceback (most recent call last):
  File "/home/ajherman/Graph/chromatic/clique_generator.py", line 336, in <module>
    raise Exception(f"Error: n={n}, k={k}, i={i}, k1={k1}, i1={i1}, k2={k2}, i2={i2}")
Exception: Error: n=11, k=47, i=31, k1=1, i1=0, k2=46, i2=31
srun: error: compute069: task 0: Exited with exit code 1
Traceback (most recent call last):
  File "/home/ajherman/Graph/chromatic/clique_generator.py", line 336, in <module>
    raise Exception(f"Error: n={n}, k={k}, i={i}, k1={k1}, i1={i1}, k2={k2}, i2={i2}")
Exception: Error: n=11, k=48, i=32, k1=1, i1=0, k2=47, i2=32
srun: error: compute069: task 0: Exited with exit code 1
Traceback (most recent call last):
  File "/home/ajherman/Graph/chromatic/clique_generator.py", line 336, in <module>
    raise Exception(f"Error: n={n}, k={k}, i={i}, k1={k1}, i1={i1}, k2={k2}, i2={i2}")
Exception: Error: n=11, k=49, i=33, k1=1, i1=0, k2=48, i2=33
srun: error: compute069: task 0: Exited with exit code 1
Traceback (most recent call last):
  File "/home/ajherman/Graph/chromatic/clique_generator.py", line 336, in <module>
    raise Exception(f"Error: n={n}, k={k}, i={i}, k1={k1}, i1={i1}, k2={k2}, i2={i2}")
Exception: Error: n=11, k=50, i=34, k1=1, i1=0, k2=49, i2=34
srun: error: compute069: task 0: Exited with exit code 1
Traceback (most recent call last):
  File "/home/ajherman/Graph/chromatic/clique_generator.py", line 336, in <module>
    raise Exception(f"Error: n={n}, k={k}, i={i}, k1={k1}, i1={i1}, k2={k2}, i2={i2}")
Exception: Error: n=11, k=51, i=35, k1=1, i1=0, k2=50, i2=35
srun: error: compute069: task 0: Exited with exit code 1
Traceback (most recent call last):
  File "/home/ajherman/Graph/chromatic/clique_generator.py", line 336, in <module>
    raise Exception(f"Error: n={n}, k={k}, i={i}, k1={k1}, i1={i1}, k2={k2}, i2={i2}")
Exception: Error: n=11, k=52, i=36, k1=1, i1=0, k2=51, i2=36
srun: error: compute069: task 0: Exited with exit code 1
Traceback (most recent call last):
  File "/home/ajherman/Graph/chromatic/clique_generator.py", line 336, in <module>
    raise Exception(f"Error: n={n}, k={k}, i={i}, k1={k1}, i1={i1}, k2={k2}, i2={i2}")
Exception: Error: n=11, k=53, i=37, k1=1, i1=0, k2=52, i2=37
srun: error: compute069: task 0: Exited with exit code 1
Traceback (most recent call last):
  File "/home/ajherman/Graph/chromatic/clique_generator.py", line 336, in <module>
    raise Exception(f"Error: n={n}, k={k}, i={i}, k1={k1}, i1={i1}, k2={k2}, i2={i2}")
Exception: Error: n=11, k=54, i=38, k1=1, i1=0, k2=53, i2=38
srun: error: compute069: task 0: Exited with exit code 1
Traceback (most recent call last):
  File "/home/ajherman/Graph/chromatic/clique_generator.py", line 336, in <module>
    raise Exception(f"Error: n={n}, k={k}, i={i}, k1={k1}, i1={i1}, k2={k2}, i2={i2}")
Exception: Error: n=11, k=55, i=39, k1=1, i1=0, k2=54, i2=39
srun: error: compute069: task 0: Exited with exit code 1
Traceback (most recent call last):
  File "/home/ajherman/Graph/chromatic/clique_generator.py", line 336, in <module>
    raise Exception(f"Error: n={n}, k={k}, i={i}, k1={k1}, i1={i1}, k2={k2}, i2={i2}")
Exception: Error: n=11, k=56, i=40, k1=1, i1=0, k2=55, i2=40
srun: error: compute069: task 0: Exited with exit code 1
Traceback (most recent call last):
  File "/home/ajherman/Graph/chromatic/clique_generator.py", line 336, in <module>
    raise Exception(f"Error: n={n}, k={k}, i={i}, k1={k1}, i1={i1}, k2={k2}, i2={i2}")
Exception: Error: n=11, k=19, i=2, k1=1, i1=0, k2=18, i2=2
srun: error: compute069: task 0: Exited with exit code 1
Traceback (most recent call last):
  File "/home/ajherman/Graph/chromatic/clique_generator.py", line 336, in <module>
    raise Exception(f"Error: n={n}, k={k}, i={i}, k1={k1}, i1={i1}, k2={k2}, i2={i2}")
Exception: Error: n=11, k=20, i=3, k1=1, i1=0, k2=19, i2=3
srun: error: compute069: task 0: Exited with exit code 1
Traceback (most recent call last):
  File "/home/ajherman/Graph/chromatic/clique_generator.py", line 336, in <module>
    raise Exception(f"Error: n={n}, k={k}, i={i}, k1={k1}, i1={i1}, k2={k2}, i2={i2}")
Exception: Error: n=11, k=21, i=4, k1=1, i1=0, k2=20, i2=4
srun: error: compute069: task 0: Exited with exit code 1
Traceback (most recent call last):
  File "/home/ajherman/Graph/chromatic/clique_generator.py", line 336, in <module>
    raise Exception(f"Error: n={n}, k={k}, i={i}, k1={k1}, i1={i1}, k2={k2}, i2={i2}")
Exception: Error: n=11, k=22, i=5, k1=1, i1=0, k2=21, i2=5
srun: error: compute069: task 0: Exited with exit code 1
Traceback (most recent call last):
  File "/home/ajherman/Graph/chromatic/clique_generator.py", line 336, in <module>
    raise Exception(f"Error: n={n}, k={k}, i={i}, k1={k1}, i1={i1}, k2={k2}, i2={i2}")
Exception: Error: n=11, k=23, i=6, k1=1, i1=0, k2=22, i2=6
srun: error: compute069: task 0: Exited with exit code 1
Traceback (most recent call last):
  File "/home/ajherman/Graph/chromatic/clique_generator.py", line 336, in <module>
    raise Exception(f"Error: n={n}, k={k}, i={i}, k1={k1}, i1={i1}, k2={k2}, i2={i2}")
Exception: Error: n=11, k=24, i=7, k1=1, i1=0, k2=23, i2=7
srun: error: compute069: task 0: Exited with exit code 1
Traceback (most recent call last):
  File "/home/ajherman/Graph/chromatic/clique_generator.py", line 336, in <module>
    raise Exception(f"Error: n={n}, k={k}, i={i}, k1={k1}, i1={i1}, k2={k2}, i2={i2}")
Exception: Error: n=11, k=25, i=8, k1=1, i1=0, k2=24, i2=8
srun: error: compute069: task 0: Exited with exit code 1
Traceback (most recent call last):
  File "/home/ajherman/Graph/chromatic/clique_generator.py", line 336, in <module>
    raise Exception(f"Error: n={n}, k={k}, i={i}, k1={k1}, i1={i1}, k2={k2}, i2={i2}")
Exception: Error: n=11, k=26, i=9, k1=1, i1=0, k2=25, i2=9
srun: error: compute069: task 0: Exited with exit code 1
Traceback (most recent call last):
  File "/home/ajherman/Graph/chromatic/clique_generator.py", line 336, in <module>
    raise Exception(f"Error: n={n}, k={k}, i={i}, k1={k1}, i1={i1}, k2={k2}, i2={i2}")
Exception: Error: n=11, k=27, i=10, k1=1, i1=0, k2=26, i2=10
srun: error: compute069: task 0: Exited with exit code 1
Traceback (most recent call last):
  File "/home/ajherman/Graph/chromatic/clique_generator.py", line 336, in <module>
    raise Exception(f"Error: n={n}, k={k}, i={i}, k1={k1}, i1={i1}, k2={k2}, i2={i2}")
Exception: Error: n=11, k=28, i=11, k1=1, i1=0, k2=27, i2=11
srun: error: compute069: task 0: Exited with exit code 1
Traceback (most recent call last):
  File "/home/ajherman/Graph/chromatic/clique_generator.py", line 336, in <module>
    raise Exception(f"Error: n={n}, k={k}, i={i}, k1={k1}, i1={i1}, k2={k2}, i2={i2}")
Exception: Error: n=11, k=29, i=12, k1=1, i1=0, k2=28, i2=12
srun: error: compute069: task 0: Exited with exit code 1
Traceback (most recent call last):
  File "/home/ajherman/Graph/chromatic/clique_generator.py", line 336, in <module>
    raise Exception(f"Error: n={n}, k={k}, i={i}, k1={k1}, i1={i1}, k2={k2}, i2={i2}")
Exception: Error: n=11, k=30, i=13, k1=1, i1=0, k2=29, i2=13
srun: error: compute069: task 0: Exited with exit code 1
Traceback (most recent call last):
  File "/home/ajherman/Graph/chromatic/clique_generator.py", line 336, in <module>
    raise Exception(f"Error: n={n}, k={k}, i={i}, k1={k1}, i1={i1}, k2={k2}, i2={i2}")
Exception: Error: n=11, k=31, i=14, k1=1, i1=0, k2=30, i2=14
srun: error: compute069: task 0: Exited with exit code 1
Traceback (most recent call last):
  File "/home/ajherman/Graph/chromatic/clique_generator.py", line 336, in <module>
    raise Exception(f"Error: n={n}, k={k}, i={i}, k1={k1}, i1={i1}, k2={k2}, i2={i2}")
Exception: Error: n=11, k=32, i=15, k1=1, i1=0, k2=31, i2=15
srun: error: compute069: task 0: Exited with exit code 1
Traceback (most recent call last):
  File "/home/ajherman/Graph/chromatic/clique_generator.py", line 336, in <module>
    raise Exception(f"Error: n={n}, k={k}, i={i}, k1={k1}, i1={i1}, k2={k2}, i2={i2}")
Exception: Error: n=11, k=33, i=16, k1=1, i1=0, k2=32, i2=16
srun: error: compute069: task 0: Exited with exit code 1
Traceback (most recent call last):
  File "/home/ajherman/Graph/chromatic/clique_generator.py", line 336, in <module>
    raise Exception(f"Error: n={n}, k={k}, i={i}, k1={k1}, i1={i1}, k2={k2}, i2={i2}")
Exception: Error: n=11, k=34, i=17, k1=1, i1=0, k2=33, i2=17
srun: error: compute069: task 0: Exited with exit code 1
Traceback (most recent call last):
  File "/home/ajherman/Graph/chromatic/clique_generator.py", line 336, in <module>
    raise Exception(f"Error: n={n}, k={k}, i={i}, k1={k1}, i1={i1}, k2={k2}, i2={i2}")
Exception: Error: n=11, k=35, i=18, k1=1, i1=0, k2=34, i2=18
srun: error: compute069: task 0: Exited with exit code 1
Traceback (most recent call last):
  File "/home/ajherman/Graph/chromatic/clique_generator.py", line 336, in <module>
    raise Exception(f"Error: n={n}, k={k}, i={i}, k1={k1}, i1={i1}, k2={k2}, i2={i2}")
Exception: Error: n=11, k=36, i=19, k1=1, i1=0, k2=35, i2=19
srun: error: compute069: task 0: Exited with exit code 1
Traceback (most recent call last):
  File "/home/ajherman/Graph/chromatic/clique_generator.py", line 336, in <module>
    raise Exception(f"Error: n={n}, k={k}, i={i}, k1={k1}, i1={i1}, k2={k2}, i2={i2}")
Exception: Error: n=11, k=37, i=20, k1=1, i1=0, k2=36, i2=20
srun: error: compute069: task 0: Exited with exit code 1
Traceback (most recent call last):
  File "/home/ajherman/Graph/chromatic/clique_generator.py", line 336, in <module>
    raise Exception(f"Error: n={n}, k={k}, i={i}, k1={k1}, i1={i1}, k2={k2}, i2={i2}")
Exception: Error: n=11, k=38, i=21, k1=1, i1=0, k2=37, i2=21
srun: error: compute069: task 0: Exited with exit code 1
Traceback (most recent call last):
  File "/home/ajherman/Graph/chromatic/clique_generator.py", line 336, in <module>
    raise Exception(f"Error: n={n}, k={k}, i={i}, k1={k1}, i1={i1}, k2={k2}, i2={i2}")
Exception: Error: n=11, k=39, i=22, k1=1, i1=0, k2=38, i2=22
srun: error: compute069: task 0: Exited with exit code 1
Traceback (most recent call last):
  File "/home/ajherman/Graph/chromatic/clique_generator.py", line 336, in <module>
    raise Exception(f"Error: n={n}, k={k}, i={i}, k1={k1}, i1={i1}, k2={k2}, i2={i2}")
Exception: Error: n=11, k=40, i=23, k1=1, i1=0, k2=39, i2=23
srun: error: compute069: task 0: Exited with exit code 1
Traceback (most recent call last):
  File "/home/ajherman/Graph/chromatic/clique_generator.py", line 336, in <module>
    raise Exception(f"Error: n={n}, k={k}, i={i}, k1={k1}, i1={i1}, k2={k2}, i2={i2}")
Exception: Error: n=11, k=41, i=24, k1=1, i1=0, k2=40, i2=24
srun: error: compute069: task 0: Exited with exit code 1
Traceback (most recent call last):
  File "/home/ajherman/Graph/chromatic/clique_generator.py", line 336, in <module>
    raise Exception(f"Error: n={n}, k={k}, i={i}, k1={k1}, i1={i1}, k2={k2}, i2={i2}")
Exception: Error: n=11, k=42, i=25, k1=1, i1=0, k2=41, i2=25
srun: error: compute069: task 0: Exited with exit code 1
Traceback (most recent call last):
  File "/home/ajherman/Graph/chromatic/clique_generator.py", line 336, in <module>
    raise Exception(f"Error: n={n}, k={k}, i={i}, k1={k1}, i1={i1}, k2={k2}, i2={i2}")
Exception: Error: n=11, k=43, i=26, k1=1, i1=0, k2=42, i2=26
srun: error: compute069: task 0: Exited with exit code 1
Traceback (most recent call last):
  File "/home/ajherman/Graph/chromatic/clique_generator.py", line 336, in <module>
    raise Exception(f"Error: n={n}, k={k}, i={i}, k1={k1}, i1={i1}, k2={k2}, i2={i2}")
Exception: Error: n=11, k=44, i=27, k1=1, i1=0, k2=43, i2=27
srun: error: compute069: task 0: Exited with exit code 1
Traceback (most recent call last):
  File "/home/ajherman/Graph/chromatic/clique_generator.py", line 336, in <module>
    raise Exception(f"Error: n={n}, k={k}, i={i}, k1={k1}, i1={i1}, k2={k2}, i2={i2}")
Exception: Error: n=11, k=45, i=28, k1=1, i1=0, k2=44, i2=28
srun: error: compute069: task 0: Exited with exit code 1
Traceback (most recent call last):
  File "/home/ajherman/Graph/chromatic/clique_generator.py", line 336, in <module>
    raise Exception(f"Error: n={n}, k={k}, i={i}, k1={k1}, i1={i1}, k2={k2}, i2={i2}")
Exception: Error: n=11, k=46, i=29, k1=1, i1=0, k2=45, i2=29
srun: error: compute069: task 0: Exited with exit code 1
Traceback (most recent call last):
  File "/home/ajherman/Graph/chromatic/clique_generator.py", line 336, in <module>
    raise Exception(f"Error: n={n}, k={k}, i={i}, k1={k1}, i1={i1}, k2={k2}, i2={i2}")
Exception: Error: n=11, k=47, i=30, k1=1, i1=0, k2=46, i2=30
srun: error: compute069: task 0: Exited with exit code 1
Traceback (most recent call last):
  File "/home/ajherman/Graph/chromatic/clique_generator.py", line 336, in <module>
    raise Exception(f"Error: n={n}, k={k}, i={i}, k1={k1}, i1={i1}, k2={k2}, i2={i2}")
Exception: Error: n=11, k=48, i=31, k1=1, i1=0, k2=47, i2=31
srun: error: compute069: task 0: Exited with exit code 1
Traceback (most recent call last):
  File "/home/ajherman/Graph/chromatic/clique_generator.py", line 336, in <module>
    raise Exception(f"Error: n={n}, k={k}, i={i}, k1={k1}, i1={i1}, k2={k2}, i2={i2}")
Exception: Error: n=11, k=49, i=32, k1=1, i1=0, k2=48, i2=32
srun: error: compute069: task 0: Exited with exit code 1
Traceback (most recent call last):
  File "/home/ajherman/Graph/chromatic/clique_generator.py", line 336, in <module>
    raise Exception(f"Error: n={n}, k={k}, i={i}, k1={k1}, i1={i1}, k2={k2}, i2={i2}")
Exception: Error: n=11, k=50, i=33, k1=1, i1=0, k2=49, i2=33
srun: error: compute069: task 0: Exited with exit code 1
Traceback (most recent call last):
  File "/home/ajherman/Graph/chromatic/clique_generator.py", line 336, in <module>
    raise Exception(f"Error: n={n}, k={k}, i={i}, k1={k1}, i1={i1}, k2={k2}, i2={i2}")
Exception: Error: n=11, k=51, i=34, k1=1, i1=0, k2=50, i2=34
srun: error: compute069: task 0: Exited with exit code 1
Traceback (most recent call last):
  File "/home/ajherman/Graph/chromatic/clique_generator.py", line 336, in <module>
    raise Exception(f"Error: n={n}, k={k}, i={i}, k1={k1}, i1={i1}, k2={k2}, i2={i2}")
Exception: Error: n=11, k=52, i=35, k1=1, i1=0, k2=51, i2=35
srun: error: compute069: task 0: Exited with exit code 1
Traceback (most recent call last):
  File "/home/ajherman/Graph/chromatic/clique_generator.py", line 336, in <module>
    raise Exception(f"Error: n={n}, k={k}, i={i}, k1={k1}, i1={i1}, k2={k2}, i2={i2}")
Exception: Error: n=11, k=53, i=36, k1=1, i1=0, k2=52, i2=36
srun: error: compute069: task 0: Exited with exit code 1
Traceback (most recent call last):
  File "/home/ajherman/Graph/chromatic/clique_generator.py", line 336, in <module>
    raise Exception(f"Error: n={n}, k={k}, i={i}, k1={k1}, i1={i1}, k2={k2}, i2={i2}")
Exception: Error: n=11, k=54, i=37, k1=1, i1=0, k2=53, i2=37
srun: error: compute069: task 0: Exited with exit code 1
Traceback (most recent call last):
  File "/home/ajherman/Graph/chromatic/clique_generator.py", line 336, in <module>
    raise Exception(f"Error: n={n}, k={k}, i={i}, k1={k1}, i1={i1}, k2={k2}, i2={i2}")
Exception: Error: n=11, k=55, i=38, k1=1, i1=0, k2=54, i2=38
srun: error: compute069: task 0: Exited with exit code 1
Traceback (most recent call last):
  File "/home/ajherman/Graph/chromatic/clique_generator.py", line 336, in <module>
    raise Exception(f"Error: n={n}, k={k}, i={i}, k1={k1}, i1={i1}, k2={k2}, i2={i2}")
Exception: Error: n=11, k=56, i=39, k1=1, i1=0, k2=55, i2=39
srun: error: compute069: task 0: Exited with exit code 1
Traceback (most recent call last):
  File "/home/ajherman/Graph/chromatic/clique_generator.py", line 336, in <module>
    raise Exception(f"Error: n={n}, k={k}, i={i}, k1={k1}, i1={i1}, k2={k2}, i2={i2}")
Exception: Error: n=11, k=57, i=40, k1=1, i1=0, k2=56, i2=40
srun: error: compute069: task 0: Exited with exit code 1
Traceback (most recent call last):
  File "/home/ajherman/Graph/chromatic/clique_generator.py", line 336, in <module>
    raise Exception(f"Error: n={n}, k={k}, i={i}, k1={k1}, i1={i1}, k2={k2}, i2={i2}")
Exception: Error: n=11, k=20, i=2, k1=1, i1=0, k2=19, i2=2
srun: error: compute069: task 0: Exited with exit code 1
Traceback (most recent call last):
  File "/home/ajherman/Graph/chromatic/clique_generator.py", line 336, in <module>
    raise Exception(f"Error: n={n}, k={k}, i={i}, k1={k1}, i1={i1}, k2={k2}, i2={i2}")
Exception: Error: n=11, k=21, i=3, k1=1, i1=0, k2=20, i2=3
srun: error: compute069: task 0: Exited with exit code 1
Traceback (most recent call last):
  File "/home/ajherman/Graph/chromatic/clique_generator.py", line 336, in <module>
    raise Exception(f"Error: n={n}, k={k}, i={i}, k1={k1}, i1={i1}, k2={k2}, i2={i2}")
Exception: Error: n=11, k=22, i=4, k1=1, i1=0, k2=21, i2=4
srun: error: compute069: task 0: Exited with exit code 1
Traceback (most recent call last):
  File "/home/ajherman/Graph/chromatic/clique_generator.py", line 336, in <module>
    raise Exception(f"Error: n={n}, k={k}, i={i}, k1={k1}, i1={i1}, k2={k2}, i2={i2}")
Exception: Error: n=11, k=23, i=5, k1=1, i1=0, k2=22, i2=5
srun: error: compute069: task 0: Exited with exit code 1
Traceback (most recent call last):
  File "/home/ajherman/Graph/chromatic/clique_generator.py", line 336, in <module>
    raise Exception(f"Error: n={n}, k={k}, i={i}, k1={k1}, i1={i1}, k2={k2}, i2={i2}")
Exception: Error: n=11, k=24, i=6, k1=1, i1=0, k2=23, i2=6
srun: error: compute069: task 0: Exited with exit code 1
Traceback (most recent call last):
  File "/home/ajherman/Graph/chromatic/clique_generator.py", line 336, in <module>
    raise Exception(f"Error: n={n}, k={k}, i={i}, k1={k1}, i1={i1}, k2={k2}, i2={i2}")
Exception: Error: n=11, k=25, i=7, k1=1, i1=0, k2=24, i2=7
srun: error: compute069: task 0: Exited with exit code 1
Traceback (most recent call last):
  File "/home/ajherman/Graph/chromatic/clique_generator.py", line 336, in <module>
    raise Exception(f"Error: n={n}, k={k}, i={i}, k1={k1}, i1={i1}, k2={k2}, i2={i2}")
Exception: Error: n=11, k=26, i=8, k1=1, i1=0, k2=25, i2=8
srun: error: compute069: task 0: Exited with exit code 1
Traceback (most recent call last):
  File "/home/ajherman/Graph/chromatic/clique_generator.py", line 336, in <module>
    raise Exception(f"Error: n={n}, k={k}, i={i}, k1={k1}, i1={i1}, k2={k2}, i2={i2}")
Exception: Error: n=11, k=27, i=9, k1=1, i1=0, k2=26, i2=9
srun: error: compute069: task 0: Exited with exit code 1
Traceback (most recent call last):
  File "/home/ajherman/Graph/chromatic/clique_generator.py", line 336, in <module>
    raise Exception(f"Error: n={n}, k={k}, i={i}, k1={k1}, i1={i1}, k2={k2}, i2={i2}")
Exception: Error: n=11, k=28, i=10, k1=1, i1=0, k2=27, i2=10
srun: error: compute069: task 0: Exited with exit code 1
Traceback (most recent call last):
  File "/home/ajherman/Graph/chromatic/clique_generator.py", line 336, in <module>
    raise Exception(f"Error: n={n}, k={k}, i={i}, k1={k1}, i1={i1}, k2={k2}, i2={i2}")
Exception: Error: n=11, k=29, i=11, k1=1, i1=0, k2=28, i2=11
srun: error: compute069: task 0: Exited with exit code 1
Traceback (most recent call last):
  File "/home/ajherman/Graph/chromatic/clique_generator.py", line 336, in <module>
    raise Exception(f"Error: n={n}, k={k}, i={i}, k1={k1}, i1={i1}, k2={k2}, i2={i2}")
Exception: Error: n=11, k=30, i=12, k1=1, i1=0, k2=29, i2=12
srun: error: compute069: task 0: Exited with exit code 1
Traceback (most recent call last):
  File "/home/ajherman/Graph/chromatic/clique_generator.py", line 336, in <module>
    raise Exception(f"Error: n={n}, k={k}, i={i}, k1={k1}, i1={i1}, k2={k2}, i2={i2}")
Exception: Error: n=11, k=31, i=13, k1=1, i1=0, k2=30, i2=13
srun: error: compute069: task 0: Exited with exit code 1
Traceback (most recent call last):
  File "/home/ajherman/Graph/chromatic/clique_generator.py", line 336, in <module>
    raise Exception(f"Error: n={n}, k={k}, i={i}, k1={k1}, i1={i1}, k2={k2}, i2={i2}")
Exception: Error: n=11, k=32, i=14, k1=1, i1=0, k2=31, i2=14
srun: error: compute069: task 0: Exited with exit code 1
Traceback (most recent call last):
  File "/home/ajherman/Graph/chromatic/clique_generator.py", line 336, in <module>
    raise Exception(f"Error: n={n}, k={k}, i={i}, k1={k1}, i1={i1}, k2={k2}, i2={i2}")
Exception: Error: n=11, k=33, i=15, k1=1, i1=0, k2=32, i2=15
srun: error: compute069: task 0: Exited with exit code 1
Traceback (most recent call last):
  File "/home/ajherman/Graph/chromatic/clique_generator.py", line 336, in <module>
    raise Exception(f"Error: n={n}, k={k}, i={i}, k1={k1}, i1={i1}, k2={k2}, i2={i2}")
Exception: Error: n=11, k=34, i=16, k1=1, i1=0, k2=33, i2=16
srun: error: compute069: task 0: Exited with exit code 1
Traceback (most recent call last):
  File "/home/ajherman/Graph/chromatic/clique_generator.py", line 336, in <module>
    raise Exception(f"Error: n={n}, k={k}, i={i}, k1={k1}, i1={i1}, k2={k2}, i2={i2}")
Exception: Error: n=11, k=35, i=17, k1=1, i1=0, k2=34, i2=17
srun: error: compute069: task 0: Exited with exit code 1
Traceback (most recent call last):
  File "/home/ajherman/Graph/chromatic/clique_generator.py", line 336, in <module>
    raise Exception(f"Error: n={n}, k={k}, i={i}, k1={k1}, i1={i1}, k2={k2}, i2={i2}")
Exception: Error: n=11, k=36, i=18, k1=1, i1=0, k2=35, i2=18
srun: error: compute069: task 0: Exited with exit code 1
Traceback (most recent call last):
  File "/home/ajherman/Graph/chromatic/clique_generator.py", line 336, in <module>
    raise Exception(f"Error: n={n}, k={k}, i={i}, k1={k1}, i1={i1}, k2={k2}, i2={i2}")
Exception: Error: n=11, k=37, i=19, k1=1, i1=0, k2=36, i2=19
srun: error: compute069: task 0: Exited with exit code 1
Traceback (most recent call last):
  File "/home/ajherman/Graph/chromatic/clique_generator.py", line 336, in <module>
    raise Exception(f"Error: n={n}, k={k}, i={i}, k1={k1}, i1={i1}, k2={k2}, i2={i2}")
Exception: Error: n=11, k=38, i=20, k1=1, i1=0, k2=37, i2=20
srun: error: compute069: task 0: Exited with exit code 1
Traceback (most recent call last):
  File "/home/ajherman/Graph/chromatic/clique_generator.py", line 336, in <module>
    raise Exception(f"Error: n={n}, k={k}, i={i}, k1={k1}, i1={i1}, k2={k2}, i2={i2}")
Exception: Error: n=11, k=39, i=21, k1=1, i1=0, k2=38, i2=21
srun: error: compute069: task 0: Exited with exit code 1
Traceback (most recent call last):
  File "/home/ajherman/Graph/chromatic/clique_generator.py", line 336, in <module>
    raise Exception(f"Error: n={n}, k={k}, i={i}, k1={k1}, i1={i1}, k2={k2}, i2={i2}")
Exception: Error: n=11, k=40, i=22, k1=1, i1=0, k2=39, i2=22
srun: error: compute069: task 0: Exited with exit code 1
Traceback (most recent call last):
  File "/home/ajherman/Graph/chromatic/clique_generator.py", line 336, in <module>
    raise Exception(f"Error: n={n}, k={k}, i={i}, k1={k1}, i1={i1}, k2={k2}, i2={i2}")
Exception: Error: n=11, k=41, i=23, k1=1, i1=0, k2=40, i2=23
srun: error: compute069: task 0: Exited with exit code 1
Traceback (most recent call last):
  File "/home/ajherman/Graph/chromatic/clique_generator.py", line 336, in <module>
    raise Exception(f"Error: n={n}, k={k}, i={i}, k1={k1}, i1={i1}, k2={k2}, i2={i2}")
Exception: Error: n=11, k=42, i=24, k1=1, i1=0, k2=41, i2=24
srun: error: compute069: task 0: Exited with exit code 1
Traceback (most recent call last):
  File "/home/ajherman/Graph/chromatic/clique_generator.py", line 336, in <module>
    raise Exception(f"Error: n={n}, k={k}, i={i}, k1={k1}, i1={i1}, k2={k2}, i2={i2}")
Exception: Error: n=11, k=43, i=25, k1=1, i1=0, k2=42, i2=25
srun: error: compute069: task 0: Exited with exit code 1
Traceback (most recent call last):
  File "/home/ajherman/Graph/chromatic/clique_generator.py", line 336, in <module>
    raise Exception(f"Error: n={n}, k={k}, i={i}, k1={k1}, i1={i1}, k2={k2}, i2={i2}")
Exception: Error: n=11, k=44, i=26, k1=1, i1=0, k2=43, i2=26
srun: error: compute069: task 0: Exited with exit code 1
Traceback (most recent call last):
  File "/home/ajherman/Graph/chromatic/clique_generator.py", line 336, in <module>
    raise Exception(f"Error: n={n}, k={k}, i={i}, k1={k1}, i1={i1}, k2={k2}, i2={i2}")
Exception: Error: n=11, k=45, i=27, k1=1, i1=0, k2=44, i2=27
srun: error: compute069: task 0: Exited with exit code 1
Traceback (most recent call last):
  File "/home/ajherman/Graph/chromatic/clique_generator.py", line 336, in <module>
    raise Exception(f"Error: n={n}, k={k}, i={i}, k1={k1}, i1={i1}, k2={k2}, i2={i2}")
Exception: Error: n=11, k=46, i=28, k1=1, i1=0, k2=45, i2=28
srun: error: compute069: task 0: Exited with exit code 1
Traceback (most recent call last):
  File "/home/ajherman/Graph/chromatic/clique_generator.py", line 336, in <module>
    raise Exception(f"Error: n={n}, k={k}, i={i}, k1={k1}, i1={i1}, k2={k2}, i2={i2}")
Exception: Error: n=11, k=47, i=29, k1=1, i1=0, k2=46, i2=29
srun: error: compute069: task 0: Exited with exit code 1
Traceback (most recent call last):
  File "/home/ajherman/Graph/chromatic/clique_generator.py", line 336, in <module>
    raise Exception(f"Error: n={n}, k={k}, i={i}, k1={k1}, i1={i1}, k2={k2}, i2={i2}")
Exception: Error: n=11, k=48, i=30, k1=1, i1=0, k2=47, i2=30
srun: error: compute069: task 0: Exited with exit code 1
Traceback (most recent call last):
  File "/home/ajherman/Graph/chromatic/clique_generator.py", line 336, in <module>
    raise Exception(f"Error: n={n}, k={k}, i={i}, k1={k1}, i1={i1}, k2={k2}, i2={i2}")
Exception: Error: n=11, k=49, i=31, k1=1, i1=0, k2=48, i2=31
srun: error: compute069: task 0: Exited with exit code 1
Traceback (most recent call last):
  File "/home/ajherman/Graph/chromatic/clique_generator.py", line 336, in <module>
    raise Exception(f"Error: n={n}, k={k}, i={i}, k1={k1}, i1={i1}, k2={k2}, i2={i2}")
Exception: Error: n=11, k=50, i=32, k1=1, i1=0, k2=49, i2=32
srun: error: compute069: task 0: Exited with exit code 1
Traceback (most recent call last):
  File "/home/ajherman/Graph/chromatic/clique_generator.py", line 336, in <module>
    raise Exception(f"Error: n={n}, k={k}, i={i}, k1={k1}, i1={i1}, k2={k2}, i2={i2}")
Exception: Error: n=11, k=51, i=33, k1=1, i1=0, k2=50, i2=33
srun: error: compute069: task 0: Exited with exit code 1
Traceback (most recent call last):
  File "/home/ajherman/Graph/chromatic/clique_generator.py", line 336, in <module>
    raise Exception(f"Error: n={n}, k={k}, i={i}, k1={k1}, i1={i1}, k2={k2}, i2={i2}")
Exception: Error: n=11, k=52, i=34, k1=1, i1=0, k2=51, i2=34
srun: error: compute069: task 0: Exited with exit code 1
Traceback (most recent call last):
  File "/home/ajherman/Graph/chromatic/clique_generator.py", line 336, in <module>
    raise Exception(f"Error: n={n}, k={k}, i={i}, k1={k1}, i1={i1}, k2={k2}, i2={i2}")
Exception: Error: n=11, k=53, i=35, k1=1, i1=0, k2=52, i2=35
srun: error: compute069: task 0: Exited with exit code 1
Traceback (most recent call last):
  File "/home/ajherman/Graph/chromatic/clique_generator.py", line 336, in <module>
    raise Exception(f"Error: n={n}, k={k}, i={i}, k1={k1}, i1={i1}, k2={k2}, i2={i2}")
Exception: Error: n=11, k=54, i=36, k1=1, i1=0, k2=53, i2=36
srun: error: compute069: task 0: Exited with exit code 1
Traceback (most recent call last):
  File "/home/ajherman/Graph/chromatic/clique_generator.py", line 336, in <module>
    raise Exception(f"Error: n={n}, k={k}, i={i}, k1={k1}, i1={i1}, k2={k2}, i2={i2}")
Exception: Error: n=11, k=55, i=37, k1=1, i1=0, k2=54, i2=37
srun: error: compute069: task 0: Exited with exit code 1
Traceback (most recent call last):
  File "/home/ajherman/Graph/chromatic/clique_generator.py", line 336, in <module>
    raise Exception(f"Error: n={n}, k={k}, i={i}, k1={k1}, i1={i1}, k2={k2}, i2={i2}")
Exception: Error: n=11, k=56, i=38, k1=1, i1=0, k2=55, i2=38
srun: error: compute069: task 0: Exited with exit code 1
Traceback (most recent call last):
  File "/home/ajherman/Graph/chromatic/clique_generator.py", line 336, in <module>
    raise Exception(f"Error: n={n}, k={k}, i={i}, k1={k1}, i1={i1}, k2={k2}, i2={i2}")
Exception: Error: n=11, k=57, i=39, k1=1, i1=0, k2=56, i2=39
srun: error: compute069: task 0: Exited with exit code 1
Traceback (most recent call last):
  File "/home/ajherman/Graph/chromatic/clique_generator.py", line 336, in <module>
    raise Exception(f"Error: n={n}, k={k}, i={i}, k1={k1}, i1={i1}, k2={k2}, i2={i2}")
Exception: Error: n=11, k=58, i=40, k1=1, i1=0, k2=57, i2=40
srun: error: compute069: task 0: Exited with exit code 1
Traceback (most recent call last):
  File "/home/ajherman/Graph/chromatic/clique_generator.py", line 336, in <module>
    raise Exception(f"Error: n={n}, k={k}, i={i}, k1={k1}, i1={i1}, k2={k2}, i2={i2}")
Exception: Error: n=11, k=21, i=2, k1=1, i1=0, k2=20, i2=2
srun: error: compute069: task 0: Exited with exit code 1
Traceback (most recent call last):
  File "/home/ajherman/Graph/chromatic/clique_generator.py", line 336, in <module>
    raise Exception(f"Error: n={n}, k={k}, i={i}, k1={k1}, i1={i1}, k2={k2}, i2={i2}")
Exception: Error: n=11, k=22, i=3, k1=1, i1=0, k2=21, i2=3
srun: error: compute069: task 0: Exited with exit code 1
Traceback (most recent call last):
  File "/home/ajherman/Graph/chromatic/clique_generator.py", line 336, in <module>
    raise Exception(f"Error: n={n}, k={k}, i={i}, k1={k1}, i1={i1}, k2={k2}, i2={i2}")
Exception: Error: n=11, k=23, i=4, k1=1, i1=0, k2=22, i2=4
srun: error: compute069: task 0: Exited with exit code 1
Traceback (most recent call last):
  File "/home/ajherman/Graph/chromatic/clique_generator.py", line 336, in <module>
    raise Exception(f"Error: n={n}, k={k}, i={i}, k1={k1}, i1={i1}, k2={k2}, i2={i2}")
Exception: Error: n=11, k=24, i=5, k1=1, i1=0, k2=23, i2=5
srun: error: compute069: task 0: Exited with exit code 1
Traceback (most recent call last):
  File "/home/ajherman/Graph/chromatic/clique_generator.py", line 336, in <module>
    raise Exception(f"Error: n={n}, k={k}, i={i}, k1={k1}, i1={i1}, k2={k2}, i2={i2}")
Exception: Error: n=11, k=25, i=6, k1=1, i1=0, k2=24, i2=6
srun: error: compute069: task 0: Exited with exit code 1
Traceback (most recent call last):
  File "/home/ajherman/Graph/chromatic/clique_generator.py", line 336, in <module>
    raise Exception(f"Error: n={n}, k={k}, i={i}, k1={k1}, i1={i1}, k2={k2}, i2={i2}")
Exception: Error: n=11, k=26, i=7, k1=1, i1=0, k2=25, i2=7
srun: error: compute069: task 0: Exited with exit code 1
Traceback (most recent call last):
  File "/home/ajherman/Graph/chromatic/clique_generator.py", line 336, in <module>
    raise Exception(f"Error: n={n}, k={k}, i={i}, k1={k1}, i1={i1}, k2={k2}, i2={i2}")
Exception: Error: n=11, k=27, i=8, k1=1, i1=0, k2=26, i2=8
srun: error: compute069: task 0: Exited with exit code 1
Traceback (most recent call last):
  File "/home/ajherman/Graph/chromatic/clique_generator.py", line 336, in <module>
    raise Exception(f"Error: n={n}, k={k}, i={i}, k1={k1}, i1={i1}, k2={k2}, i2={i2}")
Exception: Error: n=11, k=28, i=9, k1=1, i1=0, k2=27, i2=9
srun: error: compute069: task 0: Exited with exit code 1
Traceback (most recent call last):
  File "/home/ajherman/Graph/chromatic/clique_generator.py", line 336, in <module>
    raise Exception(f"Error: n={n}, k={k}, i={i}, k1={k1}, i1={i1}, k2={k2}, i2={i2}")
Exception: Error: n=11, k=29, i=10, k1=1, i1=0, k2=28, i2=10
srun: error: compute069: task 0: Exited with exit code 1
Traceback (most recent call last):
  File "/home/ajherman/Graph/chromatic/clique_generator.py", line 336, in <module>
    raise Exception(f"Error: n={n}, k={k}, i={i}, k1={k1}, i1={i1}, k2={k2}, i2={i2}")
Exception: Error: n=11, k=30, i=11, k1=1, i1=0, k2=29, i2=11
srun: error: compute069: task 0: Exited with exit code 1
Traceback (most recent call last):
  File "/home/ajherman/Graph/chromatic/clique_generator.py", line 336, in <module>
    raise Exception(f"Error: n={n}, k={k}, i={i}, k1={k1}, i1={i1}, k2={k2}, i2={i2}")
Exception: Error: n=11, k=31, i=12, k1=1, i1=0, k2=30, i2=12
srun: error: compute069: task 0: Exited with exit code 1
Traceback (most recent call last):
  File "/home/ajherman/Graph/chromatic/clique_generator.py", line 336, in <module>
    raise Exception(f"Error: n={n}, k={k}, i={i}, k1={k1}, i1={i1}, k2={k2}, i2={i2}")
Exception: Error: n=11, k=32, i=13, k1=1, i1=0, k2=31, i2=13
srun: error: compute069: task 0: Exited with exit code 1
Traceback (most recent call last):
  File "/home/ajherman/Graph/chromatic/clique_generator.py", line 336, in <module>
    raise Exception(f"Error: n={n}, k={k}, i={i}, k1={k1}, i1={i1}, k2={k2}, i2={i2}")
Exception: Error: n=11, k=33, i=14, k1=1, i1=0, k2=32, i2=14
srun: error: compute069: task 0: Exited with exit code 1
Traceback (most recent call last):
  File "/home/ajherman/Graph/chromatic/clique_generator.py", line 336, in <module>
    raise Exception(f"Error: n={n}, k={k}, i={i}, k1={k1}, i1={i1}, k2={k2}, i2={i2}")
Exception: Error: n=11, k=34, i=15, k1=1, i1=0, k2=33, i2=15
srun: error: compute069: task 0: Exited with exit code 1
Traceback (most recent call last):
  File "/home/ajherman/Graph/chromatic/clique_generator.py", line 336, in <module>
    raise Exception(f"Error: n={n}, k={k}, i={i}, k1={k1}, i1={i1}, k2={k2}, i2={i2}")
Exception: Error: n=11, k=35, i=16, k1=1, i1=0, k2=34, i2=16
srun: error: compute069: task 0: Exited with exit code 1
Traceback (most recent call last):
  File "/home/ajherman/Graph/chromatic/clique_generator.py", line 336, in <module>
    raise Exception(f"Error: n={n}, k={k}, i={i}, k1={k1}, i1={i1}, k2={k2}, i2={i2}")
Exception: Error: n=11, k=36, i=17, k1=1, i1=0, k2=35, i2=17
srun: error: compute069: task 0: Exited with exit code 1
Traceback (most recent call last):
  File "/home/ajherman/Graph/chromatic/clique_generator.py", line 336, in <module>
    raise Exception(f"Error: n={n}, k={k}, i={i}, k1={k1}, i1={i1}, k2={k2}, i2={i2}")
Exception: Error: n=11, k=37, i=18, k1=1, i1=0, k2=36, i2=18
srun: error: compute069: task 0: Exited with exit code 1
Traceback (most recent call last):
  File "/home/ajherman/Graph/chromatic/clique_generator.py", line 336, in <module>
    raise Exception(f"Error: n={n}, k={k}, i={i}, k1={k1}, i1={i1}, k2={k2}, i2={i2}")
Exception: Error: n=11, k=38, i=19, k1=1, i1=0, k2=37, i2=19
srun: error: compute069: task 0: Exited with exit code 1
Traceback (most recent call last):
  File "/home/ajherman/Graph/chromatic/clique_generator.py", line 336, in <module>
    raise Exception(f"Error: n={n}, k={k}, i={i}, k1={k1}, i1={i1}, k2={k2}, i2={i2}")
Exception: Error: n=11, k=39, i=20, k1=1, i1=0, k2=38, i2=20
srun: error: compute069: task 0: Exited with exit code 1
Traceback (most recent call last):
  File "/home/ajherman/Graph/chromatic/clique_generator.py", line 336, in <module>
    raise Exception(f"Error: n={n}, k={k}, i={i}, k1={k1}, i1={i1}, k2={k2}, i2={i2}")
Exception: Error: n=11, k=40, i=21, k1=1, i1=0, k2=39, i2=21
srun: error: compute069: task 0: Exited with exit code 1
Traceback (most recent call last):
  File "/home/ajherman/Graph/chromatic/clique_generator.py", line 336, in <module>
    raise Exception(f"Error: n={n}, k={k}, i={i}, k1={k1}, i1={i1}, k2={k2}, i2={i2}")
Exception: Error: n=11, k=41, i=22, k1=1, i1=0, k2=40, i2=22
srun: error: compute069: task 0: Exited with exit code 1
Traceback (most recent call last):
  File "/home/ajherman/Graph/chromatic/clique_generator.py", line 336, in <module>
    raise Exception(f"Error: n={n}, k={k}, i={i}, k1={k1}, i1={i1}, k2={k2}, i2={i2}")
Exception: Error: n=11, k=42, i=23, k1=1, i1=0, k2=41, i2=23
srun: error: compute069: task 0: Exited with exit code 1
Traceback (most recent call last):
  File "/home/ajherman/Graph/chromatic/clique_generator.py", line 336, in <module>
    raise Exception(f"Error: n={n}, k={k}, i={i}, k1={k1}, i1={i1}, k2={k2}, i2={i2}")
Exception: Error: n=11, k=43, i=24, k1=1, i1=0, k2=42, i2=24
srun: error: compute069: task 0: Exited with exit code 1
Traceback (most recent call last):
  File "/home/ajherman/Graph/chromatic/clique_generator.py", line 336, in <module>
    raise Exception(f"Error: n={n}, k={k}, i={i}, k1={k1}, i1={i1}, k2={k2}, i2={i2}")
Exception: Error: n=11, k=44, i=25, k1=1, i1=0, k2=43, i2=25
srun: error: compute069: task 0: Exited with exit code 1
Traceback (most recent call last):
  File "/home/ajherman/Graph/chromatic/clique_generator.py", line 336, in <module>
    raise Exception(f"Error: n={n}, k={k}, i={i}, k1={k1}, i1={i1}, k2={k2}, i2={i2}")
Exception: Error: n=11, k=45, i=26, k1=1, i1=0, k2=44, i2=26
srun: error: compute069: task 0: Exited with exit code 1
Traceback (most recent call last):
  File "/home/ajherman/Graph/chromatic/clique_generator.py", line 336, in <module>
    raise Exception(f"Error: n={n}, k={k}, i={i}, k1={k1}, i1={i1}, k2={k2}, i2={i2}")
Exception: Error: n=11, k=46, i=27, k1=1, i1=0, k2=45, i2=27
srun: error: compute069: task 0: Exited with exit code 1
Traceback (most recent call last):
  File "/home/ajherman/Graph/chromatic/clique_generator.py", line 336, in <module>
    raise Exception(f"Error: n={n}, k={k}, i={i}, k1={k1}, i1={i1}, k2={k2}, i2={i2}")
Exception: Error: n=11, k=47, i=28, k1=1, i1=0, k2=46, i2=28
srun: error: compute069: task 0: Exited with exit code 1
Traceback (most recent call last):
  File "/home/ajherman/Graph/chromatic/clique_generator.py", line 336, in <module>
    raise Exception(f"Error: n={n}, k={k}, i={i}, k1={k1}, i1={i1}, k2={k2}, i2={i2}")
Exception: Error: n=11, k=48, i=29, k1=1, i1=0, k2=47, i2=29
srun: error: compute069: task 0: Exited with exit code 1
Traceback (most recent call last):
  File "/home/ajherman/Graph/chromatic/clique_generator.py", line 336, in <module>
    raise Exception(f"Error: n={n}, k={k}, i={i}, k1={k1}, i1={i1}, k2={k2}, i2={i2}")
Exception: Error: n=11, k=49, i=30, k1=1, i1=0, k2=48, i2=30
srun: error: compute069: task 0: Exited with exit code 1
Traceback (most recent call last):
  File "/home/ajherman/Graph/chromatic/clique_generator.py", line 336, in <module>
    raise Exception(f"Error: n={n}, k={k}, i={i}, k1={k1}, i1={i1}, k2={k2}, i2={i2}")
Exception: Error: n=11, k=50, i=31, k1=1, i1=0, k2=49, i2=31
srun: error: compute069: task 0: Exited with exit code 1
Traceback (most recent call last):
  File "/home/ajherman/Graph/chromatic/clique_generator.py", line 336, in <module>
    raise Exception(f"Error: n={n}, k={k}, i={i}, k1={k1}, i1={i1}, k2={k2}, i2={i2}")
Exception: Error: n=11, k=51, i=32, k1=1, i1=0, k2=50, i2=32
srun: error: compute069: task 0: Exited with exit code 1
Traceback (most recent call last):
  File "/home/ajherman/Graph/chromatic/clique_generator.py", line 336, in <module>
    raise Exception(f"Error: n={n}, k={k}, i={i}, k1={k1}, i1={i1}, k2={k2}, i2={i2}")
Exception: Error: n=11, k=52, i=33, k1=1, i1=0, k2=51, i2=33
srun: error: compute069: task 0: Exited with exit code 1
Traceback (most recent call last):
  File "/home/ajherman/Graph/chromatic/clique_generator.py", line 336, in <module>
    raise Exception(f"Error: n={n}, k={k}, i={i}, k1={k1}, i1={i1}, k2={k2}, i2={i2}")
Exception: Error: n=11, k=53, i=34, k1=1, i1=0, k2=52, i2=34
srun: error: compute069: task 0: Exited with exit code 1
Traceback (most recent call last):
  File "/home/ajherman/Graph/chromatic/clique_generator.py", line 336, in <module>
    raise Exception(f"Error: n={n}, k={k}, i={i}, k1={k1}, i1={i1}, k2={k2}, i2={i2}")
Exception: Error: n=11, k=54, i=35, k1=1, i1=0, k2=53, i2=35
srun: error: compute069: task 0: Exited with exit code 1
Traceback (most recent call last):
  File "/home/ajherman/Graph/chromatic/clique_generator.py", line 336, in <module>
    raise Exception(f"Error: n={n}, k={k}, i={i}, k1={k1}, i1={i1}, k2={k2}, i2={i2}")
Exception: Error: n=11, k=55, i=36, k1=1, i1=0, k2=54, i2=36
srun: error: compute069: task 0: Exited with exit code 1
Traceback (most recent call last):
  File "/home/ajherman/Graph/chromatic/clique_generator.py", line 336, in <module>
    raise Exception(f"Error: n={n}, k={k}, i={i}, k1={k1}, i1={i1}, k2={k2}, i2={i2}")
Exception: Error: n=11, k=56, i=37, k1=1, i1=0, k2=55, i2=37
srun: error: compute069: task 0: Exited with exit code 1
Traceback (most recent call last):
  File "/home/ajherman/Graph/chromatic/clique_generator.py", line 336, in <module>
    raise Exception(f"Error: n={n}, k={k}, i={i}, k1={k1}, i1={i1}, k2={k2}, i2={i2}")
Exception: Error: n=11, k=57, i=38, k1=1, i1=0, k2=56, i2=38
srun: error: compute069: task 0: Exited with exit code 1
Traceback (most recent call last):
  File "/home/ajherman/Graph/chromatic/clique_generator.py", line 336, in <module>
    raise Exception(f"Error: n={n}, k={k}, i={i}, k1={k1}, i1={i1}, k2={k2}, i2={i2}")
Exception: Error: n=11, k=58, i=39, k1=1, i1=0, k2=57, i2=39
srun: error: compute069: task 0: Exited with exit code 1
Traceback (most recent call last):
  File "/home/ajherman/Graph/chromatic/clique_generator.py", line 336, in <module>
    raise Exception(f"Error: n={n}, k={k}, i={i}, k1={k1}, i1={i1}, k2={k2}, i2={i2}")
Exception: Error: n=11, k=59, i=40, k1=1, i1=0, k2=58, i2=40
srun: error: compute069: task 0: Exited with exit code 1
Traceback (most recent call last):
  File "/home/ajherman/Graph/chromatic/clique_generator.py", line 336, in <module>
    raise Exception(f"Error: n={n}, k={k}, i={i}, k1={k1}, i1={i1}, k2={k2}, i2={i2}")
Exception: Error: n=11, k=22, i=2, k1=1, i1=0, k2=21, i2=2
srun: error: compute069: task 0: Exited with exit code 1
Traceback (most recent call last):
  File "/home/ajherman/Graph/chromatic/clique_generator.py", line 336, in <module>
    raise Exception(f"Error: n={n}, k={k}, i={i}, k1={k1}, i1={i1}, k2={k2}, i2={i2}")
Exception: Error: n=11, k=23, i=3, k1=1, i1=0, k2=22, i2=3
srun: error: compute069: task 0: Exited with exit code 1
Traceback (most recent call last):
  File "/home/ajherman/Graph/chromatic/clique_generator.py", line 336, in <module>
    raise Exception(f"Error: n={n}, k={k}, i={i}, k1={k1}, i1={i1}, k2={k2}, i2={i2}")
Exception: Error: n=11, k=24, i=4, k1=1, i1=0, k2=23, i2=4
srun: error: compute069: task 0: Exited with exit code 1
Traceback (most recent call last):
  File "/home/ajherman/Graph/chromatic/clique_generator.py", line 336, in <module>
    raise Exception(f"Error: n={n}, k={k}, i={i}, k1={k1}, i1={i1}, k2={k2}, i2={i2}")
Exception: Error: n=11, k=25, i=5, k1=1, i1=0, k2=24, i2=5
srun: error: compute069: task 0: Exited with exit code 1
Traceback (most recent call last):
  File "/home/ajherman/Graph/chromatic/clique_generator.py", line 336, in <module>
    raise Exception(f"Error: n={n}, k={k}, i={i}, k1={k1}, i1={i1}, k2={k2}, i2={i2}")
Exception: Error: n=11, k=26, i=6, k1=1, i1=0, k2=25, i2=6
srun: error: compute069: task 0: Exited with exit code 1
Traceback (most recent call last):
  File "/home/ajherman/Graph/chromatic/clique_generator.py", line 336, in <module>
    raise Exception(f"Error: n={n}, k={k}, i={i}, k1={k1}, i1={i1}, k2={k2}, i2={i2}")
Exception: Error: n=11, k=27, i=7, k1=1, i1=0, k2=26, i2=7
srun: error: compute069: task 0: Exited with exit code 1
Traceback (most recent call last):
  File "/home/ajherman/Graph/chromatic/clique_generator.py", line 336, in <module>
    raise Exception(f"Error: n={n}, k={k}, i={i}, k1={k1}, i1={i1}, k2={k2}, i2={i2}")
Exception: Error: n=11, k=28, i=8, k1=1, i1=0, k2=27, i2=8
srun: error: compute069: task 0: Exited with exit code 1
Traceback (most recent call last):
  File "/home/ajherman/Graph/chromatic/clique_generator.py", line 336, in <module>
    raise Exception(f"Error: n={n}, k={k}, i={i}, k1={k1}, i1={i1}, k2={k2}, i2={i2}")
Exception: Error: n=11, k=29, i=9, k1=1, i1=0, k2=28, i2=9
srun: error: compute069: task 0: Exited with exit code 1
Traceback (most recent call last):
  File "/home/ajherman/Graph/chromatic/clique_generator.py", line 336, in <module>
    raise Exception(f"Error: n={n}, k={k}, i={i}, k1={k1}, i1={i1}, k2={k2}, i2={i2}")
Exception: Error: n=11, k=30, i=10, k1=1, i1=0, k2=29, i2=10
srun: error: compute069: task 0: Exited with exit code 1
Traceback (most recent call last):
  File "/home/ajherman/Graph/chromatic/clique_generator.py", line 336, in <module>
    raise Exception(f"Error: n={n}, k={k}, i={i}, k1={k1}, i1={i1}, k2={k2}, i2={i2}")
Exception: Error: n=11, k=31, i=11, k1=1, i1=0, k2=30, i2=11
srun: error: compute069: task 0: Exited with exit code 1
Traceback (most recent call last):
  File "/home/ajherman/Graph/chromatic/clique_generator.py", line 336, in <module>
    raise Exception(f"Error: n={n}, k={k}, i={i}, k1={k1}, i1={i1}, k2={k2}, i2={i2}")
Exception: Error: n=11, k=32, i=12, k1=1, i1=0, k2=31, i2=12
srun: error: compute069: task 0: Exited with exit code 1
Traceback (most recent call last):
  File "/home/ajherman/Graph/chromatic/clique_generator.py", line 336, in <module>
    raise Exception(f"Error: n={n}, k={k}, i={i}, k1={k1}, i1={i1}, k2={k2}, i2={i2}")
Exception: Error: n=11, k=33, i=13, k1=1, i1=0, k2=32, i2=13
srun: error: compute069: task 0: Exited with exit code 1
Traceback (most recent call last):
  File "/home/ajherman/Graph/chromatic/clique_generator.py", line 336, in <module>
    raise Exception(f"Error: n={n}, k={k}, i={i}, k1={k1}, i1={i1}, k2={k2}, i2={i2}")
Exception: Error: n=11, k=34, i=14, k1=1, i1=0, k2=33, i2=14
srun: error: compute069: task 0: Exited with exit code 1
Traceback (most recent call last):
  File "/home/ajherman/Graph/chromatic/clique_generator.py", line 336, in <module>
    raise Exception(f"Error: n={n}, k={k}, i={i}, k1={k1}, i1={i1}, k2={k2}, i2={i2}")
Exception: Error: n=11, k=35, i=15, k1=1, i1=0, k2=34, i2=15
srun: error: compute069: task 0: Exited with exit code 1
Traceback (most recent call last):
  File "/home/ajherman/Graph/chromatic/clique_generator.py", line 336, in <module>
    raise Exception(f"Error: n={n}, k={k}, i={i}, k1={k1}, i1={i1}, k2={k2}, i2={i2}")
Exception: Error: n=11, k=36, i=16, k1=1, i1=0, k2=35, i2=16
srun: error: compute069: task 0: Exited with exit code 1
Traceback (most recent call last):
  File "/home/ajherman/Graph/chromatic/clique_generator.py", line 336, in <module>
    raise Exception(f"Error: n={n}, k={k}, i={i}, k1={k1}, i1={i1}, k2={k2}, i2={i2}")
Exception: Error: n=11, k=37, i=17, k1=1, i1=0, k2=36, i2=17
srun: error: compute069: task 0: Exited with exit code 1
Traceback (most recent call last):
  File "/home/ajherman/Graph/chromatic/clique_generator.py", line 336, in <module>
    raise Exception(f"Error: n={n}, k={k}, i={i}, k1={k1}, i1={i1}, k2={k2}, i2={i2}")
Exception: Error: n=11, k=38, i=18, k1=1, i1=0, k2=37, i2=18
srun: error: compute069: task 0: Exited with exit code 1
Traceback (most recent call last):
  File "/home/ajherman/Graph/chromatic/clique_generator.py", line 336, in <module>
    raise Exception(f"Error: n={n}, k={k}, i={i}, k1={k1}, i1={i1}, k2={k2}, i2={i2}")
Exception: Error: n=11, k=39, i=19, k1=1, i1=0, k2=38, i2=19
srun: error: compute069: task 0: Exited with exit code 1
Traceback (most recent call last):
  File "/home/ajherman/Graph/chromatic/clique_generator.py", line 336, in <module>
    raise Exception(f"Error: n={n}, k={k}, i={i}, k1={k1}, i1={i1}, k2={k2}, i2={i2}")
Exception: Error: n=11, k=40, i=20, k1=1, i1=0, k2=39, i2=20
srun: error: compute069: task 0: Exited with exit code 1
Traceback (most recent call last):
  File "/home/ajherman/Graph/chromatic/clique_generator.py", line 336, in <module>
    raise Exception(f"Error: n={n}, k={k}, i={i}, k1={k1}, i1={i1}, k2={k2}, i2={i2}")
Exception: Error: n=11, k=41, i=21, k1=1, i1=0, k2=40, i2=21
srun: error: compute069: task 0: Exited with exit code 1
Traceback (most recent call last):
  File "/home/ajherman/Graph/chromatic/clique_generator.py", line 336, in <module>
    raise Exception(f"Error: n={n}, k={k}, i={i}, k1={k1}, i1={i1}, k2={k2}, i2={i2}")
Exception: Error: n=11, k=42, i=22, k1=1, i1=0, k2=41, i2=22
srun: error: compute069: task 0: Exited with exit code 1
Traceback (most recent call last):
  File "/home/ajherman/Graph/chromatic/clique_generator.py", line 336, in <module>
    raise Exception(f"Error: n={n}, k={k}, i={i}, k1={k1}, i1={i1}, k2={k2}, i2={i2}")
Exception: Error: n=11, k=43, i=23, k1=1, i1=0, k2=42, i2=23
srun: error: compute069: task 0: Exited with exit code 1
Traceback (most recent call last):
  File "/home/ajherman/Graph/chromatic/clique_generator.py", line 336, in <module>
    raise Exception(f"Error: n={n}, k={k}, i={i}, k1={k1}, i1={i1}, k2={k2}, i2={i2}")
Exception: Error: n=11, k=44, i=24, k1=1, i1=0, k2=43, i2=24
srun: error: compute069: task 0: Exited with exit code 1
Traceback (most recent call last):
  File "/home/ajherman/Graph/chromatic/clique_generator.py", line 336, in <module>
    raise Exception(f"Error: n={n}, k={k}, i={i}, k1={k1}, i1={i1}, k2={k2}, i2={i2}")
Exception: Error: n=11, k=45, i=25, k1=1, i1=0, k2=44, i2=25
srun: error: compute069: task 0: Exited with exit code 1
Traceback (most recent call last):
  File "/home/ajherman/Graph/chromatic/clique_generator.py", line 336, in <module>
    raise Exception(f"Error: n={n}, k={k}, i={i}, k1={k1}, i1={i1}, k2={k2}, i2={i2}")
Exception: Error: n=11, k=46, i=26, k1=1, i1=0, k2=45, i2=26
srun: error: compute069: task 0: Exited with exit code 1
Traceback (most recent call last):
  File "/home/ajherman/Graph/chromatic/clique_generator.py", line 336, in <module>
    raise Exception(f"Error: n={n}, k={k}, i={i}, k1={k1}, i1={i1}, k2={k2}, i2={i2}")
Exception: Error: n=11, k=47, i=27, k1=1, i1=0, k2=46, i2=27
srun: error: compute069: task 0: Exited with exit code 1
Traceback (most recent call last):
  File "/home/ajherman/Graph/chromatic/clique_generator.py", line 336, in <module>
    raise Exception(f"Error: n={n}, k={k}, i={i}, k1={k1}, i1={i1}, k2={k2}, i2={i2}")
Exception: Error: n=11, k=48, i=28, k1=1, i1=0, k2=47, i2=28
srun: error: compute069: task 0: Exited with exit code 1
Traceback (most recent call last):
  File "/home/ajherman/Graph/chromatic/clique_generator.py", line 336, in <module>
    raise Exception(f"Error: n={n}, k={k}, i={i}, k1={k1}, i1={i1}, k2={k2}, i2={i2}")
Exception: Error: n=11, k=49, i=29, k1=1, i1=0, k2=48, i2=29
srun: error: compute069: task 0: Exited with exit code 1
Traceback (most recent call last):
  File "/home/ajherman/Graph/chromatic/clique_generator.py", line 336, in <module>
    raise Exception(f"Error: n={n}, k={k}, i={i}, k1={k1}, i1={i1}, k2={k2}, i2={i2}")
Exception: Error: n=11, k=50, i=30, k1=1, i1=0, k2=49, i2=30
srun: error: compute069: task 0: Exited with exit code 1
Traceback (most recent call last):
  File "/home/ajherman/Graph/chromatic/clique_generator.py", line 336, in <module>
    raise Exception(f"Error: n={n}, k={k}, i={i}, k1={k1}, i1={i1}, k2={k2}, i2={i2}")
Exception: Error: n=11, k=51, i=31, k1=1, i1=0, k2=50, i2=31
srun: error: compute069: task 0: Exited with exit code 1
Traceback (most recent call last):
  File "/home/ajherman/Graph/chromatic/clique_generator.py", line 336, in <module>
    raise Exception(f"Error: n={n}, k={k}, i={i}, k1={k1}, i1={i1}, k2={k2}, i2={i2}")
Exception: Error: n=11, k=52, i=32, k1=1, i1=0, k2=51, i2=32
srun: error: compute069: task 0: Exited with exit code 1
Traceback (most recent call last):
  File "/home/ajherman/Graph/chromatic/clique_generator.py", line 336, in <module>
    raise Exception(f"Error: n={n}, k={k}, i={i}, k1={k1}, i1={i1}, k2={k2}, i2={i2}")
Exception: Error: n=11, k=53, i=33, k1=1, i1=0, k2=52, i2=33
srun: error: compute069: task 0: Exited with exit code 1
Traceback (most recent call last):
  File "/home/ajherman/Graph/chromatic/clique_generator.py", line 336, in <module>
    raise Exception(f"Error: n={n}, k={k}, i={i}, k1={k1}, i1={i1}, k2={k2}, i2={i2}")
Exception: Error: n=11, k=54, i=34, k1=1, i1=0, k2=53, i2=34
srun: error: compute069: task 0: Exited with exit code 1
Traceback (most recent call last):
  File "/home/ajherman/Graph/chromatic/clique_generator.py", line 336, in <module>
    raise Exception(f"Error: n={n}, k={k}, i={i}, k1={k1}, i1={i1}, k2={k2}, i2={i2}")
Exception: Error: n=11, k=55, i=35, k1=1, i1=0, k2=54, i2=35
srun: error: compute069: task 0: Exited with exit code 1
Traceback (most recent call last):
  File "/home/ajherman/Graph/chromatic/clique_generator.py", line 336, in <module>
    raise Exception(f"Error: n={n}, k={k}, i={i}, k1={k1}, i1={i1}, k2={k2}, i2={i2}")
Exception: Error: n=11, k=56, i=36, k1=1, i1=0, k2=55, i2=36
srun: error: compute069: task 0: Exited with exit code 1
Traceback (most recent call last):
  File "/home/ajherman/Graph/chromatic/clique_generator.py", line 336, in <module>
    raise Exception(f"Error: n={n}, k={k}, i={i}, k1={k1}, i1={i1}, k2={k2}, i2={i2}")
Exception: Error: n=11, k=57, i=37, k1=1, i1=0, k2=56, i2=37
srun: error: compute069: task 0: Exited with exit code 1
Traceback (most recent call last):
  File "/home/ajherman/Graph/chromatic/clique_generator.py", line 336, in <module>
    raise Exception(f"Error: n={n}, k={k}, i={i}, k1={k1}, i1={i1}, k2={k2}, i2={i2}")
Exception: Error: n=11, k=58, i=38, k1=1, i1=0, k2=57, i2=38
srun: error: compute069: task 0: Exited with exit code 1
Traceback (most recent call last):
  File "/home/ajherman/Graph/chromatic/clique_generator.py", line 336, in <module>
    raise Exception(f"Error: n={n}, k={k}, i={i}, k1={k1}, i1={i1}, k2={k2}, i2={i2}")
Exception: Error: n=11, k=59, i=39, k1=1, i1=0, k2=58, i2=39
srun: error: compute069: task 0: Exited with exit code 1
Traceback (most recent call last):
  File "/home/ajherman/Graph/chromatic/clique_generator.py", line 336, in <module>
    raise Exception(f"Error: n={n}, k={k}, i={i}, k1={k1}, i1={i1}, k2={k2}, i2={i2}")
Exception: Error: n=11, k=60, i=40, k1=1, i1=0, k2=59, i2=40
srun: error: compute069: task 0: Exited with exit code 1
slurmstepd: error: Detected 1 oom_kill event in StepId=6202617.0. Some of the step tasks have been OOM Killed.
srun: error: compute043: task 0: Out Of Memory
slurmstepd: error: Detected 1 oom_kill event in StepId=6202696.0. Some of the step tasks have been OOM Killed.
srun: error: compute069: task 0: Out Of Memory
srun: Job step aborted: Waiting up to 32 seconds for job step to finish.
slurmstepd: error: *** STEP 6203164.207 ON compute086 CANCELLED AT 2025-03-22T11:17:08 ***
srun: Job step aborted: Waiting up to 32 seconds for job step to finish.
slurmstepd: error: *** STEP 6203470.75 ON compute066 CANCELLED AT 2025-03-22T11:19:48 ***
(null): _log_init: Unable to open logfile `/var/log/slurm/slurmd.log': No such file or directory
(null): _log_init: Unable to open logfile `/var/log/slurm/slurmd.log': No such file or directory
(null): _log_init: Unable to open logfile `/var/log/slurm/slurmd.log': No such file or directory
srun: Job step aborted: Waiting up to 32 seconds for job step to finish.
slurmstepd: error: *** STEP 6203471.90 ON compute066 CANCELLED AT 2025-03-29T11:20:18 DUE TO TIME LIMIT ***
(null): _log_init: Unable to open logfile `/var/log/slurm/slurmd.log': No such file or directory
(null): _log_init: Unable to open logfile `/var/log/slurm/slurmd.log': No such file or directory
(null): _log_init: Unable to open logfile `/var/log/slurm/slurmd.log': No such file or directory
(null): _log_init: Unable to open logfile `/var/log/slurm/slurmd.log': No such file or directory
srun: Job step aborted: Waiting up to 32 seconds for job step to finish.
slurmstepd: error: *** STEP 6204853.124 ON compute090 CANCELLED AT 2025-04-18T12:46:09 DUE TO TIME LIMIT ***
