
Working on n=11, k=01, i=01
Loading data from clique_data.json
Already computed.

Working on n=11, k=02, i=02
Loading data from clique_data.json
Already computed.

Working on n=11, k=03, i=03
Loading data from clique_data.json
Already computed.

Working on n=11, k=04, i=04
Loading data from clique_data.json
Already computed.

Working on n=11, k=05, i=05
Loading data from clique_data.json
Already computed.

Working on n=11, k=06, i=06
Loading data from clique_data.json
Already computed.

Working on n=11, k=07, i=07
Loading data from clique_data.json
Already computed.

Working on n=11, k=08, i=08
Loading data from clique_data.json
Already computed.

Working on n=11, k=09, i=09
Loading data from clique_data.json
Already computed.

Working on n=11, k=10, i=10
Loading data from clique_data.json
Already computed.

Working on n=11, k=11, i=11
Loading data from clique_data.json
Already computed.

Working on n=11, k=12, i=12
Loading data from clique_data.json
Already computed.

Working on n=11, k=13, i=13
Loading data from clique_data.json
Already computed.

Working on n=11, k=14, i=14
Loading data from clique_data.json
Already computed.

Working on n=11, k=15, i=15
Loading data from clique_data.json
Already computed.

Working on n=11, k=16, i=16
Loading data from clique_data.json
Already computed.

Working on n=11, k=17, i=17
Loading data from clique_data.json
Already computed.

Working on n=11, k=18, i=18
Loading data from clique_data.json
Already computed.

Working on n=11, k=19, i=19
Loading data from clique_data.json
Already computed.

Working on n=11, k=20, i=20
Loading data from clique_data.json
Already computed.

Working on n=11, k=21, i=21
Loading data from clique_data.json
Already computed.

Working on n=11, k=22, i=22
Loading data from clique_data.json
Already computed.

Working on n=11, k=23, i=23
Loading data from clique_data.json
Already computed.

Working on n=11, k=24, i=24
Loading data from clique_data.json
Already computed.

Working on n=11, k=25, i=25
Loading data from clique_data.json
Already computed.

Working on n=11, k=26, i=26
Loading data from clique_data.json
Already computed.

Working on n=11, k=27, i=27
Loading data from clique_data.json
Already computed.

Working on n=11, k=28, i=28
Loading data from clique_data.json
Already computed.

Working on n=11, k=29, i=29
Loading data from clique_data.json
Already computed.

Working on n=11, k=30, i=30
Loading data from clique_data.json
Already computed.

Working on n=11, k=31, i=31
Loading data from clique_data.json
Already computed.

Working on n=11, k=32, i=32
Loading data from clique_data.json
Already computed.

Working on n=11, k=33, i=33
Loading data from clique_data.json
Already computed.

Working on n=11, k=34, i=34
Loading data from clique_data.json
Already computed.

Working on n=11, k=35, i=35
Loading data from clique_data.json
Already computed.

Working on n=11, k=36, i=36
Loading data from clique_data.json
Already computed.

Working on n=11, k=37, i=37
Loading data from clique_data.json
Already computed.

Working on n=11, k=38, i=38
Loading data from clique_data.json
Already computed.

Working on n=11, k=39, i=39
Loading data from clique_data.json
Already computed.

Working on n=11, k=40, i=40
Loading data from clique_data.json
Already computed.

Working on n=11, k=01, i=00
Loading data from clique_data.json
Already computed.

Working on n=11, k=02, i=01
Loading data from clique_data.json
Already computed.

Working on n=11, k=03, i=02
Loading data from clique_data.json
Already computed.

Working on n=11, k=04, i=03
Loading data from clique_data.json
Already computed.

Working on n=11, k=05, i=04
Loading data from clique_data.json
Already computed.

Working on n=11, k=06, i=05
Loading data from clique_data.json
Already computed.

Working on n=11, k=07, i=06
Loading data from clique_data.json
Already computed.

Working on n=11, k=01, i=01
Loading data from clique_data.json
Already computed.

Working on n=11, k=02, i=02
Loading data from clique_data.json
Already computed.

Working on n=11, k=03, i=03
Loading data from clique_data.json
Already computed.

Working on n=11, k=04, i=04
Loading data from clique_data.json
Already computed.

Working on n=11, k=05, i=05
Loading data from clique_data.json
Already computed.

Working on n=11, k=06, i=06
Loading data from clique_data.json
Already computed.

Working on n=11, k=07, i=07
Loading data from clique_data.json
Already computed.

Working on n=11, k=08, i=08
Loading data from clique_data.json
Already computed.

Working on n=11, k=09, i=09
Loading data from clique_data.json
Already computed.

Working on n=11, k=10, i=10
Loading data from clique_data.json
Already computed.

Working on n=11, k=11, i=11
Loading data from clique_data.json
Already computed.

Working on n=11, k=12, i=12
Loading data from clique_data.json
Already computed.

Working on n=11, k=13, i=13
Loading data from clique_data.json
Already computed.

Working on n=11, k=14, i=14
Loading data from clique_data.json
Already computed.

Working on n=11, k=15, i=15
Loading data from clique_data.json
Already computed.

Working on n=11, k=16, i=16
Loading data from clique_data.json
Already computed.

Working on n=11, k=17, i=17
Loading data from clique_data.json
Already computed.

Working on n=11, k=18, i=18
Loading data from clique_data.json
Already computed.

Working on n=11, k=19, i=19
Loading data from clique_data.json
Already computed.

Working on n=11, k=20, i=20
Loading data from clique_data.json
Already computed.

Working on n=11, k=21, i=21
Loading data from clique_data.json
Already computed.

Working on n=11, k=22, i=22
Loading data from clique_data.json
Already computed.

Working on n=11, k=23, i=23
Loading data from clique_data.json
Already computed.

Working on n=11, k=24, i=24
Loading data from clique_data.json
Already computed.

Working on n=11, k=25, i=25
Loading data from clique_data.json
Already computed.

Working on n=11, k=26, i=26
Loading data from clique_data.json
Already computed.

Working on n=11, k=27, i=27
Loading data from clique_data.json
Already computed.

Working on n=11, k=28, i=28
Loading data from clique_data.json
Already computed.

Working on n=11, k=29, i=29
Loading data from clique_data.json
Already computed.

Working on n=11, k=30, i=30
Loading data from clique_data.json
Already computed.

Working on n=11, k=31, i=31
Loading data from clique_data.json
Already computed.

Working on n=11, k=32, i=32
Loading data from clique_data.json
Already computed.

Working on n=11, k=33, i=33
Loading data from clique_data.json
Already computed.

Working on n=11, k=34, i=34
Loading data from clique_data.json
Already computed.

Working on n=11, k=35, i=35
Loading data from clique_data.json
Already computed.

Working on n=11, k=36, i=36
Loading data from clique_data.json
Already computed.

Working on n=11, k=37, i=37
Loading data from clique_data.json
Already computed.

Working on n=11, k=38, i=38
Loading data from clique_data.json
Already computed.

Working on n=11, k=39, i=39
Loading data from clique_data.json
Already computed.

Working on n=11, k=40, i=40
Loading data from clique_data.json
Already computed.

Working on n=11, k=01, i=00
Loading data from clique_data.json
Already computed.

Working on n=11, k=02, i=01
Loading data from clique_data.json
Already computed.

Working on n=11, k=03, i=02
Loading data from clique_data.json
Already computed.

Working on n=11, k=04, i=03
Loading data from clique_data.json
Already computed.

Working on n=11, k=05, i=04
Loading data from clique_data.json
Already computed.

Working on n=11, k=06, i=05
Loading data from clique_data.json
Already computed.

Working on n=11, k=07, i=06
Loading data from clique_data.json
Already computed.

Working on n=11, k=08, i=07
Loading data from clique_data.json
Already computed.

Working on n=11, k=09, i=08
Loading data from clique_data.json

Working on n=11, k=10, i=09
Loading data from clique_data.json

Working on n=11, k=11, i=10
Loading data from clique_data.json

Working on n=11, k=12, i=11
Loading data from clique_data.json

Working on n=11, k=13, i=12
Loading data from clique_data.json

Working on n=11, k=14, i=13
Loading data from clique_data.json

Working on n=11, k=15, i=14
Loading data from clique_data.json

Working on n=11, k=16, i=15
Loading data from clique_data.json

Working on n=11, k=17, i=16
Loading data from clique_data.json

Working on n=11, k=18, i=17
Loading data from clique_data.json

Working on n=11, k=19, i=18
Loading data from clique_data.json

Working on n=11, k=20, i=19
Loading data from clique_data.json

Working on n=11, k=21, i=20
Loading data from clique_data.json

Working on n=11, k=22, i=21
Loading data from clique_data.json

Working on n=11, k=23, i=22
Loading data from clique_data.json

Working on n=11, k=24, i=23
Loading data from clique_data.json

Working on n=11, k=25, i=24
Loading data from clique_data.json

Working on n=11, k=26, i=25
Loading data from clique_data.json

Working on n=11, k=27, i=26
Loading data from clique_data.json

Working on n=11, k=28, i=27
Loading data from clique_data.json

Working on n=11, k=29, i=28
Loading data from clique_data.json

Working on n=11, k=30, i=29
Loading data from clique_data.json

Working on n=11, k=31, i=30
Loading data from clique_data.json

Working on n=11, k=32, i=31
Loading data from clique_data.json

Working on n=11, k=33, i=32
Loading data from clique_data.json

Working on n=11, k=34, i=33
Loading data from clique_data.json

Working on n=11, k=35, i=34
Loading data from clique_data.json

Working on n=11, k=36, i=35
Loading data from clique_data.json

Working on n=11, k=37, i=36
Loading data from clique_data.json

Working on n=11, k=38, i=37
Loading data from clique_data.json

Working on n=11, k=39, i=38
Loading data from clique_data.json

Working on n=11, k=40, i=39
Loading data from clique_data.json

Working on n=11, k=41, i=40
Loading data from clique_data.json

Working on n=11, k=02, i=00
Loading data from clique_data.json
Already computed.

Working on n=11, k=03, i=01
Loading data from clique_data.json
Already computed.

Working on n=11, k=04, i=02
Loading data from clique_data.json
Already computed.

Working on n=11, k=05, i=03
Loading data from clique_data.json
Already computed.

Working on n=11, k=06, i=04
Loading data from clique_data.json
Already computed.

Working on n=11, k=07, i=05
Loading data from clique_data.json
Already computed.

Working on n=11, k=08, i=06
Loading data from clique_data.json
Already computed.

Working on n=11, k=09, i=07
Loading data from clique_data.json
Already computed.

Working on n=11, k=10, i=08
Loading data from clique_data.json

Working on n=11, k=11, i=09
Loading data from clique_data.json

Working on n=11, k=12, i=10
Loading data from clique_data.json

Working on n=11, k=13, i=11
Loading data from clique_data.json

Working on n=11, k=14, i=12
Loading data from clique_data.json

Working on n=11, k=15, i=13
Loading data from clique_data.json

Working on n=11, k=16, i=14
Loading data from clique_data.json

Working on n=11, k=17, i=15
Loading data from clique_data.json

Working on n=11, k=18, i=16
Loading data from clique_data.json

Working on n=11, k=19, i=17
Loading data from clique_data.json

Working on n=11, k=20, i=18
Loading data from clique_data.json

Working on n=11, k=21, i=19
Loading data from clique_data.json

Working on n=11, k=22, i=20
Loading data from clique_data.json

Working on n=11, k=23, i=21
Loading data from clique_data.json

Working on n=11, k=24, i=22
Loading data from clique_data.json

Working on n=11, k=25, i=23
Loading data from clique_data.json

Working on n=11, k=26, i=24
Loading data from clique_data.json

Working on n=11, k=27, i=25
Loading data from clique_data.json

Working on n=11, k=28, i=26
Loading data from clique_data.json

Working on n=11, k=29, i=27
Loading data from clique_data.json

Working on n=11, k=30, i=28
Loading data from clique_data.json

Working on n=11, k=31, i=29
Loading data from clique_data.json

Working on n=11, k=32, i=30
Loading data from clique_data.json

Working on n=11, k=33, i=31
Loading data from clique_data.json

Working on n=11, k=34, i=32
Loading data from clique_data.json

Working on n=11, k=35, i=33
Loading data from clique_data.json

Working on n=11, k=36, i=34
Loading data from clique_data.json

Working on n=11, k=37, i=35
Loading data from clique_data.json

Working on n=11, k=38, i=36
Loading data from clique_data.json

Working on n=11, k=39, i=37
Loading data from clique_data.json

Working on n=11, k=40, i=38
Loading data from clique_data.json

Working on n=11, k=41, i=39
Loading data from clique_data.json

Working on n=11, k=42, i=40
Loading data from clique_data.json

Working on n=11, k=03, i=00
Loading data from clique_data.json
Already computed.

Working on n=11, k=04, i=01
Loading data from clique_data.json
Already computed.

Working on n=11, k=05, i=02
Loading data from clique_data.json
Already computed.

Working on n=11, k=06, i=03
Loading data from clique_data.json
Already computed.

Working on n=11, k=07, i=04
Loading data from clique_data.json
Already computed.

Working on n=11, k=08, i=05
Loading data from clique_data.json
Already computed.

Working on n=11, k=09, i=06
Loading data from clique_data.json
Already computed.

Working on n=11, k=10, i=07
Loading data from clique_data.json
Already computed.

Working on n=11, k=11, i=08
Loading data from clique_data.json

Working on n=11, k=12, i=09
Loading data from clique_data.json

Working on n=11, k=13, i=10
Loading data from clique_data.json

Working on n=11, k=14, i=11
Loading data from clique_data.json

Working on n=11, k=15, i=12
Loading data from clique_data.json

Working on n=11, k=16, i=13
Loading data from clique_data.json

Working on n=11, k=17, i=14
Loading data from clique_data.json

Working on n=11, k=18, i=15
Loading data from clique_data.json

Working on n=11, k=19, i=16
Loading data from clique_data.json

Working on n=11, k=20, i=17
Loading data from clique_data.json

Working on n=11, k=21, i=18
Loading data from clique_data.json

Working on n=11, k=22, i=19
Loading data from clique_data.json

Working on n=11, k=23, i=20
Loading data from clique_data.json

Working on n=11, k=24, i=21
Loading data from clique_data.json

Working on n=11, k=25, i=22
Loading data from clique_data.json

Working on n=11, k=26, i=23
Loading data from clique_data.json

Working on n=11, k=27, i=24
Loading data from clique_data.json

Working on n=11, k=28, i=25
Loading data from clique_data.json

Working on n=11, k=29, i=26
Loading data from clique_data.json

Working on n=11, k=30, i=27
Loading data from clique_data.json

Working on n=11, k=31, i=28
Loading data from clique_data.json

Working on n=11, k=32, i=29
Loading data from clique_data.json

Working on n=11, k=33, i=30
Loading data from clique_data.json

Working on n=11, k=34, i=31
Loading data from clique_data.json

Working on n=11, k=35, i=32
Loading data from clique_data.json

Working on n=11, k=36, i=33
Loading data from clique_data.json

Working on n=11, k=37, i=34
Loading data from clique_data.json

Working on n=11, k=38, i=35
Loading data from clique_data.json

Working on n=11, k=39, i=36
Loading data from clique_data.json

Working on n=11, k=40, i=37
Loading data from clique_data.json

Working on n=11, k=41, i=38
Loading data from clique_data.json

Working on n=11, k=42, i=39
Loading data from clique_data.json

Working on n=11, k=43, i=40
Loading data from clique_data.json

Working on n=11, k=04, i=00
Loading data from clique_data.json
Already computed.

Working on n=11, k=05, i=01
Loading data from clique_data.json
Already computed.

Working on n=11, k=06, i=02
Loading data from clique_data.json
Already computed.

Working on n=11, k=07, i=03
Loading data from clique_data.json
Already computed.

Working on n=11, k=08, i=04
Loading data from clique_data.json
Already computed.

Working on n=11, k=09, i=05
Loading data from clique_data.json
Already computed.

Working on n=11, k=10, i=06
Loading data from clique_data.json
Already computed.

Working on n=11, k=11, i=07
Loading data from clique_data.json
Already computed.

Working on n=11, k=12, i=08
Loading data from clique_data.json

Working on n=11, k=13, i=09
Loading data from clique_data.json

Working on n=11, k=14, i=10
Loading data from clique_data.json

Working on n=11, k=15, i=11
Loading data from clique_data.json

Working on n=11, k=16, i=12
Loading data from clique_data.json

Working on n=11, k=17, i=13
Loading data from clique_data.json

Working on n=11, k=18, i=14
Loading data from clique_data.json

Working on n=11, k=19, i=15
Loading data from clique_data.json

Working on n=11, k=20, i=16
Loading data from clique_data.json

Working on n=11, k=21, i=17
Loading data from clique_data.json

Working on n=11, k=22, i=18
Loading data from clique_data.json

Working on n=11, k=23, i=19
Loading data from clique_data.json

Working on n=11, k=24, i=20
Loading data from clique_data.json

Working on n=11, k=25, i=21
Loading data from clique_data.json

Working on n=11, k=26, i=22
Loading data from clique_data.json

Working on n=11, k=27, i=23
Loading data from clique_data.json

Working on n=11, k=28, i=24
Loading data from clique_data.json

Working on n=11, k=29, i=25
Loading data from clique_data.json

Working on n=11, k=30, i=26
Loading data from clique_data.json

Working on n=11, k=31, i=27
Loading data from clique_data.json

Working on n=11, k=32, i=28
Loading data from clique_data.json

Working on n=11, k=33, i=29
Loading data from clique_data.json

Working on n=11, k=34, i=30
Loading data from clique_data.json

Working on n=11, k=35, i=31
Loading data from clique_data.json

Working on n=11, k=36, i=32
Loading data from clique_data.json

Working on n=11, k=37, i=33
Loading data from clique_data.json

Working on n=11, k=38, i=34
Loading data from clique_data.json

Working on n=11, k=39, i=35
Loading data from clique_data.json

Working on n=11, k=40, i=36
Loading data from clique_data.json

Working on n=11, k=41, i=37
Loading data from clique_data.json

Working on n=11, k=42, i=38
Loading data from clique_data.json

Working on n=11, k=43, i=39
Loading data from clique_data.json

Working on n=11, k=44, i=40
Loading data from clique_data.json

Working on n=11, k=05, i=00
Loading data from clique_data.json
Already computed.

Working on n=11, k=06, i=01
Loading data from clique_data.json
Already computed.

Working on n=11, k=07, i=02
Loading data from clique_data.json

Working on n=11, k=08, i=03
Loading data from clique_data.json

Working on n=11, k=09, i=04
Loading data from clique_data.json

Working on n=11, k=10, i=05
Loading data from clique_data.json

Working on n=11, k=11, i=06
Loading data from clique_data.json

Working on n=11, k=12, i=07
Loading data from clique_data.json

Working on n=11, k=13, i=08
Loading data from clique_data.json

Working on n=11, k=14, i=09
Loading data from clique_data.json

Working on n=11, k=15, i=10
Loading data from clique_data.json

Working on n=11, k=16, i=11
Loading data from clique_data.json

Working on n=11, k=17, i=12
Loading data from clique_data.json

Working on n=11, k=18, i=13
Loading data from clique_data.json

Working on n=11, k=19, i=14
Loading data from clique_data.json

Working on n=11, k=20, i=15
Loading data from clique_data.json

Working on n=11, k=21, i=16
Loading data from clique_data.json

Working on n=11, k=22, i=17
Loading data from clique_data.json

Working on n=11, k=23, i=18
Loading data from clique_data.json

Working on n=11, k=24, i=19
Loading data from clique_data.json

Working on n=11, k=25, i=20
Loading data from clique_data.json

Working on n=11, k=26, i=21
Loading data from clique_data.json

Working on n=11, k=27, i=22
Loading data from clique_data.json

Working on n=11, k=28, i=23
Loading data from clique_data.json

Working on n=11, k=29, i=24
Loading data from clique_data.json

Working on n=11, k=30, i=25
Loading data from clique_data.json

Working on n=11, k=31, i=26
Loading data from clique_data.json

Working on n=11, k=32, i=27
Loading data from clique_data.json

Working on n=11, k=33, i=28
Loading data from clique_data.json

Working on n=11, k=34, i=29
Loading data from clique_data.json

Working on n=11, k=35, i=30
Loading data from clique_data.json

Working on n=11, k=36, i=31
Loading data from clique_data.json

Working on n=11, k=37, i=32
Loading data from clique_data.json

Working on n=11, k=38, i=33
Loading data from clique_data.json

Working on n=11, k=39, i=34
Loading data from clique_data.json

Working on n=11, k=40, i=35
Loading data from clique_data.json

Working on n=11, k=41, i=36
Loading data from clique_data.json

Working on n=11, k=42, i=37
Loading data from clique_data.json

Working on n=11, k=43, i=38
Loading data from clique_data.json

Working on n=11, k=44, i=39
Loading data from clique_data.json

Working on n=11, k=45, i=40
Loading data from clique_data.json

Working on n=11, k=06, i=00
Loading data from clique_data.json
Already computed.

Working on n=11, k=07, i=01
Loading data from clique_data.json
Already computed.

Working on n=11, k=08, i=02
Loading data from clique_data.json

Working on n=11, k=09, i=03
Loading data from clique_data.json

Working on n=11, k=10, i=04
Loading data from clique_data.json

Working on n=11, k=11, i=05
Loading data from clique_data.json

Working on n=11, k=12, i=06
Loading data from clique_data.json

Working on n=11, k=13, i=07
Loading data from clique_data.json

Working on n=11, k=14, i=08
Loading data from clique_data.json

Working on n=11, k=15, i=09
Loading data from clique_data.json

Working on n=11, k=16, i=10
Loading data from clique_data.json

Working on n=11, k=17, i=11
Loading data from clique_data.json

Working on n=11, k=18, i=12
Loading data from clique_data.json

Working on n=11, k=19, i=13
Loading data from clique_data.json

Working on n=11, k=20, i=14
Loading data from clique_data.json

Working on n=11, k=21, i=15
Loading data from clique_data.json

Working on n=11, k=22, i=16
Loading data from clique_data.json

Working on n=11, k=23, i=17
Loading data from clique_data.json

Working on n=11, k=24, i=18
Loading data from clique_data.json

Working on n=11, k=25, i=19
Loading data from clique_data.json

Working on n=11, k=26, i=20
Loading data from clique_data.json

Working on n=11, k=27, i=21
Loading data from clique_data.json

Working on n=11, k=28, i=22
Loading data from clique_data.json

Working on n=11, k=29, i=23
Loading data from clique_data.json

Working on n=11, k=30, i=24
Loading data from clique_data.json

Working on n=11, k=31, i=25
Loading data from clique_data.json

Working on n=11, k=32, i=26
Loading data from clique_data.json

Working on n=11, k=33, i=27
Loading data from clique_data.json

Working on n=11, k=34, i=28
Loading data from clique_data.json

Working on n=11, k=35, i=29
Loading data from clique_data.json

Working on n=11, k=36, i=30
Loading data from clique_data.json

Working on n=11, k=37, i=31
Loading data from clique_data.json

Working on n=11, k=38, i=32
Loading data from clique_data.json

Working on n=11, k=39, i=33
Loading data from clique_data.json

Working on n=11, k=40, i=34
Loading data from clique_data.json

Working on n=11, k=41, i=35
Loading data from clique_data.json

Working on n=11, k=42, i=36
Loading data from clique_data.json

Working on n=11, k=43, i=37
Loading data from clique_data.json

Working on n=11, k=44, i=38
Loading data from clique_data.json

Working on n=11, k=45, i=39
Loading data from clique_data.json

Working on n=11, k=46, i=40
Loading data from clique_data.json

Working on n=11, k=07, i=00
Loading data from clique_data.json
Already computed.

Working on n=11, k=08, i=01
Loading data from clique_data.json
Minimum sum: 41
Continuous lower bound achieved.
This is irreducible.
Elapsed time: 71.95399141311646 seconds.

Working on n=11, k=09, i=02
Loading data from clique_data.json

Working on n=11, k=10, i=03
Loading data from clique_data.json

Working on n=11, k=11, i=04
Loading data from clique_data.json

Working on n=11, k=12, i=05
Loading data from clique_data.json

Working on n=11, k=13, i=06
Loading data from clique_data.json

Working on n=11, k=14, i=07
Loading data from clique_data.json

Working on n=11, k=15, i=08
Loading data from clique_data.json

Working on n=11, k=16, i=09
Loading data from clique_data.json

Working on n=11, k=17, i=10
Loading data from clique_data.json

Working on n=11, k=18, i=11
Loading data from clique_data.json

Working on n=11, k=19, i=12
Loading data from clique_data.json

Working on n=11, k=20, i=13
Loading data from clique_data.json

Working on n=11, k=21, i=14
Loading data from clique_data.json

Working on n=11, k=22, i=15
Loading data from clique_data.json

Working on n=11, k=23, i=16
Loading data from clique_data.json

Working on n=11, k=24, i=17
Loading data from clique_data.json

Working on n=11, k=25, i=18
Loading data from clique_data.json

Working on n=11, k=26, i=19
Loading data from clique_data.json

Working on n=11, k=27, i=20
Loading data from clique_data.json

Working on n=11, k=28, i=21
Loading data from clique_data.json

Working on n=11, k=29, i=22
Loading data from clique_data.json

Working on n=11, k=30, i=23
Loading data from clique_data.json

Working on n=11, k=31, i=24
Loading data from clique_data.json

Working on n=11, k=32, i=25
Loading data from clique_data.json

Working on n=11, k=33, i=26
Loading data from clique_data.json

Working on n=11, k=34, i=27
Loading data from clique_data.json

Working on n=11, k=35, i=28
Loading data from clique_data.json

Working on n=11, k=36, i=29
Loading data from clique_data.json

Working on n=11, k=37, i=30
Loading data from clique_data.json

Working on n=11, k=38, i=31
Loading data from clique_data.json

Working on n=11, k=39, i=32
Loading data from clique_data.json

Working on n=11, k=40, i=33
Loading data from clique_data.json

Working on n=11, k=41, i=34
Loading data from clique_data.json

Working on n=11, k=42, i=35
Loading data from clique_data.json

Working on n=11, k=43, i=36
Loading data from clique_data.json

Working on n=11, k=44, i=37
Loading data from clique_data.json

Working on n=11, k=45, i=38
Loading data from clique_data.json

Working on n=11, k=46, i=39
Loading data from clique_data.json

Working on n=11, k=47, i=40
Loading data from clique_data.json

Working on n=11, k=08, i=00
Loading data from clique_data.json
Lower and upper bounds are equal
Minimum sum: 88
Continuous lower bound achieved.
This is a flower.
Elapsed time: 2.524780750274658 seconds.

Working on n=11, k=09, i=01
Loading data from clique_data.json
Minimum sum: 48
Continuous lower bound achieved.
This is irreducible.
Elapsed time: 64.50201845169067 seconds.

Working on n=11, k=10, i=02
Loading data from clique_data.json

Working on n=11, k=11, i=03
Loading data from clique_data.json

Working on n=11, k=12, i=04
Loading data from clique_data.json

Working on n=11, k=13, i=05
Loading data from clique_data.json

Working on n=11, k=14, i=06
Loading data from clique_data.json

Working on n=11, k=15, i=07
Loading data from clique_data.json

Working on n=11, k=16, i=08
Loading data from clique_data.json

Working on n=11, k=17, i=09
Loading data from clique_data.json

Working on n=11, k=18, i=10
Loading data from clique_data.json

Working on n=11, k=19, i=11
Loading data from clique_data.json

Working on n=11, k=20, i=12
Loading data from clique_data.json

Working on n=11, k=21, i=13
Loading data from clique_data.json

Working on n=11, k=22, i=14
Loading data from clique_data.json

Working on n=11, k=23, i=15
Loading data from clique_data.json

Working on n=11, k=24, i=16
Loading data from clique_data.json

Working on n=11, k=25, i=17
Loading data from clique_data.json

Working on n=11, k=26, i=18
Loading data from clique_data.json

Working on n=11, k=27, i=19
Loading data from clique_data.json

Working on n=11, k=28, i=20
Loading data from clique_data.json

Working on n=11, k=29, i=21
Loading data from clique_data.json

Working on n=11, k=30, i=22
Loading data from clique_data.json

Working on n=11, k=31, i=23
Loading data from clique_data.json

Working on n=11, k=32, i=24
Loading data from clique_data.json

Working on n=11, k=33, i=25
Loading data from clique_data.json

Working on n=11, k=34, i=26
Loading data from clique_data.json

Working on n=11, k=35, i=27
Loading data from clique_data.json

Working on n=11, k=36, i=28
Loading data from clique_data.json

Working on n=11, k=37, i=29
Loading data from clique_data.json

Working on n=11, k=38, i=30
Loading data from clique_data.json

Working on n=11, k=39, i=31
Loading data from clique_data.json

Working on n=11, k=40, i=32
Loading data from clique_data.json

Working on n=11, k=41, i=33
Loading data from clique_data.json

Working on n=11, k=42, i=34
Loading data from clique_data.json

Working on n=11, k=43, i=35
Loading data from clique_data.json

Working on n=11, k=44, i=36
Loading data from clique_data.json

Working on n=11, k=45, i=37
Loading data from clique_data.json

Working on n=11, k=46, i=38
Loading data from clique_data.json

Working on n=11, k=47, i=39
Loading data from clique_data.json

Working on n=11, k=48, i=40
Loading data from clique_data.json

Working on n=11, k=09, i=00
Loading data from clique_data.json
Lower and upper bounds are equal
Minimum sum: 99
Continuous lower bound achieved.
This is a flower.
Elapsed time: 2.5341436862945557 seconds.

Working on n=11, k=10, i=01
Loading data from clique_data.json
Minimum sum: 55
Continuous lower bound achieved.
This is irreducible.
Elapsed time: 44.42042279243469 seconds.

Working on n=11, k=11, i=02
Loading data from clique_data.json

Working on n=11, k=12, i=03
Loading data from clique_data.json

Working on n=11, k=13, i=04
Loading data from clique_data.json

Working on n=11, k=14, i=05
Loading data from clique_data.json

Working on n=11, k=15, i=06
Loading data from clique_data.json

Working on n=11, k=16, i=07
Loading data from clique_data.json

Working on n=11, k=17, i=08
Loading data from clique_data.json

Working on n=11, k=18, i=09
Loading data from clique_data.json

Working on n=11, k=19, i=10
Loading data from clique_data.json

Working on n=11, k=20, i=11
Loading data from clique_data.json

Working on n=11, k=21, i=12
Loading data from clique_data.json

Working on n=11, k=22, i=13
Loading data from clique_data.json

Working on n=11, k=23, i=14
Loading data from clique_data.json

Working on n=11, k=24, i=15
Loading data from clique_data.json

Working on n=11, k=25, i=16
Loading data from clique_data.json

Working on n=11, k=26, i=17
Loading data from clique_data.json

Working on n=11, k=27, i=18
Loading data from clique_data.json

Working on n=11, k=28, i=19
Loading data from clique_data.json

Working on n=11, k=29, i=20
Loading data from clique_data.json

Working on n=11, k=30, i=21
Loading data from clique_data.json

Working on n=11, k=31, i=22
Loading data from clique_data.json

Working on n=11, k=32, i=23
Loading data from clique_data.json

Working on n=11, k=33, i=24
Loading data from clique_data.json

Working on n=11, k=34, i=25
Loading data from clique_data.json

Working on n=11, k=35, i=26
Loading data from clique_data.json

Working on n=11, k=36, i=27
Loading data from clique_data.json

Working on n=11, k=37, i=28
Loading data from clique_data.json

Working on n=11, k=38, i=29
Loading data from clique_data.json

Working on n=11, k=39, i=30
Loading data from clique_data.json

Working on n=11, k=40, i=31
Loading data from clique_data.json

Working on n=11, k=41, i=32
Loading data from clique_data.json

Working on n=11, k=42, i=33
Loading data from clique_data.json

Working on n=11, k=43, i=34
Loading data from clique_data.json

Working on n=11, k=44, i=35
Loading data from clique_data.json

Working on n=11, k=45, i=36
Loading data from clique_data.json

Working on n=11, k=46, i=37
Loading data from clique_data.json

Working on n=11, k=47, i=38
Loading data from clique_data.json

Working on n=11, k=48, i=39
Loading data from clique_data.json

Working on n=11, k=49, i=40
Loading data from clique_data.json

Working on n=11, k=10, i=00
Loading data from clique_data.json
Lower and upper bounds are equal
Minimum sum: 110
Continuous lower bound achieved.
This is a flower.
Elapsed time: 2.4921817779541016 seconds.

Working on n=11, k=11, i=01
Loading data from clique_data.json
Lower and upper bounds are equal
Minimum sum: 66
Continuous lower bound achieved.
Elapsed time: 2.4727675914764404 seconds.

Working on n=11, k=12, i=02
Loading data from clique_data.json

Working on n=11, k=13, i=03
Loading data from clique_data.json

Working on n=11, k=14, i=04
Loading data from clique_data.json

Working on n=11, k=15, i=05
Loading data from clique_data.json

Working on n=11, k=16, i=06
Loading data from clique_data.json

Working on n=11, k=17, i=07
Loading data from clique_data.json

Working on n=11, k=18, i=08
Loading data from clique_data.json

Working on n=11, k=19, i=09
Loading data from clique_data.json

Working on n=11, k=20, i=10
Loading data from clique_data.json

Working on n=11, k=21, i=11
Loading data from clique_data.json

Working on n=11, k=22, i=12
Loading data from clique_data.json

Working on n=11, k=23, i=13
Loading data from clique_data.json

Working on n=11, k=24, i=14
Loading data from clique_data.json

Working on n=11, k=25, i=15
Loading data from clique_data.json

Working on n=11, k=26, i=16
Loading data from clique_data.json

Working on n=11, k=27, i=17
Loading data from clique_data.json

Working on n=11, k=28, i=18
Loading data from clique_data.json

Working on n=11, k=29, i=19
Loading data from clique_data.json

Working on n=11, k=30, i=20
Loading data from clique_data.json

Working on n=11, k=31, i=21
Loading data from clique_data.json

Working on n=11, k=32, i=22
Loading data from clique_data.json

Working on n=11, k=33, i=23
Loading data from clique_data.json

Working on n=11, k=34, i=24
Loading data from clique_data.json

Working on n=11, k=35, i=25
Loading data from clique_data.json

Working on n=11, k=36, i=26
Loading data from clique_data.json

Working on n=11, k=37, i=27
Loading data from clique_data.json

Working on n=11, k=38, i=28
Loading data from clique_data.json

Working on n=11, k=39, i=29
Loading data from clique_data.json

Working on n=11, k=40, i=30
Loading data from clique_data.json

Working on n=11, k=41, i=31
Loading data from clique_data.json

Working on n=11, k=42, i=32
Loading data from clique_data.json

Working on n=11, k=43, i=33
Loading data from clique_data.json

Working on n=11, k=44, i=34
Loading data from clique_data.json

Working on n=11, k=45, i=35
Loading data from clique_data.json

Working on n=11, k=46, i=36
Loading data from clique_data.json

Working on n=11, k=47, i=37
Loading data from clique_data.json

Working on n=11, k=48, i=38
Loading data from clique_data.json

Working on n=11, k=49, i=39
Loading data from clique_data.json

Working on n=11, k=50, i=40
Loading data from clique_data.json

Working on n=11, k=11, i=00
Loading data from clique_data.json
Lower and upper bounds are equal
Minimum sum: 121
Continuous lower bound achieved.
This is a flower.
Elapsed time: 2.5882561206817627 seconds.

Working on n=11, k=12, i=01
Loading data from clique_data.json
Lower and upper bounds are equal
Minimum sum: 77
Continuous lower bound achieved.
Elapsed time: 2.5094475746154785 seconds.

Working on n=11, k=13, i=02
Loading data from clique_data.json

Working on n=11, k=14, i=03
Loading data from clique_data.json

Working on n=11, k=15, i=04
Loading data from clique_data.json

Working on n=11, k=16, i=05
Loading data from clique_data.json

Working on n=11, k=17, i=06
Loading data from clique_data.json

Working on n=11, k=18, i=07
Loading data from clique_data.json

Working on n=11, k=19, i=08
Loading data from clique_data.json

Working on n=11, k=20, i=09
Loading data from clique_data.json

Working on n=11, k=21, i=10
Loading data from clique_data.json

Working on n=11, k=22, i=11
Loading data from clique_data.json

Working on n=11, k=23, i=12
Loading data from clique_data.json

Working on n=11, k=24, i=13
Loading data from clique_data.json

Working on n=11, k=25, i=14
Loading data from clique_data.json

Working on n=11, k=26, i=15
Loading data from clique_data.json

Working on n=11, k=27, i=16
Loading data from clique_data.json

Working on n=11, k=28, i=17
Loading data from clique_data.json

Working on n=11, k=29, i=18
Loading data from clique_data.json

Working on n=11, k=30, i=19
Loading data from clique_data.json

Working on n=11, k=31, i=20
Loading data from clique_data.json

Working on n=11, k=32, i=21
Loading data from clique_data.json

Working on n=11, k=33, i=22
Loading data from clique_data.json

Working on n=11, k=34, i=23
Loading data from clique_data.json

Working on n=11, k=35, i=24
Loading data from clique_data.json

Working on n=11, k=36, i=25
Loading data from clique_data.json

Working on n=11, k=37, i=26
Loading data from clique_data.json

Working on n=11, k=38, i=27
Loading data from clique_data.json

Working on n=11, k=39, i=28
Loading data from clique_data.json

Working on n=11, k=40, i=29
Loading data from clique_data.json

Working on n=11, k=41, i=30
Loading data from clique_data.json

Working on n=11, k=42, i=31
Loading data from clique_data.json

Working on n=11, k=43, i=32
Loading data from clique_data.json

Working on n=11, k=44, i=33
Loading data from clique_data.json

Working on n=11, k=45, i=34
Loading data from clique_data.json

Working on n=11, k=46, i=35
Loading data from clique_data.json

Working on n=11, k=47, i=36
Loading data from clique_data.json

Working on n=11, k=48, i=37
Loading data from clique_data.json

Working on n=11, k=49, i=38
Loading data from clique_data.json

Working on n=11, k=50, i=39
Loading data from clique_data.json

Working on n=11, k=51, i=40
Loading data from clique_data.json

Working on n=11, k=12, i=00
Loading data from clique_data.json
Lower and upper bounds are equal
Minimum sum: 132
Continuous lower bound achieved.
This is a flower.
Elapsed time: 2.5216686725616455 seconds.

Working on n=11, k=13, i=01
Loading data from clique_data.json
Lower and upper bounds are equal
Minimum sum: 88
Continuous lower bound achieved.
Elapsed time: 2.5428695678710938 seconds.

Working on n=11, k=14, i=02
Loading data from clique_data.json

Working on n=11, k=15, i=03
Loading data from clique_data.json

Working on n=11, k=16, i=04
Loading data from clique_data.json

Working on n=11, k=17, i=05
Loading data from clique_data.json

Working on n=11, k=18, i=06
Loading data from clique_data.json

Working on n=11, k=19, i=07
Loading data from clique_data.json

Working on n=11, k=20, i=08
Loading data from clique_data.json

Working on n=11, k=21, i=09
Loading data from clique_data.json

Working on n=11, k=22, i=10
Loading data from clique_data.json

Working on n=11, k=23, i=11
Loading data from clique_data.json

Working on n=11, k=24, i=12
Loading data from clique_data.json

Working on n=11, k=25, i=13
Loading data from clique_data.json

Working on n=11, k=26, i=14
Loading data from clique_data.json

Working on n=11, k=27, i=15
Loading data from clique_data.json

Working on n=11, k=28, i=16
Loading data from clique_data.json

Working on n=11, k=29, i=17
Loading data from clique_data.json

Working on n=11, k=30, i=18
Loading data from clique_data.json

Working on n=11, k=31, i=19
Loading data from clique_data.json

Working on n=11, k=32, i=20
Loading data from clique_data.json

Working on n=11, k=33, i=21
Loading data from clique_data.json

Working on n=11, k=34, i=22
Loading data from clique_data.json

Working on n=11, k=35, i=23
Loading data from clique_data.json

Working on n=11, k=36, i=24
Loading data from clique_data.json

Working on n=11, k=37, i=25
Loading data from clique_data.json

Working on n=11, k=38, i=26
Loading data from clique_data.json

Working on n=11, k=39, i=27
Loading data from clique_data.json

Working on n=11, k=40, i=28
Loading data from clique_data.json

Working on n=11, k=41, i=29
Loading data from clique_data.json

Working on n=11, k=42, i=30
Loading data from clique_data.json

Working on n=11, k=43, i=31
Loading data from clique_data.json

Working on n=11, k=44, i=32
Loading data from clique_data.json

Working on n=11, k=45, i=33
Loading data from clique_data.json

Working on n=11, k=46, i=34
Loading data from clique_data.json

Working on n=11, k=47, i=35
Loading data from clique_data.json

Working on n=11, k=48, i=36
Loading data from clique_data.json

Working on n=11, k=49, i=37
Loading data from clique_data.json

Working on n=11, k=50, i=38
Loading data from clique_data.json

Working on n=11, k=51, i=39
Loading data from clique_data.json

Working on n=11, k=52, i=40
Loading data from clique_data.json

Working on n=11, k=13, i=00
Loading data from clique_data.json
Lower and upper bounds are equal
Minimum sum: 143
Continuous lower bound achieved.
This is a flower.
Elapsed time: 2.5201709270477295 seconds.

Working on n=11, k=14, i=01
Loading data from clique_data.json
Lower and upper bounds are equal
Minimum sum: 99
Continuous lower bound achieved.
Elapsed time: 2.5152506828308105 seconds.

Working on n=11, k=15, i=02
Loading data from clique_data.json

Working on n=11, k=16, i=03
Loading data from clique_data.json

Working on n=11, k=17, i=04
Loading data from clique_data.json

Working on n=11, k=18, i=05
Loading data from clique_data.json

Working on n=11, k=19, i=06
Loading data from clique_data.json

Working on n=11, k=20, i=07
Loading data from clique_data.json

Working on n=11, k=21, i=08
Loading data from clique_data.json

Working on n=11, k=22, i=09
Loading data from clique_data.json

Working on n=11, k=23, i=10
Loading data from clique_data.json

Working on n=11, k=24, i=11
Loading data from clique_data.json

Working on n=11, k=25, i=12
Loading data from clique_data.json

Working on n=11, k=26, i=13
Loading data from clique_data.json

Working on n=11, k=27, i=14
Loading data from clique_data.json

Working on n=11, k=28, i=15
Loading data from clique_data.json

Working on n=11, k=29, i=16
Loading data from clique_data.json

Working on n=11, k=30, i=17
Loading data from clique_data.json

Working on n=11, k=31, i=18
Loading data from clique_data.json

Working on n=11, k=32, i=19
Loading data from clique_data.json

Working on n=11, k=33, i=20
Loading data from clique_data.json

Working on n=11, k=34, i=21
Loading data from clique_data.json

Working on n=11, k=35, i=22
Loading data from clique_data.json

Working on n=11, k=36, i=23
Loading data from clique_data.json

Working on n=11, k=37, i=24
Loading data from clique_data.json

Working on n=11, k=38, i=25
Loading data from clique_data.json

Working on n=11, k=39, i=26
Loading data from clique_data.json

Working on n=11, k=40, i=27
Loading data from clique_data.json

Working on n=11, k=41, i=28
Loading data from clique_data.json

Working on n=11, k=42, i=29
Loading data from clique_data.json

Working on n=11, k=43, i=30
Loading data from clique_data.json

Working on n=11, k=44, i=31
Loading data from clique_data.json

Working on n=11, k=45, i=32
Loading data from clique_data.json

Working on n=11, k=46, i=33
Loading data from clique_data.json

Working on n=11, k=47, i=34
Loading data from clique_data.json

Working on n=11, k=48, i=35
Loading data from clique_data.json

Working on n=11, k=49, i=36
Loading data from clique_data.json

Working on n=11, k=50, i=37
Loading data from clique_data.json

Working on n=11, k=51, i=38
Loading data from clique_data.json

Working on n=11, k=52, i=39
Loading data from clique_data.json

Working on n=11, k=53, i=40
Loading data from clique_data.json

Working on n=11, k=14, i=00
Loading data from clique_data.json
Lower and upper bounds are equal
Minimum sum: 154
Continuous lower bound achieved.
This is a flower.
Elapsed time: 2.512722969055176 seconds.

Working on n=11, k=15, i=01
Loading data from clique_data.json
Lower and upper bounds are equal
Minimum sum: 110
Continuous lower bound achieved.
Elapsed time: 2.467383623123169 seconds.

Working on n=11, k=16, i=02
Loading data from clique_data.json

Working on n=11, k=17, i=03
Loading data from clique_data.json

Working on n=11, k=18, i=04
Loading data from clique_data.json

Working on n=11, k=19, i=05
Loading data from clique_data.json

Working on n=11, k=20, i=06
Loading data from clique_data.json

Working on n=11, k=21, i=07
Loading data from clique_data.json

Working on n=11, k=22, i=08
Loading data from clique_data.json

Working on n=11, k=23, i=09
Loading data from clique_data.json

Working on n=11, k=24, i=10
Loading data from clique_data.json

Working on n=11, k=25, i=11
Loading data from clique_data.json

Working on n=11, k=26, i=12
Loading data from clique_data.json

Working on n=11, k=27, i=13
Loading data from clique_data.json

Working on n=11, k=28, i=14
Loading data from clique_data.json

Working on n=11, k=29, i=15
Loading data from clique_data.json

Working on n=11, k=30, i=16
Loading data from clique_data.json

Working on n=11, k=31, i=17
Loading data from clique_data.json

Working on n=11, k=32, i=18
Loading data from clique_data.json

Working on n=11, k=33, i=19
Loading data from clique_data.json

Working on n=11, k=34, i=20
Loading data from clique_data.json

Working on n=11, k=35, i=21
Loading data from clique_data.json

Working on n=11, k=36, i=22
Loading data from clique_data.json

Working on n=11, k=37, i=23
Loading data from clique_data.json

Working on n=11, k=38, i=24
Loading data from clique_data.json

Working on n=11, k=39, i=25
Loading data from clique_data.json

Working on n=11, k=40, i=26
Loading data from clique_data.json

Working on n=11, k=41, i=27
Loading data from clique_data.json

Working on n=11, k=42, i=28
Loading data from clique_data.json

Working on n=11, k=43, i=29
Loading data from clique_data.json

Working on n=11, k=44, i=30
Loading data from clique_data.json

Working on n=11, k=45, i=31
Loading data from clique_data.json

Working on n=11, k=46, i=32
Loading data from clique_data.json

Working on n=11, k=47, i=33
Loading data from clique_data.json

Working on n=11, k=48, i=34
Loading data from clique_data.json

Working on n=11, k=49, i=35
Loading data from clique_data.json

Working on n=11, k=50, i=36
Loading data from clique_data.json

Working on n=11, k=51, i=37
Loading data from clique_data.json

Working on n=11, k=52, i=38
Loading data from clique_data.json

Working on n=11, k=53, i=39
Loading data from clique_data.json

Working on n=11, k=54, i=40
Loading data from clique_data.json

Working on n=11, k=15, i=00
Loading data from clique_data.json
Lower and upper bounds are equal
Minimum sum: 165
Continuous lower bound achieved.
This is a flower.
Elapsed time: 2.4967212677001953 seconds.

Working on n=11, k=16, i=01
Loading data from clique_data.json
Lower and upper bounds are equal
Minimum sum: 121
Continuous lower bound achieved.
Elapsed time: 2.4793055057525635 seconds.

Working on n=11, k=17, i=02
Loading data from clique_data.json

Working on n=11, k=18, i=03
Loading data from clique_data.json

Working on n=11, k=19, i=04
Loading data from clique_data.json

Working on n=11, k=20, i=05
Loading data from clique_data.json

Working on n=11, k=21, i=06
Loading data from clique_data.json

Working on n=11, k=22, i=07
Loading data from clique_data.json

Working on n=11, k=23, i=08
Loading data from clique_data.json

Working on n=11, k=24, i=09
Loading data from clique_data.json

Working on n=11, k=25, i=10
Loading data from clique_data.json

Working on n=11, k=26, i=11
Loading data from clique_data.json

Working on n=11, k=27, i=12
Loading data from clique_data.json

Working on n=11, k=28, i=13
Loading data from clique_data.json

Working on n=11, k=29, i=14
Loading data from clique_data.json

Working on n=11, k=30, i=15
Loading data from clique_data.json

Working on n=11, k=31, i=16
Loading data from clique_data.json

Working on n=11, k=32, i=17
Loading data from clique_data.json

Working on n=11, k=33, i=18
Loading data from clique_data.json

Working on n=11, k=34, i=19
Loading data from clique_data.json

Working on n=11, k=35, i=20
Loading data from clique_data.json

Working on n=11, k=36, i=21
Loading data from clique_data.json

Working on n=11, k=37, i=22
Loading data from clique_data.json

Working on n=11, k=38, i=23
Loading data from clique_data.json

Working on n=11, k=39, i=24
Loading data from clique_data.json

Working on n=11, k=40, i=25
Loading data from clique_data.json

Working on n=11, k=41, i=26
Loading data from clique_data.json

Working on n=11, k=42, i=27
Loading data from clique_data.json

Working on n=11, k=43, i=28
Loading data from clique_data.json

Working on n=11, k=44, i=29
Loading data from clique_data.json

Working on n=11, k=45, i=30
Loading data from clique_data.json

Working on n=11, k=46, i=31
Loading data from clique_data.json

Working on n=11, k=47, i=32
Loading data from clique_data.json

Working on n=11, k=48, i=33
Loading data from clique_data.json

Working on n=11, k=49, i=34
Loading data from clique_data.json

Working on n=11, k=50, i=35
Loading data from clique_data.json

Working on n=11, k=51, i=36
Loading data from clique_data.json

Working on n=11, k=52, i=37
Loading data from clique_data.json

Working on n=11, k=53, i=38
Loading data from clique_data.json

Working on n=11, k=54, i=39
Loading data from clique_data.json

Working on n=11, k=55, i=40
Loading data from clique_data.json

Working on n=11, k=16, i=00
Loading data from clique_data.json
Lower and upper bounds are equal
Minimum sum: 176
Continuous lower bound achieved.
This is a flower.
Elapsed time: 2.4761626720428467 seconds.

Working on n=11, k=17, i=01
Loading data from clique_data.json
Lower and upper bounds are equal
Minimum sum: 132
Continuous lower bound achieved.
Elapsed time: 2.5938451290130615 seconds.

Working on n=11, k=18, i=02
Loading data from clique_data.json

Working on n=11, k=19, i=03
Loading data from clique_data.json

Working on n=11, k=20, i=04
Loading data from clique_data.json

Working on n=11, k=21, i=05
Loading data from clique_data.json

Working on n=11, k=22, i=06
Loading data from clique_data.json

Working on n=11, k=23, i=07
Loading data from clique_data.json

Working on n=11, k=24, i=08
Loading data from clique_data.json

Working on n=11, k=25, i=09
Loading data from clique_data.json

Working on n=11, k=26, i=10
Loading data from clique_data.json

Working on n=11, k=27, i=11
Loading data from clique_data.json

Working on n=11, k=28, i=12
Loading data from clique_data.json

Working on n=11, k=29, i=13
Loading data from clique_data.json

Working on n=11, k=30, i=14
Loading data from clique_data.json

Working on n=11, k=31, i=15
Loading data from clique_data.json

Working on n=11, k=32, i=16
Loading data from clique_data.json

Working on n=11, k=33, i=17
Loading data from clique_data.json

Working on n=11, k=34, i=18
Loading data from clique_data.json

Working on n=11, k=35, i=19
Loading data from clique_data.json

Working on n=11, k=36, i=20
Loading data from clique_data.json

Working on n=11, k=37, i=21
Loading data from clique_data.json

Working on n=11, k=38, i=22
Loading data from clique_data.json

Working on n=11, k=39, i=23
Loading data from clique_data.json

Working on n=11, k=40, i=24
Loading data from clique_data.json

Working on n=11, k=41, i=25
Loading data from clique_data.json

Working on n=11, k=42, i=26
Loading data from clique_data.json

Working on n=11, k=43, i=27
Loading data from clique_data.json

Working on n=11, k=44, i=28
Loading data from clique_data.json

Working on n=11, k=45, i=29
Loading data from clique_data.json

Working on n=11, k=46, i=30
Loading data from clique_data.json

Working on n=11, k=47, i=31
Loading data from clique_data.json

Working on n=11, k=48, i=32
Loading data from clique_data.json

Working on n=11, k=49, i=33
Loading data from clique_data.json

Working on n=11, k=50, i=34
Loading data from clique_data.json

Working on n=11, k=51, i=35
Loading data from clique_data.json

Working on n=11, k=52, i=36
Loading data from clique_data.json

Working on n=11, k=53, i=37
Loading data from clique_data.json

Working on n=11, k=54, i=38
Loading data from clique_data.json

Working on n=11, k=55, i=39
Loading data from clique_data.json

Working on n=11, k=56, i=40
Loading data from clique_data.json

Working on n=11, k=17, i=00
Loading data from clique_data.json
Lower and upper bounds are equal
Minimum sum: 187
Continuous lower bound achieved.
This is a flower.
Elapsed time: 2.6084892749786377 seconds.

Working on n=11, k=18, i=01
Loading data from clique_data.json
Lower and upper bounds are equal
Minimum sum: 143
Continuous lower bound achieved.
Elapsed time: 2.478952407836914 seconds.

Working on n=11, k=19, i=02
Loading data from clique_data.json

Working on n=11, k=20, i=03
Loading data from clique_data.json

Working on n=11, k=21, i=04
Loading data from clique_data.json

Working on n=11, k=22, i=05
Loading data from clique_data.json

Working on n=11, k=23, i=06
Loading data from clique_data.json

Working on n=11, k=24, i=07
Loading data from clique_data.json

Working on n=11, k=25, i=08
Loading data from clique_data.json

Working on n=11, k=26, i=09
Loading data from clique_data.json

Working on n=11, k=27, i=10
Loading data from clique_data.json

Working on n=11, k=28, i=11
Loading data from clique_data.json

Working on n=11, k=29, i=12
Loading data from clique_data.json

Working on n=11, k=30, i=13
Loading data from clique_data.json

Working on n=11, k=31, i=14
Loading data from clique_data.json

Working on n=11, k=32, i=15
Loading data from clique_data.json

Working on n=11, k=33, i=16
Loading data from clique_data.json

Working on n=11, k=34, i=17
Loading data from clique_data.json

Working on n=11, k=35, i=18
Loading data from clique_data.json

Working on n=11, k=36, i=19
Loading data from clique_data.json

Working on n=11, k=37, i=20
Loading data from clique_data.json

Working on n=11, k=38, i=21
Loading data from clique_data.json

Working on n=11, k=39, i=22
Loading data from clique_data.json

Working on n=11, k=40, i=23
Loading data from clique_data.json

Working on n=11, k=41, i=24
Loading data from clique_data.json

Working on n=11, k=42, i=25
Loading data from clique_data.json

Working on n=11, k=43, i=26
Loading data from clique_data.json

Working on n=11, k=44, i=27
Loading data from clique_data.json

Working on n=11, k=45, i=28
Loading data from clique_data.json

Working on n=11, k=46, i=29
Loading data from clique_data.json

Working on n=11, k=47, i=30
Loading data from clique_data.json

Working on n=11, k=48, i=31
Loading data from clique_data.json

Working on n=11, k=49, i=32
Loading data from clique_data.json

Working on n=11, k=50, i=33
Loading data from clique_data.json

Working on n=11, k=51, i=34
Loading data from clique_data.json

Working on n=11, k=52, i=35
Loading data from clique_data.json

Working on n=11, k=53, i=36
Loading data from clique_data.json

Working on n=11, k=54, i=37
Loading data from clique_data.json

Working on n=11, k=55, i=38
Loading data from clique_data.json

Working on n=11, k=56, i=39
Loading data from clique_data.json

Working on n=11, k=57, i=40
Loading data from clique_data.json

Working on n=11, k=18, i=00
Loading data from clique_data.json
Lower and upper bounds are equal
Minimum sum: 198
Continuous lower bound achieved.
This is a flower.
Elapsed time: 2.5729012489318848 seconds.

Working on n=11, k=19, i=01
Loading data from clique_data.json
Lower and upper bounds are equal
Minimum sum: 154
Continuous lower bound achieved.
Elapsed time: 2.517324686050415 seconds.

Working on n=11, k=20, i=02
Loading data from clique_data.json

Working on n=11, k=21, i=03
Loading data from clique_data.json

Working on n=11, k=22, i=04
Loading data from clique_data.json

Working on n=11, k=23, i=05
Loading data from clique_data.json

Working on n=11, k=24, i=06
Loading data from clique_data.json

Working on n=11, k=25, i=07
Loading data from clique_data.json

Working on n=11, k=26, i=08
Loading data from clique_data.json

Working on n=11, k=27, i=09
Loading data from clique_data.json

Working on n=11, k=28, i=10
Loading data from clique_data.json

Working on n=11, k=29, i=11
Loading data from clique_data.json

Working on n=11, k=30, i=12
Loading data from clique_data.json

Working on n=11, k=31, i=13
Loading data from clique_data.json

Working on n=11, k=32, i=14
Loading data from clique_data.json

Working on n=11, k=33, i=15
Loading data from clique_data.json

Working on n=11, k=34, i=16
Loading data from clique_data.json

Working on n=11, k=35, i=17
Loading data from clique_data.json

Working on n=11, k=36, i=18
Loading data from clique_data.json

Working on n=11, k=37, i=19
Loading data from clique_data.json

Working on n=11, k=38, i=20
Loading data from clique_data.json

Working on n=11, k=39, i=21
Loading data from clique_data.json

Working on n=11, k=40, i=22
Loading data from clique_data.json

Working on n=11, k=41, i=23
Loading data from clique_data.json

Working on n=11, k=42, i=24
Loading data from clique_data.json

Working on n=11, k=43, i=25
Loading data from clique_data.json

Working on n=11, k=44, i=26
Loading data from clique_data.json

Working on n=11, k=45, i=27
Loading data from clique_data.json

Working on n=11, k=46, i=28
Loading data from clique_data.json

Working on n=11, k=47, i=29
Loading data from clique_data.json

Working on n=11, k=48, i=30
Loading data from clique_data.json

Working on n=11, k=49, i=31
Loading data from clique_data.json

Working on n=11, k=50, i=32
Loading data from clique_data.json

Working on n=11, k=51, i=33
Loading data from clique_data.json

Working on n=11, k=52, i=34
Loading data from clique_data.json

Working on n=11, k=53, i=35
Loading data from clique_data.json

Working on n=11, k=54, i=36
Loading data from clique_data.json

Working on n=11, k=55, i=37
Loading data from clique_data.json

Working on n=11, k=56, i=38
Loading data from clique_data.json

Working on n=11, k=57, i=39
Loading data from clique_data.json

Working on n=11, k=58, i=40
Loading data from clique_data.json

Working on n=11, k=19, i=00
Loading data from clique_data.json
Lower and upper bounds are equal
Minimum sum: 209
Continuous lower bound achieved.
This is a flower.
Elapsed time: 2.519068956375122 seconds.

Working on n=11, k=20, i=01
Loading data from clique_data.json
Lower and upper bounds are equal
Minimum sum: 165
Continuous lower bound achieved.
Elapsed time: 2.487976312637329 seconds.

Working on n=11, k=21, i=02
Loading data from clique_data.json

Working on n=11, k=22, i=03
Loading data from clique_data.json

Working on n=11, k=23, i=04
Loading data from clique_data.json

Working on n=11, k=24, i=05
Loading data from clique_data.json

Working on n=11, k=25, i=06
Loading data from clique_data.json

Working on n=11, k=26, i=07
Loading data from clique_data.json

Working on n=11, k=27, i=08
Loading data from clique_data.json

Working on n=11, k=28, i=09
Loading data from clique_data.json

Working on n=11, k=29, i=10
Loading data from clique_data.json

Working on n=11, k=30, i=11
Loading data from clique_data.json

Working on n=11, k=31, i=12
Loading data from clique_data.json

Working on n=11, k=32, i=13
Loading data from clique_data.json

Working on n=11, k=33, i=14
Loading data from clique_data.json

Working on n=11, k=34, i=15
Loading data from clique_data.json

Working on n=11, k=35, i=16
Loading data from clique_data.json

Working on n=11, k=36, i=17
Loading data from clique_data.json

Working on n=11, k=37, i=18
Loading data from clique_data.json

Working on n=11, k=38, i=19
Loading data from clique_data.json

Working on n=11, k=39, i=20
Loading data from clique_data.json

Working on n=11, k=40, i=21
Loading data from clique_data.json

Working on n=11, k=41, i=22
Loading data from clique_data.json

Working on n=11, k=42, i=23
Loading data from clique_data.json

Working on n=11, k=43, i=24
Loading data from clique_data.json

Working on n=11, k=44, i=25
Loading data from clique_data.json

Working on n=11, k=45, i=26
Loading data from clique_data.json

Working on n=11, k=46, i=27
Loading data from clique_data.json

Working on n=11, k=47, i=28
Loading data from clique_data.json

Working on n=11, k=48, i=29
Loading data from clique_data.json

Working on n=11, k=49, i=30
Loading data from clique_data.json

Working on n=11, k=50, i=31
Loading data from clique_data.json

Working on n=11, k=51, i=32
Loading data from clique_data.json

Working on n=11, k=52, i=33
Loading data from clique_data.json

Working on n=11, k=53, i=34
Loading data from clique_data.json

Working on n=11, k=54, i=35
Loading data from clique_data.json

Working on n=11, k=55, i=36
Loading data from clique_data.json

Working on n=11, k=56, i=37
Loading data from clique_data.json

Working on n=11, k=57, i=38
Loading data from clique_data.json

Working on n=11, k=58, i=39
Loading data from clique_data.json

Working on n=11, k=59, i=40
Loading data from clique_data.json

Working on n=11, k=20, i=00
Loading data from clique_data.json
Lower and upper bounds are equal
Minimum sum: 220
Continuous lower bound achieved.
This is a flower.
Elapsed time: 2.530301809310913 seconds.

Working on n=11, k=21, i=01
Loading data from clique_data.json
Lower and upper bounds are equal
Minimum sum: 176
Continuous lower bound achieved.
Elapsed time: 2.546280860900879 seconds.

Working on n=11, k=22, i=02
Loading data from clique_data.json

Working on n=11, k=23, i=03
Loading data from clique_data.json

Working on n=11, k=24, i=04
Loading data from clique_data.json

Working on n=11, k=25, i=05
Loading data from clique_data.json

Working on n=11, k=26, i=06
Loading data from clique_data.json

Working on n=11, k=27, i=07
Loading data from clique_data.json

Working on n=11, k=28, i=08
Loading data from clique_data.json

Working on n=11, k=29, i=09
Loading data from clique_data.json

Working on n=11, k=30, i=10
Loading data from clique_data.json

Working on n=11, k=31, i=11
Loading data from clique_data.json

Working on n=11, k=32, i=12
Loading data from clique_data.json

Working on n=11, k=33, i=13
Loading data from clique_data.json

Working on n=11, k=34, i=14
Loading data from clique_data.json

Working on n=11, k=35, i=15
Loading data from clique_data.json

Working on n=11, k=36, i=16
Loading data from clique_data.json

Working on n=11, k=37, i=17
Loading data from clique_data.json

Working on n=11, k=38, i=18
Loading data from clique_data.json

Working on n=11, k=39, i=19
Loading data from clique_data.json

Working on n=11, k=40, i=20
Loading data from clique_data.json

Working on n=11, k=41, i=21
Loading data from clique_data.json

Working on n=11, k=42, i=22
Loading data from clique_data.json

Working on n=11, k=43, i=23
Loading data from clique_data.json

Working on n=11, k=44, i=24
Loading data from clique_data.json

Working on n=11, k=45, i=25
Loading data from clique_data.json

Working on n=11, k=46, i=26
Loading data from clique_data.json

Working on n=11, k=47, i=27
Loading data from clique_data.json

Working on n=11, k=48, i=28
Loading data from clique_data.json

Working on n=11, k=49, i=29
Loading data from clique_data.json

Working on n=11, k=50, i=30
Loading data from clique_data.json

Working on n=11, k=51, i=31
Loading data from clique_data.json

Working on n=11, k=52, i=32
Loading data from clique_data.json

Working on n=11, k=53, i=33
Loading data from clique_data.json

Working on n=11, k=54, i=34
Loading data from clique_data.json

Working on n=11, k=55, i=35
Loading data from clique_data.json

Working on n=11, k=56, i=36
Loading data from clique_data.json

Working on n=11, k=57, i=37
Loading data from clique_data.json

Working on n=11, k=58, i=38
Loading data from clique_data.json

Working on n=11, k=59, i=39
Loading data from clique_data.json

Working on n=11, k=60, i=40
Loading data from clique_data.json

Working on n=11, k=09, i=08
Loading data from clique_data.json

Working on n=11, k=09, i=08
Loading data from clique_data.json

Working on n=11, k=09, i=08
Loading data from clique_data.json
Minimum sum: 19
This is a flower.
Elapsed time: 1563.9936084747314 seconds.

Working on n=11, k=01, i=01
Loading data from clique_data.json
Already computed.

Working on n=11, k=02, i=02
Loading data from clique_data.json
Already computed.

Working on n=11, k=03, i=03
Loading data from clique_data.json
Already computed.

Working on n=11, k=04, i=04
Loading data from clique_data.json
Already computed.

Working on n=11, k=05, i=05
Loading data from clique_data.json
Already computed.

Working on n=11, k=06, i=06
Loading data from clique_data.json
Already computed.

Working on n=11, k=07, i=07
Loading data from clique_data.json
Already computed.

Working on n=11, k=08, i=08
Loading data from clique_data.json
Already computed.

Working on n=11, k=09, i=09
Loading data from clique_data.json
Already computed.

Working on n=11, k=10, i=10
Loading data from clique_data.json
Already computed.

Working on n=11, k=11, i=11
Loading data from clique_data.json
Already computed.

Working on n=11, k=12, i=12
Loading data from clique_data.json
Already computed.

Working on n=11, k=13, i=13
Loading data from clique_data.json
Already computed.

Working on n=11, k=14, i=14
Loading data from clique_data.json
Already computed.

Working on n=11, k=15, i=15
Loading data from clique_data.json
Already computed.

Working on n=11, k=16, i=16
Loading data from clique_data.json
Already computed.

Working on n=11, k=17, i=17
Loading data from clique_data.json
Already computed.

Working on n=11, k=18, i=18
Loading data from clique_data.json
Already computed.

Working on n=11, k=19, i=19
Loading data from clique_data.json
Already computed.

Working on n=11, k=20, i=20
Loading data from clique_data.json
Already computed.

Working on n=11, k=21, i=21
Loading data from clique_data.json
Already computed.

Working on n=11, k=22, i=22
Loading data from clique_data.json
Already computed.

Working on n=11, k=23, i=23
Loading data from clique_data.json
Already computed.

Working on n=11, k=24, i=24
Loading data from clique_data.json
Already computed.

Working on n=11, k=25, i=25
Loading data from clique_data.json
Already computed.

Working on n=11, k=26, i=26
Loading data from clique_data.json
Already computed.

Working on n=11, k=27, i=27
Loading data from clique_data.json
Already computed.

Working on n=11, k=28, i=28
Loading data from clique_data.json
Already computed.

Working on n=11, k=29, i=29
Loading data from clique_data.json
Already computed.

Working on n=11, k=30, i=30
Loading data from clique_data.json
Already computed.

Working on n=11, k=31, i=31
Loading data from clique_data.json
Already computed.

Working on n=11, k=32, i=32
Loading data from clique_data.json
Already computed.

Working on n=11, k=33, i=33
Loading data from clique_data.json
Already computed.

Working on n=11, k=34, i=34
Loading data from clique_data.json
Already computed.

Working on n=11, k=35, i=35
Loading data from clique_data.json
Already computed.

Working on n=11, k=36, i=36
Loading data from clique_data.json
Already computed.

Working on n=11, k=37, i=37
Loading data from clique_data.json
Already computed.

Working on n=11, k=38, i=38
Loading data from clique_data.json
Already computed.

Working on n=11, k=39, i=39
Loading data from clique_data.json
Already computed.

Working on n=11, k=40, i=40
Loading data from clique_data.json
Already computed.

Working on n=11, k=01, i=00
Loading data from clique_data.json
Already computed.

Working on n=11, k=02, i=01
Loading data from clique_data.json
Already computed.

Working on n=11, k=03, i=02
Loading data from clique_data.json
Already computed.

Working on n=11, k=04, i=03
Loading data from clique_data.json
Already computed.

Working on n=11, k=05, i=04
Loading data from clique_data.json
Already computed.

Working on n=11, k=06, i=05
Loading data from clique_data.json
Already computed.

Working on n=11, k=07, i=06
Loading data from clique_data.json
Already computed.

Working on n=11, k=08, i=07
Loading data from clique_data.json
Already computed.

Working on n=11, k=09, i=08
Loading data from clique_data.json
Already computed.

Working on n=11, k=10, i=09
Loading data from clique_data.json
Lower and upper bounds are equal
Minimum sum: 11
Continuous lower bound achieved.
This is irreducible.
Elapsed time: 2.588557243347168 seconds.

Working on n=11, k=11, i=10
Loading data from clique_data.json
Lower and upper bounds are equal
Minimum sum: 12
Continuous lower bound achieved.
Elapsed time: 2.478529691696167 seconds.

Working on n=11, k=12, i=11
Loading data from clique_data.json
Lower and upper bounds are equal
Minimum sum: 13
Continuous lower bound achieved.
Elapsed time: 2.5043065547943115 seconds.

Working on n=11, k=13, i=12
Loading data from clique_data.json
Lower and upper bounds are equal
Minimum sum: 14
Continuous lower bound achieved.
Elapsed time: 2.490482807159424 seconds.

Working on n=11, k=14, i=13
Loading data from clique_data.json
Lower and upper bounds are equal
Minimum sum: 15
Continuous lower bound achieved.
Elapsed time: 2.594846725463867 seconds.

Working on n=11, k=15, i=14
Loading data from clique_data.json
Lower and upper bounds are equal
Minimum sum: 16
Continuous lower bound achieved.
Elapsed time: 2.5122430324554443 seconds.

Working on n=11, k=16, i=15
Loading data from clique_data.json
Lower and upper bounds are equal
Minimum sum: 17
Continuous lower bound achieved.
Elapsed time: 2.4596059322357178 seconds.

Working on n=11, k=17, i=16
Loading data from clique_data.json
Lower and upper bounds are equal
Minimum sum: 18
Continuous lower bound achieved.
Elapsed time: 2.5527565479278564 seconds.

Working on n=11, k=18, i=17
Loading data from clique_data.json
Lower and upper bounds are equal
Minimum sum: 19
Continuous lower bound achieved.
Elapsed time: 2.8153257369995117 seconds.

Working on n=11, k=19, i=18
Loading data from clique_data.json
Lower and upper bounds are equal
Minimum sum: 20
Continuous lower bound achieved.
Elapsed time: 2.5245487689971924 seconds.

Working on n=11, k=20, i=19
Loading data from clique_data.json
Lower and upper bounds are equal
Minimum sum: 21
Continuous lower bound achieved.
Elapsed time: 2.5436410903930664 seconds.

Working on n=11, k=21, i=20
Loading data from clique_data.json
Lower and upper bounds are equal
Minimum sum: 22
Continuous lower bound achieved.
Elapsed time: 2.5150303840637207 seconds.

Working on n=11, k=22, i=21
Loading data from clique_data.json
Lower and upper bounds are equal
Minimum sum: 23
Continuous lower bound achieved.
Elapsed time: 2.556680679321289 seconds.

Working on n=11, k=23, i=22
Loading data from clique_data.json
Lower and upper bounds are equal
Minimum sum: 24
Continuous lower bound achieved.
Elapsed time: 2.512946605682373 seconds.

Working on n=11, k=24, i=23
Loading data from clique_data.json
Lower and upper bounds are equal
Minimum sum: 25
Continuous lower bound achieved.
Elapsed time: 2.514352798461914 seconds.

Working on n=11, k=25, i=24
Loading data from clique_data.json
Lower and upper bounds are equal
Minimum sum: 26
Continuous lower bound achieved.
Elapsed time: 2.4930715560913086 seconds.

Working on n=11, k=26, i=25
Loading data from clique_data.json
Lower and upper bounds are equal
Minimum sum: 27
Continuous lower bound achieved.
Elapsed time: 2.5438053607940674 seconds.

Working on n=11, k=27, i=26
Loading data from clique_data.json
Lower and upper bounds are equal
Minimum sum: 28
Continuous lower bound achieved.
Elapsed time: 2.4901647567749023 seconds.

Working on n=11, k=28, i=27
Loading data from clique_data.json
Lower and upper bounds are equal
Minimum sum: 29
Continuous lower bound achieved.
Elapsed time: 2.6045544147491455 seconds.

Working on n=11, k=29, i=28
Loading data from clique_data.json
Lower and upper bounds are equal
Minimum sum: 30
Continuous lower bound achieved.
Elapsed time: 2.496774435043335 seconds.

Working on n=11, k=30, i=29
Loading data from clique_data.json
Lower and upper bounds are equal
Minimum sum: 31
Continuous lower bound achieved.
Elapsed time: 2.5111770629882812 seconds.

Working on n=11, k=31, i=30
Loading data from clique_data.json
Lower and upper bounds are equal
Minimum sum: 32
Continuous lower bound achieved.
Elapsed time: 2.4898552894592285 seconds.

Working on n=11, k=32, i=31
Loading data from clique_data.json
Lower and upper bounds are equal
Minimum sum: 33
Continuous lower bound achieved.
Elapsed time: 2.6459805965423584 seconds.

Working on n=11, k=33, i=32
Loading data from clique_data.json
Lower and upper bounds are equal
Minimum sum: 34
Continuous lower bound achieved.
Elapsed time: 2.497934579849243 seconds.

Working on n=11, k=34, i=33
Loading data from clique_data.json
Lower and upper bounds are equal
Minimum sum: 35
Continuous lower bound achieved.
Elapsed time: 2.497180938720703 seconds.

Working on n=11, k=35, i=34
Loading data from clique_data.json
Lower and upper bounds are equal
Minimum sum: 36
Continuous lower bound achieved.
Elapsed time: 2.4980931282043457 seconds.

Working on n=11, k=36, i=35
Loading data from clique_data.json
Lower and upper bounds are equal
Minimum sum: 37
Continuous lower bound achieved.
Elapsed time: 2.5215163230895996 seconds.

Working on n=11, k=37, i=36
Loading data from clique_data.json
Lower and upper bounds are equal
Minimum sum: 38
Continuous lower bound achieved.
Elapsed time: 2.5321362018585205 seconds.

Working on n=11, k=38, i=37
Loading data from clique_data.json
Lower and upper bounds are equal
Minimum sum: 39
Continuous lower bound achieved.
Elapsed time: 2.4786853790283203 seconds.

Working on n=11, k=39, i=38
Loading data from clique_data.json
Lower and upper bounds are equal
Minimum sum: 40
Continuous lower bound achieved.
Elapsed time: 2.4924731254577637 seconds.

Working on n=11, k=40, i=39
Loading data from clique_data.json
Lower and upper bounds are equal
Minimum sum: 41
Continuous lower bound achieved.
Elapsed time: 2.478085994720459 seconds.

Working on n=11, k=41, i=40
Loading data from clique_data.json
Lower and upper bounds are equal
Minimum sum: 42
Continuous lower bound achieved.
Elapsed time: 2.532820701599121 seconds.

Working on n=11, k=02, i=00
Loading data from clique_data.json
Already computed.

Working on n=11, k=03, i=01
Loading data from clique_data.json
Already computed.

Working on n=11, k=04, i=02
Loading data from clique_data.json
Already computed.

Working on n=11, k=05, i=03
Loading data from clique_data.json
Already computed.

Working on n=11, k=06, i=04
Loading data from clique_data.json
Already computed.

Working on n=11, k=07, i=05
Loading data from clique_data.json
Already computed.

Working on n=11, k=08, i=06
Loading data from clique_data.json
Already computed.

Working on n=11, k=09, i=07
Loading data from clique_data.json
Already computed.

Working on n=11, k=10, i=08
Loading data from clique_data.json
Minimum sum: 30
This is a flower.
Elapsed time: 46875.25724029541 seconds.

Working on n=11, k=11, i=09
Loading data from clique_data.json
Lower and upper bounds are equal
Minimum sum: 22
Elapsed time: 2.5398008823394775 seconds.

Working on n=11, k=12, i=10
Loading data from clique_data.json
Lower and upper bounds are equal
Minimum sum: 23
Elapsed time: 2.540377140045166 seconds.

Working on n=11, k=13, i=11
Loading data from clique_data.json
Lower and upper bounds are equal
Minimum sum: 24
Elapsed time: 2.5775930881500244 seconds.

Working on n=11, k=14, i=12
Loading data from clique_data.json
Lower and upper bounds are equal
Minimum sum: 25
Elapsed time: 2.4828028678894043 seconds.

Working on n=11, k=15, i=13
Loading data from clique_data.json
Lower and upper bounds are equal
Minimum sum: 26
Elapsed time: 2.497312068939209 seconds.

Working on n=11, k=16, i=14
Loading data from clique_data.json
Lower and upper bounds are equal
Minimum sum: 27
Elapsed time: 2.531460762023926 seconds.

Working on n=11, k=17, i=15
Loading data from clique_data.json
Lower and upper bounds are equal
Minimum sum: 28
Elapsed time: 2.520273447036743 seconds.

Working on n=11, k=18, i=16
Loading data from clique_data.json
Lower and upper bounds are equal
Minimum sum: 29
Elapsed time: 2.608916759490967 seconds.

Working on n=11, k=19, i=17
Loading data from clique_data.json
Lower and upper bounds are equal
Minimum sum: 30
Elapsed time: 2.5336363315582275 seconds.

Working on n=11, k=20, i=18
Loading data from clique_data.json
Lower and upper bounds are equal
Minimum sum: 22
Continuous lower bound achieved.
Elapsed time: 2.5885844230651855 seconds.

Working on n=11, k=21, i=19
Loading data from clique_data.json
Lower and upper bounds are equal
Minimum sum: 23
Continuous lower bound achieved.
Elapsed time: 2.487989902496338 seconds.

Working on n=11, k=22, i=20
Loading data from clique_data.json
Lower and upper bounds are equal
Minimum sum: 24
Continuous lower bound achieved.
Elapsed time: 2.659789800643921 seconds.

Working on n=11, k=23, i=21
Loading data from clique_data.json
Lower and upper bounds are equal
Minimum sum: 25
Continuous lower bound achieved.
Elapsed time: 2.479637622833252 seconds.

Working on n=11, k=24, i=22
Loading data from clique_data.json
Lower and upper bounds are equal
Minimum sum: 26
Continuous lower bound achieved.
Elapsed time: 2.540412187576294 seconds.

Working on n=11, k=25, i=23
Loading data from clique_data.json
Lower and upper bounds are equal
Minimum sum: 27
Continuous lower bound achieved.
Elapsed time: 2.5338516235351562 seconds.

Working on n=11, k=26, i=24
Loading data from clique_data.json
Lower and upper bounds are equal
Minimum sum: 28
Continuous lower bound achieved.
Elapsed time: 2.526609420776367 seconds.

Working on n=11, k=27, i=25
Loading data from clique_data.json
Lower and upper bounds are equal
Minimum sum: 29
Continuous lower bound achieved.
Elapsed time: 2.536606550216675 seconds.

Working on n=11, k=28, i=26
Loading data from clique_data.json
Lower and upper bounds are equal
Minimum sum: 30
Continuous lower bound achieved.
Elapsed time: 2.4749748706817627 seconds.

Working on n=11, k=29, i=27
Loading data from clique_data.json
Lower and upper bounds are equal
Minimum sum: 31
Continuous lower bound achieved.
Elapsed time: 2.504828929901123 seconds.

Working on n=11, k=30, i=28
Loading data from clique_data.json
Lower and upper bounds are equal
Minimum sum: 32
Continuous lower bound achieved.
Elapsed time: 2.4860758781433105 seconds.

Working on n=11, k=31, i=29
Loading data from clique_data.json
Lower and upper bounds are equal
Minimum sum: 33
Continuous lower bound achieved.
Elapsed time: 2.479182481765747 seconds.

Working on n=11, k=32, i=30
Loading data from clique_data.json
Lower and upper bounds are equal
Minimum sum: 34
Continuous lower bound achieved.
Elapsed time: 2.4680662155151367 seconds.

Working on n=11, k=33, i=31
Loading data from clique_data.json
Lower and upper bounds are equal
Minimum sum: 35
Continuous lower bound achieved.
Elapsed time: 2.5120465755462646 seconds.

Working on n=11, k=34, i=32
Loading data from clique_data.json
Lower and upper bounds are equal
Minimum sum: 36
Continuous lower bound achieved.
Elapsed time: 2.506045341491699 seconds.

Working on n=11, k=35, i=33
Loading data from clique_data.json
Lower and upper bounds are equal
Minimum sum: 37
Continuous lower bound achieved.
Elapsed time: 2.55301833152771 seconds.

Working on n=11, k=36, i=34
Loading data from clique_data.json
Lower and upper bounds are equal
Minimum sum: 38
Continuous lower bound achieved.
Elapsed time: 2.5477495193481445 seconds.

Working on n=11, k=37, i=35
Loading data from clique_data.json
Lower and upper bounds are equal
Minimum sum: 39
Continuous lower bound achieved.
Elapsed time: 2.5282912254333496 seconds.

Working on n=11, k=38, i=36
Loading data from clique_data.json
Lower and upper bounds are equal
Minimum sum: 40
Continuous lower bound achieved.
Elapsed time: 2.500699996948242 seconds.

Working on n=11, k=39, i=37
Loading data from clique_data.json
Lower and upper bounds are equal
Minimum sum: 41
Continuous lower bound achieved.
Elapsed time: 2.548466682434082 seconds.

Working on n=11, k=40, i=38
Loading data from clique_data.json
Lower and upper bounds are equal
Minimum sum: 42
Continuous lower bound achieved.
Elapsed time: 2.650099992752075 seconds.

Working on n=11, k=41, i=39
Loading data from clique_data.json
Lower and upper bounds are equal
Minimum sum: 43
Continuous lower bound achieved.
Elapsed time: 2.6831161975860596 seconds.

Working on n=11, k=42, i=40
Loading data from clique_data.json
Lower and upper bounds are equal
Minimum sum: 44
Continuous lower bound achieved.
Elapsed time: 2.4876012802124023 seconds.

Working on n=11, k=03, i=00
Loading data from clique_data.json
Already computed.

Working on n=11, k=04, i=01
Loading data from clique_data.json
Already computed.

Working on n=11, k=05, i=02
Loading data from clique_data.json
Already computed.

Working on n=11, k=06, i=03
Loading data from clique_data.json
Already computed.

Working on n=11, k=07, i=04
Loading data from clique_data.json
Already computed.

Working on n=11, k=08, i=05
Loading data from clique_data.json
Already computed.

Working on n=11, k=09, i=06
Loading data from clique_data.json
Already computed.

Working on n=11, k=10, i=07
Loading data from clique_data.json
Already computed.

Working on n=11, k=11, i=08
Loading data from clique_data.json
Lower and upper bounds are equal
Minimum sum: 15
Continuous lower bound achieved.
Elapsed time: 2.525402545928955 seconds.

Working on n=11, k=12, i=09
Loading data from clique_data.json
Lower and upper bounds are equal
Minimum sum: 16
Continuous lower bound achieved.
Elapsed time: 2.476365327835083 seconds.

Working on n=11, k=13, i=10
Loading data from clique_data.json
Lower and upper bounds are equal
Minimum sum: 17
Continuous lower bound achieved.
Elapsed time: 2.5688397884368896 seconds.

Working on n=11, k=14, i=11
Loading data from clique_data.json
Lower and upper bounds are equal
Minimum sum: 18
Continuous lower bound achieved.
Elapsed time: 2.5279319286346436 seconds.

Working on n=11, k=15, i=12
Loading data from clique_data.json
Lower and upper bounds are equal
Minimum sum: 19
Continuous lower bound achieved.
Elapsed time: 2.515611171722412 seconds.

Working on n=11, k=16, i=13
Loading data from clique_data.json
Lower and upper bounds are equal
Minimum sum: 20
Continuous lower bound achieved.
Elapsed time: 2.4896080493927 seconds.

Working on n=11, k=17, i=14
Loading data from clique_data.json
Lower and upper bounds are equal
Minimum sum: 21
Continuous lower bound achieved.
Elapsed time: 2.504519462585449 seconds.

Working on n=11, k=18, i=15
Loading data from clique_data.json
Lower and upper bounds are equal
Minimum sum: 22
Continuous lower bound achieved.
Elapsed time: 2.5015575885772705 seconds.

Working on n=11, k=19, i=16
Loading data from clique_data.json
Lower and upper bounds are equal
Minimum sum: 23
Continuous lower bound achieved.
Elapsed time: 2.481501817703247 seconds.

Working on n=11, k=20, i=17
Loading data from clique_data.json
Lower and upper bounds are equal
Minimum sum: 24
Continuous lower bound achieved.
Elapsed time: 2.4866394996643066 seconds.

Working on n=11, k=21, i=18
Loading data from clique_data.json
Lower and upper bounds are equal
Minimum sum: 25
Continuous lower bound achieved.
Elapsed time: 2.482806921005249 seconds.

Working on n=11, k=22, i=19
Loading data from clique_data.json
Lower and upper bounds are equal
Minimum sum: 26
Continuous lower bound achieved.
Elapsed time: 2.5122663974761963 seconds.

Working on n=11, k=23, i=20
Loading data from clique_data.json
Lower and upper bounds are equal
Minimum sum: 27
Continuous lower bound achieved.
Elapsed time: 2.508124351501465 seconds.

Working on n=11, k=24, i=21
Loading data from clique_data.json
Lower and upper bounds are equal
Minimum sum: 28
Continuous lower bound achieved.
Elapsed time: 2.562253475189209 seconds.

Working on n=11, k=25, i=22
Loading data from clique_data.json
Lower and upper bounds are equal
Minimum sum: 29
Continuous lower bound achieved.
Elapsed time: 2.481602430343628 seconds.

Working on n=11, k=26, i=23
Loading data from clique_data.json
Lower and upper bounds are equal
Minimum sum: 30
Continuous lower bound achieved.
Elapsed time: 2.6217687129974365 seconds.

Working on n=11, k=27, i=24
Loading data from clique_data.json
Lower and upper bounds are equal
Minimum sum: 31
Continuous lower bound achieved.
Elapsed time: 2.472560405731201 seconds.

Working on n=11, k=28, i=25
Loading data from clique_data.json
Lower and upper bounds are equal
Minimum sum: 32
Continuous lower bound achieved.
Elapsed time: 2.5827248096466064 seconds.

Working on n=11, k=29, i=26
Loading data from clique_data.json
Lower and upper bounds are equal
Minimum sum: 33
Continuous lower bound achieved.
Elapsed time: 2.5135931968688965 seconds.

Working on n=11, k=30, i=27
Loading data from clique_data.json
Lower and upper bounds are equal
Minimum sum: 33
Continuous lower bound achieved.
Elapsed time: 2.4793827533721924 seconds.

Working on n=11, k=31, i=28
Loading data from clique_data.json
Lower and upper bounds are equal
Minimum sum: 34
Continuous lower bound achieved.
Elapsed time: 2.509474039077759 seconds.

Working on n=11, k=32, i=29
Loading data from clique_data.json
Lower and upper bounds are equal
Minimum sum: 35
Continuous lower bound achieved.
Elapsed time: 2.539654016494751 seconds.

Working on n=11, k=33, i=30
Loading data from clique_data.json
Lower and upper bounds are equal
Minimum sum: 36
Continuous lower bound achieved.
Elapsed time: 2.6451873779296875 seconds.

Working on n=11, k=34, i=31
Loading data from clique_data.json
Lower and upper bounds are equal
Minimum sum: 37
Continuous lower bound achieved.
Elapsed time: 2.528294801712036 seconds.

Working on n=11, k=35, i=32
Loading data from clique_data.json
Lower and upper bounds are equal
Minimum sum: 38
Continuous lower bound achieved.
Elapsed time: 2.4493331909179688 seconds.

Working on n=11, k=36, i=33
Loading data from clique_data.json
Lower and upper bounds are equal
Minimum sum: 39
Continuous lower bound achieved.
Elapsed time: 2.5346624851226807 seconds.

Working on n=11, k=37, i=34
Loading data from clique_data.json
Lower and upper bounds are equal
Minimum sum: 40
Continuous lower bound achieved.
Elapsed time: 2.557868480682373 seconds.

Working on n=11, k=38, i=35
Loading data from clique_data.json
Lower and upper bounds are equal
Minimum sum: 41
Continuous lower bound achieved.
Elapsed time: 2.5630273818969727 seconds.

Working on n=11, k=39, i=36
Loading data from clique_data.json
Lower and upper bounds are equal
Minimum sum: 42
Continuous lower bound achieved.
Elapsed time: 2.469341516494751 seconds.

Working on n=11, k=40, i=37
Loading data from clique_data.json
Lower and upper bounds are equal
Minimum sum: 43
Continuous lower bound achieved.
Elapsed time: 2.4727349281311035 seconds.

Working on n=11, k=41, i=38
Loading data from clique_data.json
Lower and upper bounds are equal
Minimum sum: 44
Continuous lower bound achieved.
Elapsed time: 2.6162726879119873 seconds.

Working on n=11, k=42, i=39
Loading data from clique_data.json
Lower and upper bounds are equal
Minimum sum: 45
Continuous lower bound achieved.
Elapsed time: 2.5108747482299805 seconds.

Working on n=11, k=43, i=40
Loading data from clique_data.json
Lower and upper bounds are equal
Minimum sum: 46
Continuous lower bound achieved.
Elapsed time: 2.4807636737823486 seconds.

Working on n=11, k=04, i=00
Loading data from clique_data.json
Already computed.

Working on n=11, k=05, i=01
Loading data from clique_data.json
Already computed.

Working on n=11, k=06, i=02
Loading data from clique_data.json
Already computed.

Working on n=11, k=07, i=03
Loading data from clique_data.json
Already computed.

Working on n=11, k=08, i=04
Loading data from clique_data.json
Already computed.

Working on n=11, k=09, i=05
Loading data from clique_data.json
Already computed.

Working on n=11, k=10, i=06
Loading data from clique_data.json
Already computed.

Working on n=11, k=11, i=07
Loading data from clique_data.json
Already computed.

Working on n=11, k=12, i=08
Loading data from clique_data.json
Lower and upper bounds are equal
Minimum sum: 18
Continuous lower bound achieved.
Elapsed time: 2.5035595893859863 seconds.

Working on n=11, k=13, i=09
Loading data from clique_data.json
Lower and upper bounds are equal
Minimum sum: 19
Continuous lower bound achieved.
Elapsed time: 2.5300984382629395 seconds.

Working on n=11, k=14, i=10
Loading data from clique_data.json
Lower and upper bounds are equal
Minimum sum: 19
Continuous lower bound achieved.
This is irreducible.
Elapsed time: 2.65165376663208 seconds.

Working on n=11, k=15, i=11
Loading data from clique_data.json
Lower and upper bounds are equal
Minimum sum: 20
Continuous lower bound achieved.
Elapsed time: 2.4934136867523193 seconds.

Working on n=11, k=16, i=12
Loading data from clique_data.json
Lower and upper bounds are equal
Minimum sum: 21
Continuous lower bound achieved.
Elapsed time: 2.496134042739868 seconds.

Working on n=11, k=17, i=13
Loading data from clique_data.json
Lower and upper bounds are equal
Minimum sum: 22
Continuous lower bound achieved.
Elapsed time: 2.5027945041656494 seconds.

Working on n=11, k=18, i=14
Loading data from clique_data.json
Lower and upper bounds are equal
Minimum sum: 23
Continuous lower bound achieved.
Elapsed time: 2.5831663608551025 seconds.

Working on n=11, k=19, i=15
Loading data from clique_data.json
Lower and upper bounds are equal
Minimum sum: 24
Continuous lower bound achieved.
Elapsed time: 2.5364363193511963 seconds.

Working on n=11, k=20, i=16
Loading data from clique_data.json
Lower and upper bounds are equal
Minimum sum: 25
Continuous lower bound achieved.
Elapsed time: 2.4845170974731445 seconds.

Working on n=11, k=21, i=17
Loading data from clique_data.json
Lower and upper bounds are equal
Minimum sum: 26
Continuous lower bound achieved.
Elapsed time: 2.5199334621429443 seconds.

Working on n=11, k=22, i=18
Loading data from clique_data.json
Lower and upper bounds are equal
Minimum sum: 27
Continuous lower bound achieved.
Elapsed time: 2.518409490585327 seconds.

Working on n=11, k=23, i=19
Loading data from clique_data.json
Lower and upper bounds are equal
Minimum sum: 28
Continuous lower bound achieved.
Elapsed time: 2.4972496032714844 seconds.

Working on n=11, k=24, i=20
Loading data from clique_data.json
Lower and upper bounds are equal
Minimum sum: 29
Continuous lower bound achieved.
Elapsed time: 2.592909574508667 seconds.

Working on n=11, k=25, i=21
Loading data from clique_data.json
Lower and upper bounds are equal
Minimum sum: 30
Continuous lower bound achieved.
Elapsed time: 2.4780406951904297 seconds.

Working on n=11, k=26, i=22
Loading data from clique_data.json
Lower and upper bounds are equal
Minimum sum: 31
Continuous lower bound achieved.
Elapsed time: 2.4795162677764893 seconds.

Working on n=11, k=27, i=23
Loading data from clique_data.json
Lower and upper bounds are equal
Minimum sum: 32
Continuous lower bound achieved.
Elapsed time: 2.4867336750030518 seconds.

Working on n=11, k=28, i=24
Loading data from clique_data.json
Lower and upper bounds are equal
Minimum sum: 33
Continuous lower bound achieved.
Elapsed time: 2.5123720169067383 seconds.

Working on n=11, k=29, i=25
Loading data from clique_data.json
Lower and upper bounds are equal
Minimum sum: 34
Continuous lower bound achieved.
Elapsed time: 2.4853932857513428 seconds.

Working on n=11, k=30, i=26
Loading data from clique_data.json
Lower and upper bounds are equal
Minimum sum: 35
Continuous lower bound achieved.
Elapsed time: 2.577420234680176 seconds.

Working on n=11, k=31, i=27
Loading data from clique_data.json
Lower and upper bounds are equal
Minimum sum: 36
Continuous lower bound achieved.
Elapsed time: 2.4785842895507812 seconds.

Working on n=11, k=32, i=28
Loading data from clique_data.json
Lower and upper bounds are equal
Minimum sum: 37
Continuous lower bound achieved.
Elapsed time: 2.572509527206421 seconds.

Working on n=11, k=33, i=29
Loading data from clique_data.json
Lower and upper bounds are equal
Minimum sum: 38
Continuous lower bound achieved.
Elapsed time: 2.6289331912994385 seconds.

Working on n=11, k=34, i=30
Loading data from clique_data.json
Lower and upper bounds are equal
Minimum sum: 39
Continuous lower bound achieved.
Elapsed time: 2.5210177898406982 seconds.

Working on n=11, k=35, i=31
Loading data from clique_data.json
Lower and upper bounds are equal
Minimum sum: 40
Continuous lower bound achieved.
Elapsed time: 2.568340539932251 seconds.

Working on n=11, k=36, i=32
Loading data from clique_data.json
Lower and upper bounds are equal
Minimum sum: 41
Continuous lower bound achieved.
Elapsed time: 2.4967920780181885 seconds.

Working on n=11, k=37, i=33
Loading data from clique_data.json
Lower and upper bounds are equal
Minimum sum: 42
Continuous lower bound achieved.
Elapsed time: 2.545562982559204 seconds.

Working on n=11, k=38, i=34
Loading data from clique_data.json
Lower and upper bounds are equal
Minimum sum: 43
Continuous lower bound achieved.
Elapsed time: 2.5043976306915283 seconds.

Working on n=11, k=39, i=35
Loading data from clique_data.json
Lower and upper bounds are equal
Minimum sum: 44
Continuous lower bound achieved.
Elapsed time: 2.607179641723633 seconds.

Working on n=11, k=40, i=36
Loading data from clique_data.json
Lower and upper bounds are equal
Minimum sum: 44
Continuous lower bound achieved.
Elapsed time: 2.5149130821228027 seconds.

Working on n=11, k=41, i=37
Loading data from clique_data.json
Lower and upper bounds are equal
Minimum sum: 45
Continuous lower bound achieved.
Elapsed time: 2.548797845840454 seconds.

Working on n=11, k=42, i=38
Loading data from clique_data.json
Lower and upper bounds are equal
Minimum sum: 46
Continuous lower bound achieved.
Elapsed time: 2.536531925201416 seconds.

Working on n=11, k=43, i=39
Loading data from clique_data.json
Lower and upper bounds are equal
Minimum sum: 47
Continuous lower bound achieved.
Elapsed time: 2.5490598678588867 seconds.

Working on n=11, k=44, i=40
Loading data from clique_data.json
Lower and upper bounds are equal
Minimum sum: 48
Continuous lower bound achieved.
Elapsed time: 2.5203824043273926 seconds.

Working on n=11, k=05, i=00
Loading data from clique_data.json
Already computed.

Working on n=11, k=06, i=01
Loading data from clique_data.json
Already computed.

Working on n=11, k=07, i=02
Loading data from clique_data.json
Minimum sum: 21
Continuous lower bound achieved.
This is irreducible.
Elapsed time: 16542.888043403625 seconds.

Working on n=11, k=08, i=03
Loading data from clique_data.json

Working on n=11, k=01, i=01
Loading data from clique_data.json
Already computed.

Working on n=11, k=02, i=02
Loading data from clique_data.json
Already computed.

Working on n=11, k=03, i=03
Loading data from clique_data.json
Already computed.

Working on n=11, k=04, i=04
Loading data from clique_data.json
Already computed.

Working on n=11, k=05, i=05
Loading data from clique_data.json
Already computed.

Working on n=11, k=06, i=06
Loading data from clique_data.json
Already computed.

Working on n=11, k=07, i=07
Loading data from clique_data.json
Already computed.

Working on n=11, k=08, i=08
Loading data from clique_data.json
Already computed.

Working on n=11, k=09, i=09
Loading data from clique_data.json
Already computed.

Working on n=11, k=10, i=10
Loading data from clique_data.json
Already computed.

Working on n=11, k=11, i=11
Loading data from clique_data.json
Already computed.

Working on n=11, k=12, i=12
Loading data from clique_data.json
Already computed.

Working on n=11, k=13, i=13
Loading data from clique_data.json
Already computed.

Working on n=11, k=14, i=14
Loading data from clique_data.json
Already computed.

Working on n=11, k=15, i=15
Loading data from clique_data.json
Already computed.

Working on n=11, k=16, i=16
Loading data from clique_data.json
Already computed.

Working on n=11, k=17, i=17
Loading data from clique_data.json
Already computed.

Working on n=11, k=18, i=18
Loading data from clique_data.json
Already computed.

Working on n=11, k=19, i=19
Loading data from clique_data.json
Already computed.

Working on n=11, k=20, i=20
Loading data from clique_data.json
Already computed.

Working on n=11, k=21, i=21
Loading data from clique_data.json
Already computed.

Working on n=11, k=22, i=22
Loading data from clique_data.json
Already computed.

Working on n=11, k=23, i=23
Loading data from clique_data.json
Already computed.

Working on n=11, k=24, i=24
Loading data from clique_data.json
Already computed.

Working on n=11, k=25, i=25
Loading data from clique_data.json
Already computed.

Working on n=11, k=26, i=26
Loading data from clique_data.json
Already computed.

Working on n=11, k=27, i=27
Loading data from clique_data.json
Already computed.

Working on n=11, k=28, i=28
Loading data from clique_data.json
Already computed.

Working on n=11, k=29, i=29
Loading data from clique_data.json
Already computed.

Working on n=11, k=30, i=30
Loading data from clique_data.json
Already computed.

Working on n=11, k=31, i=31
Loading data from clique_data.json
Already computed.

Working on n=11, k=32, i=32
Loading data from clique_data.json
Already computed.

Working on n=11, k=33, i=33
Loading data from clique_data.json
Already computed.

Working on n=11, k=34, i=34
Loading data from clique_data.json
Already computed.

Working on n=11, k=35, i=35
Loading data from clique_data.json
Already computed.

Working on n=11, k=36, i=36
Loading data from clique_data.json
Already computed.

Working on n=11, k=37, i=37
Loading data from clique_data.json
Already computed.

Working on n=11, k=38, i=38
Loading data from clique_data.json
Already computed.

Working on n=11, k=39, i=39
Loading data from clique_data.json
Already computed.

Working on n=11, k=40, i=40
Loading data from clique_data.json
Already computed.

Working on n=11, k=01, i=00
Loading data from clique_data.json
Already computed.

Working on n=11, k=02, i=01
Loading data from clique_data.json
Already computed.

Working on n=11, k=03, i=02
Loading data from clique_data.json
Already computed.

Working on n=11, k=04, i=03
Loading data from clique_data.json
Already computed.

Working on n=11, k=05, i=04
Loading data from clique_data.json
Already computed.

Working on n=11, k=06, i=05
Loading data from clique_data.json
Already computed.

Working on n=11, k=07, i=06
Loading data from clique_data.json
Already computed.

Working on n=11, k=08, i=07
Loading data from clique_data.json
Already computed.

Working on n=11, k=09, i=08
Loading data from clique_data.json
Already computed.

Working on n=11, k=10, i=09
Loading data from clique_data.json
Already computed.

Working on n=11, k=11, i=10
Loading data from clique_data.json
Already computed.

Working on n=11, k=12, i=11
Loading data from clique_data.json
Already computed.

Working on n=11, k=13, i=12
Loading data from clique_data.json
Already computed.

Working on n=11, k=14, i=13
Loading data from clique_data.json
Already computed.

Working on n=11, k=15, i=14
Loading data from clique_data.json
Already computed.

Working on n=11, k=16, i=15
Loading data from clique_data.json
Already computed.

Working on n=11, k=17, i=16
Loading data from clique_data.json
Already computed.

Working on n=11, k=18, i=17
Loading data from clique_data.json
Already computed.

Working on n=11, k=19, i=18
Loading data from clique_data.json
Already computed.

Working on n=11, k=20, i=19
Loading data from clique_data.json
Already computed.

Working on n=11, k=21, i=20
Loading data from clique_data.json
Already computed.

Working on n=11, k=22, i=21
Loading data from clique_data.json
Already computed.

Working on n=11, k=23, i=22
Loading data from clique_data.json
Already computed.

Working on n=11, k=24, i=23
Loading data from clique_data.json
Already computed.

Working on n=11, k=25, i=24
Loading data from clique_data.json
Already computed.

Working on n=11, k=26, i=25
Loading data from clique_data.json
Already computed.

Working on n=11, k=27, i=26
Loading data from clique_data.json
Already computed.

Working on n=11, k=28, i=27
Loading data from clique_data.json
Already computed.

Working on n=11, k=29, i=28
Loading data from clique_data.json
Already computed.

Working on n=11, k=30, i=29
Loading data from clique_data.json
Already computed.

Working on n=11, k=31, i=30
Loading data from clique_data.json
Already computed.

Working on n=11, k=32, i=31
Loading data from clique_data.json
Already computed.

Working on n=11, k=33, i=32
Loading data from clique_data.json
Already computed.

Working on n=11, k=34, i=33
Loading data from clique_data.json
Already computed.

Working on n=11, k=35, i=34
Loading data from clique_data.json
Already computed.

Working on n=12, k=01, i=01
Loading data from clique_data.json
Already computed.

Working on n=12, k=02, i=02
Loading data from clique_data.json
Already computed.

Working on n=12, k=03, i=03
Loading data from clique_data.json
Already computed.

Working on n=12, k=04, i=04
Loading data from clique_data.json
Lower and upper bounds are equal
Minimum sum: 4
Continuous lower bound achieved.
This is a flower.
Elapsed time: 5.289751768112183 seconds.

Working on n=12, k=05, i=05
Loading data from clique_data.json
Lower and upper bounds are equal
Minimum sum: 5
Continuous lower bound achieved.
This is a flower.
Elapsed time: 5.293336629867554 seconds.

Working on n=12, k=06, i=06
Loading data from clique_data.json
Lower and upper bounds are equal
Minimum sum: 6
Continuous lower bound achieved.
This is a flower.
Elapsed time: 5.335679531097412 seconds.

Working on n=12, k=07, i=07
Loading data from clique_data.json
Lower and upper bounds are equal
Minimum sum: 7
Continuous lower bound achieved.
This is a flower.
Elapsed time: 5.624452590942383 seconds.

Working on n=12, k=08, i=08
Loading data from clique_data.json
Lower and upper bounds are equal
Minimum sum: 8
Continuous lower bound achieved.
This is a flower.
Elapsed time: 5.325887680053711 seconds.

Working on n=12, k=09, i=09
Loading data from clique_data.json
Lower and upper bounds are equal
Minimum sum: 9
Continuous lower bound achieved.
This is a flower.
Elapsed time: 5.526196718215942 seconds.

Working on n=12, k=10, i=10
Loading data from clique_data.json
Lower and upper bounds are equal
Minimum sum: 10
Continuous lower bound achieved.
This is a flower.
Elapsed time: 5.3031182289123535 seconds.

Working on n=12, k=11, i=11
Loading data from clique_data.json
Lower and upper bounds are equal
Minimum sum: 11
Continuous lower bound achieved.
This is a flower.
Elapsed time: 5.287036418914795 seconds.

Working on n=12, k=12, i=12
Loading data from clique_data.json
Lower and upper bounds are equal
Minimum sum: 12
Continuous lower bound achieved.
This is a flower.
Elapsed time: 5.394269227981567 seconds.

Working on n=12, k=13, i=13
Loading data from clique_data.json
Lower and upper bounds are equal
Minimum sum: 13
Continuous lower bound achieved.
This is a flower.
Elapsed time: 5.394064426422119 seconds.

Working on n=12, k=14, i=14
Loading data from clique_data.json
Lower and upper bounds are equal
Minimum sum: 14
Continuous lower bound achieved.
This is a flower.
Elapsed time: 5.481340408325195 seconds.

Working on n=12, k=15, i=15
Loading data from clique_data.json
Lower and upper bounds are equal
Minimum sum: 15
Continuous lower bound achieved.
This is a flower.
Elapsed time: 5.460853338241577 seconds.

Working on n=12, k=16, i=16
Loading data from clique_data.json
Lower and upper bounds are equal
Minimum sum: 16
Continuous lower bound achieved.
This is a flower.
Elapsed time: 5.415114641189575 seconds.

Working on n=12, k=17, i=17
Loading data from clique_data.json
Lower and upper bounds are equal
Minimum sum: 17
Continuous lower bound achieved.
This is a flower.
Elapsed time: 5.575201988220215 seconds.

Working on n=12, k=18, i=18
Loading data from clique_data.json
Lower and upper bounds are equal
Minimum sum: 18
Continuous lower bound achieved.
This is a flower.
Elapsed time: 5.29995059967041 seconds.

Working on n=12, k=19, i=19
Loading data from clique_data.json
Lower and upper bounds are equal
Minimum sum: 19
Continuous lower bound achieved.
This is a flower.
Elapsed time: 5.372130632400513 seconds.

Working on n=12, k=20, i=20
Loading data from clique_data.json
Lower and upper bounds are equal
Minimum sum: 20
Continuous lower bound achieved.
This is a flower.
Elapsed time: 5.50885009765625 seconds.

Working on n=12, k=21, i=21
Loading data from clique_data.json
Lower and upper bounds are equal
Minimum sum: 21
Continuous lower bound achieved.
This is a flower.
Elapsed time: 5.2590484619140625 seconds.

Working on n=12, k=22, i=22
Loading data from clique_data.json
Lower and upper bounds are equal
Minimum sum: 22
Continuous lower bound achieved.
This is a flower.
Elapsed time: 5.861477851867676 seconds.

Working on n=12, k=23, i=23
Loading data from clique_data.json
Lower and upper bounds are equal
Minimum sum: 23
Continuous lower bound achieved.
This is a flower.
Elapsed time: 5.386760950088501 seconds.

Working on n=12, k=24, i=24
Loading data from clique_data.json
Lower and upper bounds are equal
Minimum sum: 24
Continuous lower bound achieved.
This is a flower.
Elapsed time: 5.313289642333984 seconds.

Working on n=12, k=25, i=25
Loading data from clique_data.json
Lower and upper bounds are equal
Minimum sum: 25
Continuous lower bound achieved.
This is a flower.
Elapsed time: 5.34066367149353 seconds.

Working on n=12, k=26, i=26
Loading data from clique_data.json
Lower and upper bounds are equal
Minimum sum: 26
Continuous lower bound achieved.
This is a flower.
Elapsed time: 5.62710428237915 seconds.

Working on n=12, k=27, i=27
Loading data from clique_data.json
Lower and upper bounds are equal
Minimum sum: 27
Continuous lower bound achieved.
This is a flower.
Elapsed time: 5.611020088195801 seconds.

Working on n=12, k=28, i=28
Loading data from clique_data.json
Lower and upper bounds are equal
Minimum sum: 28
Continuous lower bound achieved.
This is a flower.
Elapsed time: 5.3665452003479 seconds.

Working on n=12, k=29, i=29
Loading data from clique_data.json
Lower and upper bounds are equal
Minimum sum: 29
Continuous lower bound achieved.
This is a flower.
Elapsed time: 5.563110828399658 seconds.

Working on n=12, k=30, i=30
Loading data from clique_data.json
Lower and upper bounds are equal
Minimum sum: 30
Continuous lower bound achieved.
This is a flower.
Elapsed time: 5.294232606887817 seconds.

Working on n=12, k=31, i=31
Loading data from clique_data.json
Lower and upper bounds are equal
Minimum sum: 31
Continuous lower bound achieved.
This is a flower.
Elapsed time: 5.268747568130493 seconds.

Working on n=12, k=32, i=32
Loading data from clique_data.json
Lower and upper bounds are equal
Minimum sum: 32
Continuous lower bound achieved.
This is a flower.
Elapsed time: 5.38601016998291 seconds.

Working on n=12, k=33, i=33
Loading data from clique_data.json
Lower and upper bounds are equal
Minimum sum: 33
Continuous lower bound achieved.
This is a flower.
Elapsed time: 5.286834955215454 seconds.

Working on n=12, k=34, i=34
Loading data from clique_data.json
Lower and upper bounds are equal
Minimum sum: 34
Continuous lower bound achieved.
This is a flower.
Elapsed time: 5.202419757843018 seconds.

Working on n=12, k=35, i=35
Loading data from clique_data.json
Lower and upper bounds are equal
Minimum sum: 35
Continuous lower bound achieved.
This is a flower.
Elapsed time: 5.378046751022339 seconds.

Working on n=12, k=36, i=36
Loading data from clique_data.json
Lower and upper bounds are equal
Minimum sum: 36
Continuous lower bound achieved.
This is a flower.
Elapsed time: 5.324939250946045 seconds.

Working on n=12, k=37, i=37
Loading data from clique_data.json
Lower and upper bounds are equal
Minimum sum: 37
Continuous lower bound achieved.
This is a flower.
Elapsed time: 5.267595291137695 seconds.

Working on n=12, k=38, i=38
Loading data from clique_data.json
Lower and upper bounds are equal
Minimum sum: 38
Continuous lower bound achieved.
This is a flower.
Elapsed time: 5.344897985458374 seconds.

Working on n=12, k=39, i=39
Loading data from clique_data.json
Lower and upper bounds are equal
Minimum sum: 39
Continuous lower bound achieved.
This is a flower.
Elapsed time: 5.387900114059448 seconds.

Working on n=12, k=40, i=40
Loading data from clique_data.json
Lower and upper bounds are equal
Minimum sum: 40
Continuous lower bound achieved.
This is a flower.
Elapsed time: 5.361099481582642 seconds.

Working on n=12, k=01, i=00
Loading data from clique_data.json
Already computed.

Working on n=12, k=02, i=01
Loading data from clique_data.json
Already computed.

Working on n=12, k=03, i=02
Loading data from clique_data.json
Lower and upper bounds are equal
Minimum sum: 14
This is a flower.
Elapsed time: 5.417065620422363 seconds.

Working on n=12, k=04, i=03
Loading data from clique_data.json
Lower and upper bounds are equal
Minimum sum: 15
This is a flower.
Elapsed time: 5.283843755722046 seconds.

Working on n=12, k=05, i=04
Loading data from clique_data.json
Lower and upper bounds are equal
Minimum sum: 16
This is a flower.
Elapsed time: 5.345840930938721 seconds.

Working on n=12, k=06, i=05
Loading data from clique_data.json
Lower and upper bounds are equal
Minimum sum: 17
This is a flower.
Elapsed time: 5.413750410079956 seconds.

Working on n=12, k=07, i=06
Loading data from clique_data.json
Lower and upper bounds are equal
Minimum sum: 18
This is a flower.
Elapsed time: 5.334151744842529 seconds.

Working on n=12, k=08, i=07
Loading data from clique_data.json
Lower and upper bounds are equal
Minimum sum: 19
This is a flower.
Elapsed time: 5.279308080673218 seconds.

Working on n=12, k=09, i=08
Loading data from clique_data.json
Lower and upper bounds are equal
Minimum sum: 20
This is a flower.
Elapsed time: 5.28030252456665 seconds.

Working on n=12, k=10, i=09
Loading data from clique_data.json
Minimum sum: 21
This is a flower.
Elapsed time: 4144.129237413406 seconds.

Working on n=12, k=11, i=10
Loading data from clique_data.json
Lower and upper bounds are equal
Minimum sum: 12
Continuous lower bound achieved.
This is irreducible.
Elapsed time: 5.33453369140625 seconds.

Working on n=12, k=12, i=11
Loading data from clique_data.json
Lower and upper bounds are equal
Minimum sum: 13
Continuous lower bound achieved.
Elapsed time: 5.416078329086304 seconds.

Working on n=12, k=13, i=12
Loading data from clique_data.json
Lower and upper bounds are equal
Minimum sum: 14
Continuous lower bound achieved.
Elapsed time: 5.298069477081299 seconds.

Working on n=12, k=14, i=13
Loading data from clique_data.json
Lower and upper bounds are equal
Minimum sum: 15
Continuous lower bound achieved.
Elapsed time: 5.298319101333618 seconds.

Working on n=12, k=15, i=14
Loading data from clique_data.json
Lower and upper bounds are equal
Minimum sum: 16
Continuous lower bound achieved.
Elapsed time: 5.4023683071136475 seconds.

Working on n=12, k=16, i=15
Loading data from clique_data.json
Lower and upper bounds are equal
Minimum sum: 17
Continuous lower bound achieved.
Elapsed time: 5.213983774185181 seconds.

Working on n=12, k=17, i=16
Loading data from clique_data.json
Lower and upper bounds are equal
Minimum sum: 18
Continuous lower bound achieved.
Elapsed time: 5.328754901885986 seconds.

Working on n=12, k=18, i=17
Loading data from clique_data.json
Lower and upper bounds are equal
Minimum sum: 19
Continuous lower bound achieved.
Elapsed time: 5.353433132171631 seconds.

Working on n=12, k=19, i=18
Loading data from clique_data.json
Lower and upper bounds are equal
Minimum sum: 20
Continuous lower bound achieved.
Elapsed time: 5.36344838142395 seconds.

Working on n=12, k=20, i=19
Loading data from clique_data.json
Lower and upper bounds are equal
Minimum sum: 21
Continuous lower bound achieved.
Elapsed time: 5.275370121002197 seconds.

Working on n=12, k=21, i=20
Loading data from clique_data.json
Lower and upper bounds are equal
Minimum sum: 22
Continuous lower bound achieved.
Elapsed time: 5.422328233718872 seconds.

Working on n=12, k=22, i=21
Loading data from clique_data.json
Lower and upper bounds are equal
Minimum sum: 23
Continuous lower bound achieved.
Elapsed time: 5.319093704223633 seconds.

Working on n=12, k=23, i=22
Loading data from clique_data.json
Lower and upper bounds are equal
Minimum sum: 24
Continuous lower bound achieved.
Elapsed time: 5.360416889190674 seconds.

Working on n=12, k=24, i=23
Loading data from clique_data.json
Lower and upper bounds are equal
Minimum sum: 25
Continuous lower bound achieved.
Elapsed time: 5.547410726547241 seconds.

Working on n=12, k=25, i=24
Loading data from clique_data.json
Lower and upper bounds are equal
Minimum sum: 26
Continuous lower bound achieved.
Elapsed time: 5.391063451766968 seconds.

Working on n=12, k=26, i=25
Loading data from clique_data.json
Lower and upper bounds are equal
Minimum sum: 27
Continuous lower bound achieved.
Elapsed time: 5.224914312362671 seconds.

Working on n=12, k=27, i=26
Loading data from clique_data.json
Lower and upper bounds are equal
Minimum sum: 28
Continuous lower bound achieved.
Elapsed time: 5.461531162261963 seconds.

Working on n=12, k=28, i=27
Loading data from clique_data.json
Lower and upper bounds are equal
Minimum sum: 29
Continuous lower bound achieved.
Elapsed time: 5.717274904251099 seconds.

Working on n=12, k=29, i=28
Loading data from clique_data.json
Lower and upper bounds are equal
Minimum sum: 30
Continuous lower bound achieved.
Elapsed time: 5.3112828731536865 seconds.

Working on n=12, k=30, i=29
Loading data from clique_data.json
Lower and upper bounds are equal
Minimum sum: 31
Continuous lower bound achieved.
Elapsed time: 5.5217485427856445 seconds.

Working on n=12, k=31, i=30
Loading data from clique_data.json
Lower and upper bounds are equal
Minimum sum: 32
Continuous lower bound achieved.
Elapsed time: 5.337766408920288 seconds.

Working on n=12, k=32, i=31
Loading data from clique_data.json
Lower and upper bounds are equal
Minimum sum: 33
Continuous lower bound achieved.
Elapsed time: 5.460008144378662 seconds.

Working on n=12, k=33, i=32
Loading data from clique_data.json
Lower and upper bounds are equal
Minimum sum: 34
Continuous lower bound achieved.
Elapsed time: 5.361769676208496 seconds.

Working on n=12, k=34, i=33
Loading data from clique_data.json
Lower and upper bounds are equal
Minimum sum: 35
Continuous lower bound achieved.
Elapsed time: 5.402590990066528 seconds.

Working on n=12, k=35, i=34
Loading data from clique_data.json
Lower and upper bounds are equal
Minimum sum: 36
Continuous lower bound achieved.
Elapsed time: 5.30467677116394 seconds.

Working on n=12, k=36, i=35
Loading data from clique_data.json
Lower and upper bounds are equal
Minimum sum: 37
Continuous lower bound achieved.
Elapsed time: 5.328517913818359 seconds.

Working on n=12, k=37, i=36
Loading data from clique_data.json
Lower and upper bounds are equal
Minimum sum: 38
Continuous lower bound achieved.
Elapsed time: 5.333101987838745 seconds.

Working on n=12, k=38, i=37
Loading data from clique_data.json
Lower and upper bounds are equal
Minimum sum: 39
Continuous lower bound achieved.
Elapsed time: 5.379748344421387 seconds.

Working on n=12, k=39, i=38
Loading data from clique_data.json
Lower and upper bounds are equal
Minimum sum: 40
Continuous lower bound achieved.
Elapsed time: 5.34972071647644 seconds.

Working on n=12, k=40, i=39
Loading data from clique_data.json
Lower and upper bounds are equal
Minimum sum: 41
Continuous lower bound achieved.
Elapsed time: 5.338891983032227 seconds.

Working on n=12, k=41, i=40
Loading data from clique_data.json
Lower and upper bounds are equal
Minimum sum: 42
Continuous lower bound achieved.
Elapsed time: 5.428526401519775 seconds.

Working on n=12, k=02, i=00
Loading data from clique_data.json
Already computed.

Working on n=12, k=03, i=01
Loading data from clique_data.json
Already computed.

Working on n=12, k=04, i=02
Loading data from clique_data.json
Lower and upper bounds are equal
Minimum sum: 26
This is a flower.
Elapsed time: 5.608280420303345 seconds.

Working on n=12, k=05, i=03
Loading data from clique_data.json
Lower and upper bounds are equal
Minimum sum: 27
This is a flower.
Elapsed time: 5.411258220672607 seconds.

Working on n=12, k=06, i=04
Loading data from clique_data.json
Lower and upper bounds are equal
Minimum sum: 28
This is a flower.
Elapsed time: 5.2927024364471436 seconds.

Working on n=12, k=07, i=05
Loading data from clique_data.json
Lower and upper bounds are equal
Minimum sum: 29
This is a flower.
Elapsed time: 5.49268102645874 seconds.

Working on n=12, k=08, i=06
Loading data from clique_data.json
Lower and upper bounds are equal
Minimum sum: 30
This is a flower.
Elapsed time: 5.368188381195068 seconds.

Working on n=12, k=09, i=07
Loading data from clique_data.json
Lower and upper bounds are equal
Minimum sum: 31
This is a flower.
Elapsed time: 5.477498531341553 seconds.

Working on n=12, k=10, i=08
Loading data from clique_data.json
Lower and upper bounds are equal
Minimum sum: 32
This is a flower.
Elapsed time: 5.365444183349609 seconds.

Working on n=12, k=11, i=09
Loading data from clique_data.json

Working on n=12, k=01, i=01
Loading data from clique_data.json
Already computed.

Working on n=12, k=02, i=02
Loading data from clique_data.json
Already computed.

Working on n=12, k=03, i=03
Loading data from clique_data.json
Already computed.

Working on n=12, k=04, i=04
Loading data from clique_data.json
Already computed.

Working on n=12, k=05, i=05
Loading data from clique_data.json
Already computed.

Working on n=12, k=06, i=06
Loading data from clique_data.json
Already computed.

Working on n=12, k=07, i=07
Loading data from clique_data.json
Already computed.

Working on n=12, k=08, i=08
Loading data from clique_data.json
Already computed.

Working on n=12, k=09, i=09
Loading data from clique_data.json
Already computed.

Working on n=12, k=10, i=10
Loading data from clique_data.json
Already computed.

Working on n=12, k=11, i=11
Loading data from clique_data.json
Already computed.

Working on n=12, k=12, i=12
Loading data from clique_data.json
Already computed.

Working on n=12, k=13, i=13
Loading data from clique_data.json
Already computed.

Working on n=12, k=14, i=14
Loading data from clique_data.json
Already computed.

Working on n=12, k=15, i=15
Loading data from clique_data.json
Already computed.

Working on n=12, k=16, i=16
Loading data from clique_data.json
Already computed.

Working on n=12, k=17, i=17
Loading data from clique_data.json
Already computed.

Working on n=12, k=18, i=18
Loading data from clique_data.json
Already computed.

Working on n=12, k=19, i=19
Loading data from clique_data.json
Already computed.

Working on n=12, k=20, i=20
Loading data from clique_data.json
Already computed.

Working on n=12, k=21, i=21
Loading data from clique_data.json
Already computed.

Working on n=12, k=22, i=22
Loading data from clique_data.json
Already computed.

Working on n=12, k=23, i=23
Loading data from clique_data.json
Already computed.

Working on n=12, k=24, i=24
Loading data from clique_data.json
Already computed.

Working on n=12, k=25, i=25
Loading data from clique_data.json
Already computed.

Working on n=12, k=26, i=26
Loading data from clique_data.json
Already computed.

Working on n=12, k=27, i=27
Loading data from clique_data.json
Already computed.

Working on n=12, k=28, i=28
Loading data from clique_data.json
Already computed.

Working on n=12, k=29, i=29
Loading data from clique_data.json
Already computed.

Working on n=12, k=30, i=30
Loading data from clique_data.json
Already computed.

Working on n=12, k=31, i=31
Loading data from clique_data.json
Already computed.

Working on n=12, k=32, i=32
Loading data from clique_data.json
Already computed.

Working on n=12, k=33, i=33
Loading data from clique_data.json
Already computed.

Working on n=12, k=34, i=34
Loading data from clique_data.json
Already computed.

Working on n=12, k=35, i=35
Loading data from clique_data.json
Already computed.

Working on n=12, k=36, i=36
Loading data from clique_data.json
Already computed.

Working on n=12, k=37, i=37
Loading data from clique_data.json
Already computed.

Working on n=12, k=38, i=38
Loading data from clique_data.json
Already computed.

Working on n=12, k=39, i=39
Loading data from clique_data.json
Already computed.

Working on n=12, k=40, i=40
Loading data from clique_data.json
Already computed.

Working on n=12, k=01, i=00
Loading data from clique_data.json
Already computed.

Working on n=12, k=02, i=01
Loading data from clique_data.json
Already computed.

Working on n=12, k=03, i=02
Loading data from clique_data.json
Already computed.

Working on n=12, k=04, i=03
Loading data from clique_data.json
Already computed.

Working on n=12, k=05, i=04
Loading data from clique_data.json
Already computed.

Working on n=12, k=06, i=05
Loading data from clique_data.json
Already computed.

Working on n=12, k=07, i=06
Loading data from clique_data.json
Already computed.

Working on n=12, k=08, i=07
Loading data from clique_data.json
Already computed.

Working on n=12, k=09, i=08
Loading data from clique_data.json
Already computed.

Working on n=12, k=10, i=09
Loading data from clique_data.json
Already computed.

Working on n=12, k=11, i=10
Loading data from clique_data.json
Already computed.

Working on n=12, k=12, i=11
Loading data from clique_data.json
Already computed.

Working on n=12, k=13, i=12
Loading data from clique_data.json
Already computed.

Working on n=12, k=14, i=13
Loading data from clique_data.json
Already computed.

Working on n=12, k=15, i=14
Loading data from clique_data.json
Already computed.

Working on n=12, k=16, i=15
Loading data from clique_data.json
Already computed.

Working on n=12, k=17, i=16
Loading data from clique_data.json
Already computed.

Working on n=12, k=18, i=17
Loading data from clique_data.json
Already computed.

Working on n=12, k=19, i=18
Loading data from clique_data.json
Already computed.

Working on n=12, k=20, i=19
Loading data from clique_data.json
Already computed.

Working on n=12, k=21, i=20
Loading data from clique_data.json
Already computed.

Working on n=12, k=22, i=21
Loading data from clique_data.json
Already computed.

Working on n=12, k=23, i=22
Loading data from clique_data.json
Already computed.

Working on n=12, k=24, i=23
Loading data from clique_data.json
Already computed.

Working on n=12, k=25, i=24
Loading data from clique_data.json
Already computed.

Working on n=12, k=26, i=25
Loading data from clique_data.json
Already computed.

Working on n=12, k=27, i=26
Loading data from clique_data.json
Already computed.

Working on n=12, k=28, i=27
Loading data from clique_data.json
Already computed.

Working on n=12, k=29, i=28
Loading data from clique_data.json
Already computed.

Working on n=12, k=30, i=29
Loading data from clique_data.json
Already computed.

Working on n=12, k=31, i=30
Loading data from clique_data.json
Already computed.

Working on n=12, k=32, i=31
Loading data from clique_data.json
Already computed.

Working on n=12, k=33, i=32
Loading data from clique_data.json
Already computed.

Working on n=12, k=34, i=33
Loading data from clique_data.json
Already computed.

Working on n=12, k=35, i=34
Loading data from clique_data.json
Already computed.

Working on n=12, k=36, i=35
Loading data from clique_data.json
Already computed.

Working on n=12, k=37, i=36
Loading data from clique_data.json
Already computed.

Working on n=12, k=38, i=37
Loading data from clique_data.json
Already computed.

Working on n=12, k=39, i=38
Loading data from clique_data.json
Already computed.

Working on n=12, k=40, i=39
Loading data from clique_data.json
Already computed.

Working on n=12, k=41, i=40
Loading data from clique_data.json
Already computed.

Working on n=12, k=02, i=00
Loading data from clique_data.json
Already computed.

Working on n=12, k=03, i=01
Loading data from clique_data.json
Already computed.

Working on n=12, k=04, i=02
Loading data from clique_data.json
Already computed.

Working on n=12, k=05, i=03
Loading data from clique_data.json
Already computed.

Working on n=12, k=06, i=04
Loading data from clique_data.json
Already computed.

Working on n=12, k=07, i=05
Loading data from clique_data.json
Already computed.

Working on n=12, k=08, i=06
Loading data from clique_data.json
Already computed.

Working on n=12, k=09, i=07
Loading data from clique_data.json
Already computed.

Working on n=12, k=10, i=08
Loading data from clique_data.json
Already computed.

Working on n=12, k=11, i=09
Loading data from clique_data.json
Minimum sum: 33
This is a flower.
Elapsed time: 690256.2965927124 seconds.

Working on n=12, k=12, i=10
Loading data from clique_data.json
Lower and upper bounds are equal
Minimum sum: 24
Elapsed time: 5.484413385391235 seconds.

Working on n=12, k=13, i=11
Loading data from clique_data.json
Lower and upper bounds are equal
Minimum sum: 25
Elapsed time: 5.301740646362305 seconds.

Working on n=12, k=14, i=12
Loading data from clique_data.json
Lower and upper bounds are equal
Minimum sum: 26
Elapsed time: 5.323885679244995 seconds.

Working on n=12, k=15, i=13
Loading data from clique_data.json
Lower and upper bounds are equal
Minimum sum: 27
Elapsed time: 5.4095399379730225 seconds.

Working on n=12, k=16, i=14
Loading data from clique_data.json
Lower and upper bounds are equal
Minimum sum: 28
Elapsed time: 5.544903039932251 seconds.

Working on n=12, k=17, i=15
Loading data from clique_data.json
Lower and upper bounds are equal
Minimum sum: 29
Elapsed time: 5.439541816711426 seconds.

Working on n=12, k=18, i=16
Loading data from clique_data.json
Lower and upper bounds are equal
Minimum sum: 30
Elapsed time: 5.370599269866943 seconds.

Working on n=12, k=19, i=17
Loading data from clique_data.json
Lower and upper bounds are equal
Minimum sum: 31
Elapsed time: 5.278830051422119 seconds.

Working on n=12, k=20, i=18
Loading data from clique_data.json
Lower and upper bounds are equal
Minimum sum: 32
Elapsed time: 5.268083333969116 seconds.

Working on n=12, k=21, i=19
Loading data from clique_data.json
Lower and upper bounds are equal
Minimum sum: 33
Elapsed time: 5.274780750274658 seconds.

Working on n=12, k=22, i=20
Loading data from clique_data.json
Lower and upper bounds are equal
Minimum sum: 24
Continuous lower bound achieved.
Elapsed time: 5.470129489898682 seconds.

Working on n=12, k=23, i=21
Loading data from clique_data.json
Lower and upper bounds are equal
Minimum sum: 25
Continuous lower bound achieved.
Elapsed time: 5.279283046722412 seconds.

Working on n=12, k=24, i=22
Loading data from clique_data.json
Lower and upper bounds are equal
Minimum sum: 26
Continuous lower bound achieved.
Elapsed time: 5.562273740768433 seconds.

Working on n=12, k=25, i=23
Loading data from clique_data.json
Lower and upper bounds are equal
Minimum sum: 27
Continuous lower bound achieved.
Elapsed time: 5.3604161739349365 seconds.

Working on n=12, k=26, i=24
Loading data from clique_data.json
Lower and upper bounds are equal
Minimum sum: 28
Continuous lower bound achieved.
Elapsed time: 5.606983184814453 seconds.

Working on n=12, k=27, i=25
Loading data from clique_data.json
Lower and upper bounds are equal
Minimum sum: 29
Continuous lower bound achieved.
Elapsed time: 5.305701017379761 seconds.

Working on n=12, k=28, i=26
Loading data from clique_data.json
Lower and upper bounds are equal
Minimum sum: 30
Continuous lower bound achieved.
Elapsed time: 5.363247632980347 seconds.

Working on n=12, k=29, i=27
Loading data from clique_data.json
Lower and upper bounds are equal
Minimum sum: 31
Continuous lower bound achieved.
Elapsed time: 5.260587453842163 seconds.

Working on n=12, k=30, i=28
Loading data from clique_data.json
Lower and upper bounds are equal
Minimum sum: 32
Continuous lower bound achieved.
Elapsed time: 5.476335525512695 seconds.

Working on n=12, k=31, i=29
Loading data from clique_data.json
Lower and upper bounds are equal
Minimum sum: 33
Continuous lower bound achieved.
Elapsed time: 5.460997819900513 seconds.

Working on n=12, k=32, i=30
Loading data from clique_data.json
Lower and upper bounds are equal
Minimum sum: 34
Continuous lower bound achieved.
Elapsed time: 5.450196266174316 seconds.

Working on n=12, k=33, i=31
Loading data from clique_data.json
Lower and upper bounds are equal
Minimum sum: 35
Continuous lower bound achieved.
Elapsed time: 5.603628158569336 seconds.

Working on n=12, k=34, i=32
Loading data from clique_data.json
Lower and upper bounds are equal
Minimum sum: 36
Continuous lower bound achieved.
Elapsed time: 5.533565282821655 seconds.

Working on n=12, k=35, i=33
Loading data from clique_data.json
Lower and upper bounds are equal
Minimum sum: 37
Continuous lower bound achieved.
Elapsed time: 5.282346725463867 seconds.

Working on n=12, k=36, i=34
Loading data from clique_data.json
Lower and upper bounds are equal
Minimum sum: 38
Continuous lower bound achieved.
Elapsed time: 5.388672590255737 seconds.

Working on n=12, k=37, i=35
Loading data from clique_data.json
Lower and upper bounds are equal
Minimum sum: 39
Continuous lower bound achieved.
Elapsed time: 5.40248703956604 seconds.

Working on n=12, k=38, i=36
Loading data from clique_data.json
Lower and upper bounds are equal
Minimum sum: 40
Continuous lower bound achieved.
Elapsed time: 5.2892749309539795 seconds.

Working on n=12, k=39, i=37
Loading data from clique_data.json
Lower and upper bounds are equal
Minimum sum: 41
Continuous lower bound achieved.
Elapsed time: 5.4214324951171875 seconds.

Working on n=12, k=40, i=38
Loading data from clique_data.json
Lower and upper bounds are equal
Minimum sum: 42
Continuous lower bound achieved.
Elapsed time: 5.3587517738342285 seconds.

Working on n=12, k=41, i=39
Loading data from clique_data.json
Lower and upper bounds are equal
Minimum sum: 43
Continuous lower bound achieved.
Elapsed time: 5.58117151260376 seconds.

Working on n=12, k=42, i=40
Loading data from clique_data.json
Lower and upper bounds are equal
Minimum sum: 44
Continuous lower bound achieved.
Elapsed time: 5.488796710968018 seconds.

Working on n=12, k=03, i=00
Loading data from clique_data.json
Already computed.

Working on n=12, k=04, i=01
Loading data from clique_data.json
Lower and upper bounds are equal
Minimum sum: 13
Continuous lower bound achieved.
This is irreducible.
Vector space upper bound achieved.
Elapsed time: 5.176130056381226 seconds.

Working on n=12, k=05, i=02
Loading data from clique_data.json
